[Licensing::Module] Trying to connect to existing licensing client channel...
Built from '6000.3/staging' branch; Version is '6000.3.18f1 (5ebeb53e4c07) revision 6209205'; Using compiler version '194234433'; Build Type 'Release'
[Licensing::IpcConnector] Channel LicenseClient-yue doesn't exist
OS: 'Windows 11  (10.0.22000) Core' Language: 'zh' Physical Memory: 32614 MB
BatchMode: 1, IsHumanControllingUs: 0, StartBugReporterOnCrash: 0, Is64bit: 1
System  architecture: x64
Process architecture: x64
Date: 2026-09-05T04:59:41Z
[Licensing::Module] Successfully launched the LicensingClient (PId: 39484)

COMMAND LINE ARGUMENTS:
D:\Editor\6000.3.18f1\Editor\Unity.exe
-batchmode
-projectPath
C:/Users/yue/.codex/visualizations/2026/06/18/019edb7d-a82a-7601-b667-1e85d8cb52f0/unity-audit-20260905
-executeMethod
ProjectAudit.Run
-logFile
C:/Users/yue/.codex/visualizations/2026/06/18/019edb7d-a82a-7601-b667-1e85d8cb52f0/unity-audit-20260905/Slice02Regression.log
Successfully changed project path to: C:/Users/yue/.codex/visualizations/2026/06/18/019edb7d-a82a-7601-b667-1e85d8cb52f0/unity-audit-20260905
C:/Users/yue/.codex/visualizations/2026/06/18/019edb7d-a82a-7601-b667-1e85d8cb52f0/unity-audit-20260905
[UnityMemory] Configuration Parameters - Can be set up in boot.config
    "memorysetup-temp-allocator-size-nav-mesh-worker=65536"
    "memorysetup-temp-allocator-size-audio-worker=65536"
    "memorysetup-temp-allocator-size-gfx=262144"
    "memorysetup-allocator-temp-initial-block-size-main=262144"
    "memorysetup-allocator-temp-initial-block-size-worker=262144"
    "memorysetup-temp-allocator-size-background-worker=32768"
    "memorysetup-temp-allocator-size-job-worker=262144"
    "memorysetup-temp-allocator-size-preload-manager=33554432"
    "memorysetup-temp-allocator-size-gi-baking-worker=262144"
    "memorysetup-temp-allocator-size-gi-baking-worker=262144"
    "memorysetup-temp-allocator-size-gi-baking-worker=262144"
    "memorysetup-temp-allocator-size-gi-baking-worker=262144"
    "memorysetup-temp-allocator-size-gi-baking-worker=262144"
    "memorysetup-bucket-allocator-granularity=16"
    "memorysetup-bucket-allocator-bucket-count=8"
    "memorysetup-bucket-allocator-block-size=33554432"
    "memorysetup-bucket-allocator-block-count=8"
    "memorysetup-main-allocator-block-size=16777216"
    "memorysetup-thread-allocator-block-size=16777216"
    "memorysetup-gfx-main-allocator-block-size=16777216"
    "memorysetup-gfx-thread-allocator-block-size=16777216"
    "memorysetup-cache-allocator-block-size=4194304"
    "memorysetup-typetree-allocator-block-size=2097152"
    "memorysetup-profiler-bucket-allocator-granularity=16"
    "memorysetup-profiler-bucket-allocator-bucket-count=8"
    "memorysetup-profiler-bucket-allocator-block-size=33554432"
    "memorysetup-profiler-bucket-allocator-block-count=8"
    "memorysetup-profiler-allocator-block-size=16777216"
    "memorysetup-profiler-editor-allocator-block-size=1048576"
    "memorysetup-temp-allocator-size-main=16777216"
    "memorysetup-job-temp-allocator-block-size=2097152"
    "memorysetup-job-temp-allocator-block-size-background=1048576"
    "memorysetup-job-temp-allocator-reduction-small-platforms=262144"
    "memorysetup-temp-allocator-size-cloud-worker=32768"
Player connection [33092]  Target information:

Player connection [33092]  * "[IP] 192.168.5.218 [Port] 55504 [Flags] 2 [Guid] 3849566968 [EditorId] 3849566968 [Version] 1048832 [Id] WindowsEditor(7,Marco) [Debug] 1 [PackageName] WindowsEditor [ProjectName] Editor" 

Player connection [33092]  * "[IP] 172.22.128.1 [Port] 55504 [Flags] 2 [Guid] 3849566968 [EditorId] 3849566968 [Version] 1048832 [Id] WindowsEditor(7,Marco) [Debug] 1 [PackageName] WindowsEditor [ProjectName] Editor" 

Player connection [33092]  * "[IP] 2.0.0.1 [Port] 55504 [Flags] 2 [Guid] 3849566968 [EditorId] 3849566968 [Version] 1048832 [Id] WindowsEditor(7,Marco) [Debug] 1 [PackageName] WindowsEditor [ProjectName] Editor" 

Player connection [33092] Host joined multi-casting on [225.0.0.222:54997]...
Player connection [33092] Host joined alternative multi-casting on [225.0.0.222:34997]...
Input System module state changed to: Initialized.
[Physics::Module] Initialized fallback backend.
[Physics::Module] Id: 0xdecafbad
[Licensing::IpcConnector] Successfully connected to: "LicenseClient-yue" at "2026-09-05T04:59:41.4117905Z"
[Package Manager] Connected to IPC stream "Upm-38928" after 0.2 seconds.
[Licensing::Module] Licensing is not yet initialized.
[Licensing::Client] Code 10 while verifying Licensing Client signature (process Id: 39484, path: "D:/Editor/6000.3.18f1/Editor/Data/Resources/Licensing/Client/Unity.Licensing.Client.exe")
[Licensing::Module] LicensingClient has failed validation; ignoring
[Licensing::Client] Handshaking with LicensingClient:
  Version:                 1.18.1+9fbee8e
  Session Id:              0726ea73f2eb4f9eb5f663071119930e
  Correlation Id:          4f8ad563202289253f6dcd5be49bf1b0
  External correlation Id: 8294442145915454033
  Machine Id:              XSqKgGWCHqq/Baz2PtSnIVh4W6c=
[Licensing::Module] Successfully connected to LicensingClient on channel: "LicenseClient-yue" (connect: 0.25s, validation: 0.16s, handshake: 0.07s)
[Licensing::IpcConnector] Successfully connected to: "LicenseClient-yue-notifications" at "2026-09-05T04:59:41.6414177Z"
[Licensing::Module] Connected to LicensingClient (PId: 39484, launch time: 0.00, total connection time: 0.48s)
[Licensing::Module] Error: Access token is unavailable; failed to update
[Licensing::Client] Successfully resolved entitlement details
[Licensing::Module] License group:
  Id: 18968449435854-UnityPersXXXX
  Product: Unity Personal
  Type: Assigned
  Expiration: Unlimited
[Licensing::Client] Successfully updated license, isAsync: True, time: 0.01
[Licensing::Client] Successfully resolved entitlement details
[Licensing::Module] Licensing Background thread has ended after 0.50s
[Licensing::Module] Licensing is initialized (took 0.20s).
[Licensing::Client] Successfully resolved entitlement details
Library Redirect Path: Library/
[Physics::Module] Selected backend.
[Physics::Module] Name: PhysX
[Physics::Module] Id: 0xf2b8ea05
[Physics::Module] SDK Version: 4.1.2
[Physics::Module] Integration Version: 1.0.0
[Physics::Module] Threading Mode: Multi-Threaded
Refreshing native plugins compatible for Editor in 0.00 ms, found 0 plugins.
Preloading 0 native plugins for Editor in 0.00 ms.
Initialize engine version: 6000.3.18f1 (5ebeb53e4c07)
[Subsystems] Discovering subsystems at path D:/Editor/6000.3.18f1/Editor/Data/Resources/UnitySubsystems
[Subsystems] Discovering subsystems at path C:/Users/yue/.codex/visualizations/2026/06/18/019edb7d-a82a-7601-b667-1e85d8cb52f0/unity-audit-20260905/Assets
GfxDevice: creating device client; kGfxThreadingModeNonThreaded
d3d12: failed to query info queue interface (0x80004002).
Direct3D:
    Version:         Direct3D 12 [level 12.2]
    Renderer:        NVIDIA GeForce RTX 4070 Ti (ID=0x2782)
    Vendor:          NVIDIA
    VRAM:            11994 MB
    App VRAM Budget: 11226 MB
    Driver:          32.0.15.9649
Initialize mono
Mono path[0] = 'D:/Editor/6000.3.18f1/Editor/Data/Managed'
Mono path[1] = 'D:/Editor/6000.3.18f1/Editor/Data/MonoBleedingEdge/lib/mono/unityjit-win32'
Mono config path = 'D:/Editor/6000.3.18f1/Editor/Data/MonoBleedingEdge/etc'
Using monoOptions --debugger-agent=transport=dt_socket,embedding=1,server=y,suspend=n,address=127.0.0.1:56928
Using cacheserver namespaces - metadata:defaultmetadata, artifacts:defaultartifacts
Using cacheserver namespaces - metadata:defaultmetadata, artifacts:defaultartifacts
ImportWorker Server TCP listen port: 0
AcceleratorClientConnectionCallback - disconnected - :0
Begin MonoManager ReloadAssembly
Registering precompiled unity dll's ...
Register platform support module: D:/Editor/6000.3.18f1/Editor/Data/PlaybackEngines/WindowsStandaloneSupport/UnityEditor.WindowsStandalone.Extensions.dll
Registered in 0.001618 seconds.
- Loaded All Assemblies, in  0.302 seconds
Native extension for WindowsStandalone target not found
Package Manager log level set to [2]
ScheduleIndexationOnStartup MainProcess:False IndexOnStartup:False
Mono: successfully reloaded assembly
- Finished resetting the current domain, in  0.246 seconds
Domain Reload Profiling: 549ms
	BeginReloadAssembly (130ms)
		ExecutionOrderSort (0ms)
		DisableScriptedObjects (0ms)
		BackupInstance (0ms)
		ReleaseScriptingObjects (0ms)
		CreateAndSetChildDomain (33ms)
	RebuildCommonClasses (26ms)
	RebuildNativeTypeToScriptingClass (8ms)
	initialDomainReloadingComplete (27ms)
	LoadAllAssembliesAndSetupDomain (111ms)
		LoadAssemblies (97ms)
		RebuildTransferFunctionScriptingTraits (0ms)
		AnalyzeDomain (108ms)
			TypeCache.Refresh (107ms)
				TypeCache.ScanAssembly (98ms)
			BuildScriptInfoCaches (0ms)
			ResolveRequiredComponents (0ms)
	FinalizeReload (247ms)
		ReleaseScriptCaches (0ms)
		RebuildScriptCaches (0ms)
		SetupLoadedEditorAssemblies (224ms)
			LogAssemblyErrors (0ms)
			InitializePlatformSupportModulesInManaged (30ms)
			SetLoadedEditorAssemblies (3ms)
			BeforeProcessingInitializeOnLoad (50ms)
			ProcessInitializeOnLoadAttributes (87ms)
			ProcessInitializeOnLoadMethodAttributes (55ms)
			AfterProcessingInitializeOnLoad (0ms)
			EditorAssembliesLoaded (0ms)
		ExecutionOrderSort2 (0ms)
		AwakeInstancesAfterBackupRestoration (0ms)
[Licensing::Client] Successfully resolved entitlement details
Application.AssetDatabase Initial Refresh Start
[Package Manager] Restoring resolved packages state from cache
[Licensing::Client] Successfully resolved entitlement details
[Package Manager] Registered 7 packages:
  Built-in packages:
    com.unity.ugui@2.0.0 (location: C:\Users\yue\.codex\visualizations\2026\06\18\019edb7d-a82a-7601-b667-1e85d8cb52f0\unity-audit-20260905\Library\PackageCache\com.unity.ugui@2e4da8434a5c)
    com.unity.modules.ai@1.0.0 (location: C:\Users\yue\.codex\visualizations\2026\06\18\019edb7d-a82a-7601-b667-1e85d8cb52f0\unity-audit-20260905\Library\PackageCache\com.unity.modules.ai)
    com.unity.modules.particlesystem@1.0.0 (location: C:\Users\yue\.codex\visualizations\2026\06\18\019edb7d-a82a-7601-b667-1e85d8cb52f0\unity-audit-20260905\Library\PackageCache\com.unity.modules.particlesystem)
    com.unity.modules.audio@1.0.0 (location: C:\Users\yue\.codex\visualizations\2026\06\18\019edb7d-a82a-7601-b667-1e85d8cb52f0\unity-audit-20260905\Library\PackageCache\com.unity.modules.audio)
    com.unity.modules.physics@1.0.0 (location: C:\Users\yue\.codex\visualizations\2026\06\18\019edb7d-a82a-7601-b667-1e85d8cb52f0\unity-audit-20260905\Library\PackageCache\com.unity.modules.physics)
    com.unity.modules.ui@1.0.0 (location: C:\Users\yue\.codex\visualizations\2026\06\18\019edb7d-a82a-7601-b667-1e85d8cb52f0\unity-audit-20260905\Library\PackageCache\com.unity.modules.ui)
    com.unity.modules.imgui@1.0.0 (location: C:\Users\yue\.codex\visualizations\2026\06\18\019edb7d-a82a-7601-b667-1e85d8cb52f0\unity-audit-20260905\Library\PackageCache\com.unity.modules.imgui)
[Subsystems] No new subsystems found in resolved package list.
[Package Manager] Done registering packages in 0.00 seconds
[ScriptCompilation] Requested script compilation because: Assetdatabase observed changes in script compilation related files
Starting: D:\Editor\6000.3.18f1\Editor\Data\Tools\BuildPipeline\bee_backend.exe --ipc --defer-dag-verification --dagfile="Library/Bee/1900b0aE.dag" --continue-on-failure --profile="Library/Bee/backend1.traceevents" ScriptAssemblies
WorkingDir: C:/Users/yue/.codex/visualizations/2026/06/18/019edb7d-a82a-7601-b667-1e85d8cb52f0/unity-audit-20260905
DisplayProgressbar: Compiling Scripts
ExitCode: 0 Duration: 0s462ms
[203/209    0s] Csc Library/Bee/artifacts/1900b0aE.dag/Assembly-CSharp.dll (+2 others)
[204/209    0s] CopyFiles Library/ScriptAssemblies/Assembly-CSharp.pdb
[205/209    0s] CopyFiles Library/ScriptAssemblies/Assembly-CSharp.dll
[206/209    0s] Csc Library/Bee/artifacts/1900b0aE.dag/Assembly-CSharp-Editor.dll (+2 others)
[207/209    0s] CopyFiles Library/ScriptAssemblies/Assembly-CSharp-Editor.pdb
[208/209    0s] CopyFiles Library/ScriptAssemblies/Assembly-CSharp-Editor.dll
*** Tundra build success (0.44 seconds), 6 items updated, 209 evaluated
AssetDatabase: script compilation time: 0.730429s
Begin MonoManager ReloadAssembly
- Loaded All Assemblies, in  0.501 seconds
Refreshing native plugins compatible for Editor in 0.00 ms, found 0 plugins.
Native extension for WindowsStandalone target not found
ScheduleIndexationOnStartup MainProcess:True IndexOnStartup:True
Mono: successfully reloaded assembly
- Finished resetting the current domain, in  0.267 seconds
Domain Reload Profiling: 768ms
	BeginReloadAssembly (252ms)
		ExecutionOrderSort (0ms)
		DisableScriptedObjects (17ms)
		BackupInstance (0ms)
		ReleaseScriptingObjects (0ms)
		CreateAndSetChildDomain (133ms)
	RebuildCommonClasses (23ms)
	RebuildNativeTypeToScriptingClass (8ms)
	initialDomainReloadingComplete (10ms)
	LoadAllAssembliesAndSetupDomain (207ms)
		LoadAssemblies (272ms)
		RebuildTransferFunctionScriptingTraits (0ms)
		AnalyzeDomain (11ms)
			TypeCache.Refresh (6ms)
				TypeCache.ScanAssembly (3ms)
			BuildScriptInfoCaches (2ms)
			ResolveRequiredComponents (1ms)
	FinalizeReload (267ms)
		ReleaseScriptCaches (0ms)
		RebuildScriptCaches (0ms)
		SetupLoadedEditorAssemblies (176ms)
			LogAssemblyErrors (0ms)
			InitializePlatformSupportModulesInManaged (15ms)
			SetLoadedEditorAssemblies (4ms)
			BeforeProcessingInitializeOnLoad (68ms)
			ProcessInitializeOnLoadAttributes (66ms)
			ProcessInitializeOnLoadMethodAttributes (21ms)
			AfterProcessingInitializeOnLoad (2ms)
			EditorAssembliesLoaded (0ms)
		ExecutionOrderSort2 (0ms)
		AwakeInstancesAfterBackupRestoration (22ms)
Refreshing native plugins compatible for Editor in 0.00 ms, found 0 plugins.
Preloading 0 native plugins for Editor in 0.00 ms.
Asset Pipeline Refresh (id=78a350c52078ca949a9e45d852d94666): Total: 1.646 seconds - Initiated by InitialRefreshV2(ForceSynchronousImport)
	Summary:
		Imports: total=0 (actual=0, local cache=0, cache server=0)
		Asset DB Process Time: managed=0 ms, native=363 ms
		Asset DB Callback time: managed=34 ms, native=7 ms
		Scripting: domain reloads=1, domain reload time=501 ms, compile time=732 ms, other=6 ms
		Project Asset Count: scripts=142, non-scripts=146
		Asset File Changes: new=0, changed=2, moved=0, deleted=0
		Scan Filter Count: 0
	InvokeCustomDependenciesCallbacks: 0.001ms
	InvokePackagesCallback: 8.126ms
	ApplyChangesToAssetFolders: 0.463ms
	Scan: 33.817ms
	OnSourceAssetsModified: 0.550ms
	CategorizeAssetsWithTransientArtifact: 0.796ms
	ProcessAssetsWithTransientArtifactChanges: 3.999ms
	CategorizeAssets: 1.009ms
	ImportOutOfDateAssets: 267.868ms (-463.883ms without children)
		CompileScripts: 731.542ms
		ReloadNativeAssets: 0.000ms
		UnloadImportedAssets: 0.065ms
		EnsureUptoDateAssetsAreRegisteredWithGuidPM: 0.026ms
		InitializingProgressBar: 0.001ms
		PostProcessAllAssetNotificationsAddChangedAssets: 0.000ms
		OnDemandSchedulerStart: 0.117ms
	PostProcessAllAssets: 35.101ms
	Hotreload: 1.570ms
	GatherAllCurrentPrimaryArtifactRevisions: 0.001ms
	UnloadStreamsBegin: 0.875ms
	PersistCurrentRevisions: 0.007ms
	UnloadStreamsEnd: 0.001ms
	GenerateScriptTypeHashes: 0.079ms
	Untracked: 1291.478ms

Application.AssetDatabase Initial Refresh End
Launched and connected shader compiler UnityShaderCompiler.exe after 0.01 seconds
Scanning for USB devices : 3.360ms
Initializing Unity extensions:
[MODES] ModeService[none].Initialize
[MODES] ModeService[none].LoadModes
[MODES] Loading mode Default (0) for mode-current-id-MECH ROUGE
Unloading 3 Unused Serialized files (Serialized files now loaded: 0)
Unloading 424 unused Assets / (0.6 MB). Loaded Objects now: 1054.
Memory consumption went from 95.1 MB to 94.6 MB.
Total: 2.933200 ms (FindLiveObjects: 0.047100 ms CreateObjectMapping: 0.011900 ms MarkObjects: 2.691700 ms  DeleteObjects: 0.181900 ms)

Opening scene 'Assets/Scenes/Demo_Main.unity'
Unloading 14 Unused Serialized files (Serialized files now loaded: 0)
Loaded scene 'Assets/Scenes/Demo_Main.unity'
	Deserialize:            20.357 ms
	Integration:            70.198 ms
	Integration of assets:  0.841 ms
	Thread Wait Time:       0.592 ms
	Total Operation Time:   91.988 ms
Unloading 1 unused Assets / (0.5 KB). Loaded Objects now: 3549.
Memory consumption went from 104.0 MB to 104.0 MB.
Total: 2.637200 ms (FindLiveObjects: 0.099300 ms CreateObjectMapping: 0.017000 ms MarkObjects: 2.510900 ms  DeleteObjects: 0.009700 ms)

AUDIT_INVENTORY: 107 entries; broken=0
UnityEngine.Debug:ExtractStackTraceNoAlloc (byte*,int,string)
UnityEngine.StackTraceUtility:ExtractStackTrace ()
UnityEngine.DebugLogHandler:Internal_Log (UnityEngine.LogType,UnityEngine.LogOption,string,UnityEngine.Object)
UnityEngine.DebugLogHandler:LogFormat (UnityEngine.LogType,UnityEngine.Object,string,object[])
UnityEngine.Logger:Log (UnityEngine.LogType,object)
UnityEngine.Debug:Log (object)
ProjectAudit:Inventory () (at Assets/Editor/ProjectAudit.cs:780)
ProjectAudit:Run () (at Assets/Editor/ProjectAudit.cs:56)

(Filename: Assets/Editor/ProjectAudit.cs Line: 780)

Opening scene 'Assets/Scenes/Demo_Main.unity'
Unloading 52 Unused Serialized files (Serialized files now loaded: 0)
Loaded scene 'Assets/Scenes/Demo_Main.unity'
	Deserialize:            12.791 ms
	Integration:            3.368 ms
	Integration of assets:  0.002 ms
	Thread Wait Time:       0.007 ms
	Total Operation Time:   16.168 ms
Unloading 643 unused Assets / (63.8 KB). Loaded Objects now: 3596.
Memory consumption went from 103.7 MB to 103.6 MB.
Total: 2.820000 ms (FindLiveObjects: 0.092200 ms CreateObjectMapping: 0.026600 ms MarkObjects: 2.542500 ms  DeleteObjects: 0.158400 ms)

[Project] Loading completed in 3.672 seconds
	Project init time: 				3.171 seconds
		Template init time: 		0.000 seconds
		Package Manager init time: 		0.382 seconds
		Asset Database init time: 		0.161 seconds
		Global illumination init time: 	0.002 seconds
		Assemblies load time: 			0.559 seconds
		Unity extensions init time: 	0.000 seconds
		Asset Database refresh time: 	1.646 seconds
	Scene opening time: 			0.309 seconds
##utp:{"type":"ProjectInfo","version":2,"phase":"Immediate","time":1788584384819,"processId":38928,"projectLoad":3.671604,"projectInit":3.1713686,"templateInit":0.0,"packageManagerInit":0.3819939,"assetDatabaseInit":0.1606067,"globalIlluminationInit":0.0023759,"assembliesLoad":0.5589358,"unityExtensionsInit":0.0004487,"assetDatabaseRefresh":1.6457412,"sceneOpening":0.3092632}
##utp:{"type":"EditorInfo","version":2,"phase":"Immediate","time":1788584384819,"processId":38928,"editorVersion":"6000.3.18f1 (5ebeb53e4c07)","branch":"6000.3/staging","buildType":"Release","platform":"Windows"}
Reloading assemblies for play mode.
Reloading assemblies after forced synchronous recompile.
Begin MonoManager ReloadAssembly
- Loaded All Assemblies, in  0.190 seconds
Refreshing native plugins compatible for Editor in 0.00 ms, found 0 plugins.
Native extension for WindowsStandalone target not found
ScheduleIndexationOnStartup MainProcess:True IndexOnStartup:True
Mono: successfully reloaded assembly
- Finished resetting the current domain, in  0.297 seconds
Domain Reload Profiling: 486ms
	BeginReloadAssembly (134ms)
		ExecutionOrderSort (0ms)
		DisableScriptedObjects (16ms)
		BackupInstance (0ms)
		ReleaseScriptingObjects (0ms)
		CreateAndSetChildDomain (23ms)
	RebuildCommonClasses (22ms)
	RebuildNativeTypeToScriptingClass (8ms)
	initialDomainReloadingComplete (11ms)
	LoadAllAssembliesAndSetupDomain (14ms)
		LoadAssemblies (81ms)
		RebuildTransferFunctionScriptingTraits (0ms)
		AnalyzeDomain (9ms)
			TypeCache.Refresh (2ms)
				TypeCache.ScanAssembly (0ms)
			BuildScriptInfoCaches (4ms)
			ResolveRequiredComponents (1ms)
	FinalizeReload (297ms)
		ReleaseScriptCaches (0ms)
		RebuildScriptCaches (0ms)
		SetupLoadedEditorAssemblies (184ms)
			LogAssemblyErrors (0ms)
			InitializePlatformSupportModulesInManaged (15ms)
			SetLoadedEditorAssemblies (4ms)
			BeforeProcessingInitializeOnLoad (67ms)
			ProcessInitializeOnLoadAttributes (65ms)
			ProcessInitializeOnLoadMethodAttributes (32ms)
			AfterProcessingInitializeOnLoad (1ms)
			EditorAssembliesLoaded (0ms)
		ExecutionOrderSort2 (0ms)
		AwakeInstancesAfterBackupRestoration (12ms)
Asset Pipeline Refresh (id=38fcae59923760d4785202ddda3a39d6): Total: 0.518 seconds - Initiated by StopAssetImportingV2(ForceSynchronousImport | ForceDomainReload)
	Summary:
		Imports: total=0 (actual=0, local cache=0, cache server=0)
		Asset DB Process Time: managed=0 ms, native=316 ms
		Asset DB Callback time: managed=7 ms, native=0 ms
		Scripting: domain reloads=1, domain reload time=191 ms, compile time=1 ms, other=0 ms
		Project Asset Count: scripts=142, non-scripts=146
		Asset File Changes: new=0, changed=0, moved=0, deleted=0
		Scan Filter Count: 0
	InvokeCustomDependenciesCallbacks: 0.001ms
	InvokePackagesCallback: 2.579ms
	ApplyChangesToAssetFolders: 0.039ms
	Scan: 0.000ms
	OnSourceAssetsModified: 0.001ms
	CategorizeAssetsWithTransientArtifact: 0.001ms
	ProcessAssetsWithTransientArtifactChanges: 0.085ms
	CategorizeAssets: 0.896ms
	ImportOutOfDateAssets: 297.516ms (296.242ms without children)
		CompileScripts: 1.062ms
		CollectScriptTypesHashes: 0.019ms
		ReloadNativeAssets: 0.027ms
		UnloadImportedAssets: 0.027ms
		EnsureUptoDateAssetsAreRegisteredWithGuidPM: 0.026ms
		InitializingProgressBar: 0.000ms
		OnDemandSchedulerStart: 0.113ms
	PostProcessAllAssets: 7.811ms
	GatherAllCurrentPrimaryArtifactRevisions: 0.011ms
	UnloadStreamsBegin: 0.033ms
	PersistCurrentRevisions: 0.007ms
	UnloadStreamsEnd: 0.001ms
	GenerateScriptTypeHashes: 0.078ms
	Untracked: 208.932ms

Loaded scene 'Temp/__Backupscenes/0.backup'
	Deserialize:            3.548 ms
	Integration:            63.748 ms
	Integration of assets:  0.002 ms
	Thread Wait Time:       0.005 ms
	Total Operation Time:   67.303 ms
[MODES] ModeService[none].Initialize
[MODES] ModeService[none].LoadModes
Start Indexing on Editor startup
ArgumentOutOfRangeException: Index was out of range. Must be non-negative and less than the size of the collection.
Parameter name: index
  at System.Collections.Generic.List`1[T].get_Item (System.Int32 index) [0x00009] in <41d29b352f6a475ab1bf7c6628b82790>:0 
  at UnityEditor.Search.SearchDatabase+<EnumerateAll>d__80.MoveNext () [0x00106] in <8bfcebed71804a0bbd899b4f1cf32116>:0 
  at System.Linq.Enumerable.TryGetFirst[TSource] (System.Collections.Generic.IEnumerable`1[T] source, System.Boolean& found) [0x00045] in <80564d689e48448fa2a7101993ee7201>:0 
  at System.Linq.Enumerable.First[TSource] (System.Collections.Generic.IEnumerable`1[T] source) [0x00000] in <80564d689e48448fa2a7101993ee7201>:0 
  at UnityEditor.Search.SearchDatabase.GetDefaultSearchDatabase () [0x00006] in <8bfcebed71804a0bbd899b4f1cf32116>:0 
  at UnityEditor.Search.SearchInit.IndexationOnStartup () [0x0000c] in <8bfcebed71804a0bbd899b4f1cf32116>:0 
  at UnityEditor.EditorApplication.Internal_CallDelayFunctions () [0x0002c] in <bc66d607b6974f3a8652f3c90b953d89>:0 

Created GICache directory at C:/Users/yue/AppData/LocalLow/Unity/Caches/GiCache. Took: 0.026s, timestamps: [4.317 - 4.343]
[Licensing::Client] Successfully resolved entitlement details
AUDIT UI_CLICK DeployButton
UnityEngine.Debug:ExtractStackTraceNoAlloc (byte*,int,string)
UnityEngine.StackTraceUtility:ExtractStackTrace ()
UnityEngine.DebugLogHandler:Internal_Log (UnityEngine.LogType,UnityEngine.LogOption,string,UnityEngine.Object)
UnityEngine.DebugLogHandler:LogFormat (UnityEngine.LogType,UnityEngine.Object,string,object[])
UnityEngine.Logger:Log (UnityEngine.LogType,object)
UnityEngine.Debug:Log (object)
ProjectAudit:Record (string) (at Assets/Editor/ProjectAudit.cs:965)
ProjectAudit:Click (string) (at Assets/Editor/ProjectAudit.cs:885)
ProjectAudit/<SliceScenarios>d__22:MoveNext () (at Assets/Editor/ProjectAudit.cs:295)
ProjectAudit/<RunScenarios>d__33:MoveNext () (at Assets/Editor/ProjectAudit.cs:823)
ProjectAudit:Tick () (at Assets/Editor/ProjectAudit.cs:811)
UnityEditor.EditorApplication:Internal_CallUpdateFunctions ()

(Filename: Assets/Editor/ProjectAudit.cs Line: 965)

AUDIT CAPTURE slice_encounter_0 colors=183
UnityEngine.Debug:ExtractStackTraceNoAlloc (byte*,int,string)
UnityEngine.StackTraceUtility:ExtractStackTrace ()
UnityEngine.DebugLogHandler:Internal_Log (UnityEngine.LogType,UnityEngine.LogOption,string,UnityEngine.Object)
UnityEngine.DebugLogHandler:LogFormat (UnityEngine.LogType,UnityEngine.Object,string,object[])
UnityEngine.Logger:Log (UnityEngine.LogType,object)
UnityEngine.Debug:Log (object)
ProjectAudit:Record (string) (at Assets/Editor/ProjectAudit.cs:965)
ProjectAudit:Capture (string,int,int,System.Nullable`1<UnityEngine.Rect>) (at Assets/Editor/ProjectAudit.cs:935)
ProjectAudit/<SliceScenarios>d__22:MoveNext () (at Assets/Editor/ProjectAudit.cs:325)
ProjectAudit/<RunScenarios>d__33:MoveNext () (at Assets/Editor/ProjectAudit.cs:823)
ProjectAudit:Tick () (at Assets/Editor/ProjectAudit.cs:811)
UnityEditor.EditorApplication:Internal_CallUpdateFunctions ()

(Filename: Assets/Editor/ProjectAudit.cs Line: 965)

TrimDiskCacheJob: Current cache size 0mb
AUDIT CAPTURE slice_reward_0 colors=71
UnityEngine.Debug:ExtractStackTraceNoAlloc (byte*,int,string)
UnityEngine.StackTraceUtility:ExtractStackTrace ()
UnityEngine.DebugLogHandler:Internal_Log (UnityEngine.LogType,UnityEngine.LogOption,string,UnityEngine.Object)
UnityEngine.DebugLogHandler:LogFormat (UnityEngine.LogType,UnityEngine.Object,string,object[])
UnityEngine.Logger:Log (UnityEngine.LogType,object)
UnityEngine.Debug:Log (object)
ProjectAudit:Record (string) (at Assets/Editor/ProjectAudit.cs:965)
ProjectAudit:Capture (string,int,int,System.Nullable`1<UnityEngine.Rect>) (at Assets/Editor/ProjectAudit.cs:935)
ProjectAudit/<SliceScenarios>d__22:MoveNext () (at Assets/Editor/ProjectAudit.cs:308)
ProjectAudit/<RunScenarios>d__33:MoveNext () (at Assets/Editor/ProjectAudit.cs:823)
ProjectAudit:Tick () (at Assets/Editor/ProjectAudit.cs:811)
UnityEditor.EditorApplication:Internal_CallUpdateFunctions ()

(Filename: Assets/Editor/ProjectAudit.cs Line: 965)

AUDIT UI_CLICK ChooseButton
UnityEngine.Debug:ExtractStackTraceNoAlloc (byte*,int,string)
UnityEngine.StackTraceUtility:ExtractStackTrace ()
UnityEngine.DebugLogHandler:Internal_Log (UnityEngine.LogType,UnityEngine.LogOption,string,UnityEngine.Object)
UnityEngine.DebugLogHandler:LogFormat (UnityEngine.LogType,UnityEngine.Object,string,object[])
UnityEngine.Logger:Log (UnityEngine.LogType,object)
UnityEngine.Debug:Log (object)
ProjectAudit:Record (string) (at Assets/Editor/ProjectAudit.cs:965)
ProjectAudit:Click (string) (at Assets/Editor/ProjectAudit.cs:885)
ProjectAudit/<SliceScenarios>d__22:MoveNext () (at Assets/Editor/ProjectAudit.cs:309)
ProjectAudit/<RunScenarios>d__33:MoveNext () (at Assets/Editor/ProjectAudit.cs:823)
ProjectAudit:Tick () (at Assets/Editor/ProjectAudit.cs:811)
UnityEditor.EditorApplication:Internal_CallUpdateFunctions ()

(Filename: Assets/Editor/ProjectAudit.cs Line: 965)

AUDIT SLICE_CHOICE count=1 seconds=77.49426 build=SYSTEMS  1 / 6   |   AMP 1
UnityEngine.Debug:ExtractStackTraceNoAlloc (byte*,int,string)
UnityEngine.StackTraceUtility:ExtractStackTrace ()
UnityEngine.DebugLogHandler:Internal_Log (UnityEngine.LogType,UnityEngine.LogOption,string,UnityEngine.Object)
UnityEngine.DebugLogHandler:LogFormat (UnityEngine.LogType,UnityEngine.Object,string,object[])
UnityEngine.Logger:Log (UnityEngine.LogType,object)
UnityEngine.Debug:Log (object)
ProjectAudit:Record (string) (at Assets/Editor/ProjectAudit.cs:965)
ProjectAudit/<SliceScenarios>d__22:MoveNext () (at Assets/Editor/ProjectAudit.cs:311)
ProjectAudit/<RunScenarios>d__33:MoveNext () (at Assets/Editor/ProjectAudit.cs:823)
ProjectAudit:Tick () (at Assets/Editor/ProjectAudit.cs:811)
UnityEditor.EditorApplication:Internal_CallUpdateFunctions ()

(Filename: Assets/Editor/ProjectAudit.cs Line: 965)

AUDIT CAPTURE slice_encounter_1 colors=191
UnityEngine.Debug:ExtractStackTraceNoAlloc (byte*,int,string)
UnityEngine.StackTraceUtility:ExtractStackTrace ()
UnityEngine.DebugLogHandler:Internal_Log (UnityEngine.LogType,UnityEngine.LogOption,string,UnityEngine.Object)
UnityEngine.DebugLogHandler:LogFormat (UnityEngine.LogType,UnityEngine.Object,string,object[])
UnityEngine.Logger:Log (UnityEngine.LogType,object)
UnityEngine.Debug:Log (object)
ProjectAudit:Record (string) (at Assets/Editor/ProjectAudit.cs:965)
ProjectAudit:Capture (string,int,int,System.Nullable`1<UnityEngine.Rect>) (at Assets/Editor/ProjectAudit.cs:935)
ProjectAudit/<SliceScenarios>d__22:MoveNext () (at Assets/Editor/ProjectAudit.cs:325)
ProjectAudit/<RunScenarios>d__33:MoveNext () (at Assets/Editor/ProjectAudit.cs:823)
ProjectAudit:Tick () (at Assets/Editor/ProjectAudit.cs:811)
UnityEditor.EditorApplication:Internal_CallUpdateFunctions ()

(Filename: Assets/Editor/ProjectAudit.cs Line: 965)

AUDIT CAPTURE slice_reward_1 colors=87
UnityEngine.Debug:ExtractStackTraceNoAlloc (byte*,int,string)
UnityEngine.StackTraceUtility:ExtractStackTrace ()
UnityEngine.DebugLogHandler:Internal_Log (UnityEngine.LogType,UnityEngine.LogOption,string,UnityEngine.Object)
UnityEngine.DebugLogHandler:LogFormat (UnityEngine.LogType,UnityEngine.Object,string,object[])
UnityEngine.Logger:Log (UnityEngine.LogType,object)
UnityEngine.Debug:Log (object)
ProjectAudit:Record (string) (at Assets/Editor/ProjectAudit.cs:965)
ProjectAudit:Capture (string,int,int,System.Nullable`1<UnityEngine.Rect>) (at Assets/Editor/ProjectAudit.cs:935)
ProjectAudit/<SliceScenarios>d__22:MoveNext () (at Assets/Editor/ProjectAudit.cs:308)
ProjectAudit/<RunScenarios>d__33:MoveNext () (at Assets/Editor/ProjectAudit.cs:823)
ProjectAudit:Tick () (at Assets/Editor/ProjectAudit.cs:811)
UnityEditor.EditorApplication:Internal_CallUpdateFunctions ()

(Filename: Assets/Editor/ProjectAudit.cs Line: 965)

AUDIT UI_CLICK ChooseButton
UnityEngine.Debug:ExtractStackTraceNoAlloc (byte*,int,string)
UnityEngine.StackTraceUtility:ExtractStackTrace ()
UnityEngine.DebugLogHandler:Internal_Log (UnityEngine.LogType,UnityEngine.LogOption,string,UnityEngine.Object)
UnityEngine.DebugLogHandler:LogFormat (UnityEngine.LogType,UnityEngine.Object,string,object[])
UnityEngine.Logger:Log (UnityEngine.LogType,object)
UnityEngine.Debug:Log (object)
ProjectAudit:Record (string) (at Assets/Editor/ProjectAudit.cs:965)
ProjectAudit:Click (string) (at Assets/Editor/ProjectAudit.cs:885)
ProjectAudit/<SliceScenarios>d__22:MoveNext () (at Assets/Editor/ProjectAudit.cs:309)
ProjectAudit/<RunScenarios>d__33:MoveNext () (at Assets/Editor/ProjectAudit.cs:823)
ProjectAudit:Tick () (at Assets/Editor/ProjectAudit.cs:811)
UnityEditor.EditorApplication:Internal_CallUpdateFunctions ()

(Filename: Assets/Editor/ProjectAudit.cs Line: 965)

AUDIT SLICE_CHOICE count=2 seconds=163.3924 build=SYSTEMS  2 / 6   |   AMP 1 / RATE 1
UnityEngine.Debug:ExtractStackTraceNoAlloc (byte*,int,string)
UnityEngine.StackTraceUtility:ExtractStackTrace ()
UnityEngine.DebugLogHandler:Internal_Log (UnityEngine.LogType,UnityEngine.LogOption,string,UnityEngine.Object)
UnityEngine.DebugLogHandler:LogFormat (UnityEngine.LogType,UnityEngine.Object,string,object[])
UnityEngine.Logger:Log (UnityEngine.LogType,object)
UnityEngine.Debug:Log (object)
ProjectAudit:Record (string) (at Assets/Editor/ProjectAudit.cs:965)
ProjectAudit/<SliceScenarios>d__22:MoveNext () (at Assets/Editor/ProjectAudit.cs:311)
ProjectAudit/<RunScenarios>d__33:MoveNext () (at Assets/Editor/ProjectAudit.cs:823)
ProjectAudit:Tick () (at Assets/Editor/ProjectAudit.cs:811)
UnityEditor.EditorApplication:Internal_CallUpdateFunctions ()

(Filename: Assets/Editor/ProjectAudit.cs Line: 965)

AUDIT CAPTURE slice_encounter_2 colors=199
UnityEngine.Debug:ExtractStackTraceNoAlloc (byte*,int,string)
UnityEngine.StackTraceUtility:ExtractStackTrace ()
UnityEngine.DebugLogHandler:Internal_Log (UnityEngine.LogType,UnityEngine.LogOption,string,UnityEngine.Object)
UnityEngine.DebugLogHandler:LogFormat (UnityEngine.LogType,UnityEngine.Object,string,object[])
UnityEngine.Logger:Log (UnityEngine.LogType,object)
UnityEngine.Debug:Log (object)
ProjectAudit:Record (string) (at Assets/Editor/ProjectAudit.cs:965)
ProjectAudit:Capture (string,int,int,System.Nullable`1<UnityEngine.Rect>) (at Assets/Editor/ProjectAudit.cs:935)
ProjectAudit/<SliceScenarios>d__22:MoveNext () (at Assets/Editor/ProjectAudit.cs:325)
ProjectAudit/<RunScenarios>d__33:MoveNext () (at Assets/Editor/ProjectAudit.cs:823)
ProjectAudit:Tick () (at Assets/Editor/ProjectAudit.cs:811)
UnityEditor.EditorApplication:Internal_CallUpdateFunctions ()

(Filename: Assets/Editor/ProjectAudit.cs Line: 965)

AUDIT CAPTURE slice_reward_2 colors=88
UnityEngine.Debug:ExtractStackTraceNoAlloc (byte*,int,string)
UnityEngine.StackTraceUtility:ExtractStackTrace ()
UnityEngine.DebugLogHandler:Internal_Log (UnityEngine.LogType,UnityEngine.LogOption,string,UnityEngine.Object)
UnityEngine.DebugLogHandler:LogFormat (UnityEngine.LogType,UnityEngine.Object,string,object[])
UnityEngine.Logger:Log (UnityEngine.LogType,object)
UnityEngine.Debug:Log (object)
ProjectAudit:Record (string) (at Assets/Editor/ProjectAudit.cs:965)
ProjectAudit:Capture (string,int,int,System.Nullable`1<UnityEngine.Rect>) (at Assets/Editor/ProjectAudit.cs:935)
ProjectAudit/<SliceScenarios>d__22:MoveNext () (at Assets/Editor/ProjectAudit.cs:308)
ProjectAudit/<RunScenarios>d__33:MoveNext () (at Assets/Editor/ProjectAudit.cs:823)
ProjectAudit:Tick () (at Assets/Editor/ProjectAudit.cs:811)
UnityEditor.EditorApplication:Internal_CallUpdateFunctions ()

(Filename: Assets/Editor/ProjectAudit.cs Line: 965)

AUDIT UI_CLICK ChooseButton
UnityEngine.Debug:ExtractStackTraceNoAlloc (byte*,int,string)
UnityEngine.StackTraceUtility:ExtractStackTrace ()
UnityEngine.DebugLogHandler:Internal_Log (UnityEngine.LogType,UnityEngine.LogOption,string,UnityEngine.Object)
UnityEngine.DebugLogHandler:LogFormat (UnityEngine.LogType,UnityEngine.Object,string,object[])
UnityEngine.Logger:Log (UnityEngine.LogType,object)
UnityEngine.Debug:Log (object)
ProjectAudit:Record (string) (at Assets/Editor/ProjectAudit.cs:965)
ProjectAudit:Click (string) (at Assets/Editor/ProjectAudit.cs:885)
ProjectAudit/<SliceScenarios>d__22:MoveNext () (at Assets/Editor/ProjectAudit.cs:309)
ProjectAudit/<RunScenarios>d__33:MoveNext () (at Assets/Editor/ProjectAudit.cs:823)
ProjectAudit:Tick () (at Assets/Editor/ProjectAudit.cs:811)
UnityEditor.EditorApplication:Internal_CallUpdateFunctions ()

(Filename: Assets/Editor/ProjectAudit.cs Line: 965)

AUDIT SLICE_CHOICE count=3 seconds=266.1986 build=SYSTEMS  3 / 6   |   AMP 1 / RATE 1 / PIERCE 1
UnityEngine.Debug:ExtractStackTraceNoAlloc (byte*,int,string)
UnityEngine.StackTraceUtility:ExtractStackTrace ()
UnityEngine.DebugLogHandler:Internal_Log (UnityEngine.LogType,UnityEngine.LogOption,string,UnityEngine.Object)
UnityEngine.DebugLogHandler:LogFormat (UnityEngine.LogType,UnityEngine.Object,string,object[])
UnityEngine.Logger:Log (UnityEngine.LogType,object)
UnityEngine.Debug:Log (object)
ProjectAudit:Record (string) (at Assets/Editor/ProjectAudit.cs:965)
ProjectAudit/<SliceScenarios>d__22:MoveNext () (at Assets/Editor/ProjectAudit.cs:311)
ProjectAudit/<RunScenarios>d__33:MoveNext () (at Assets/Editor/ProjectAudit.cs:823)
ProjectAudit:Tick () (at Assets/Editor/ProjectAudit.cs:811)
UnityEditor.EditorApplication:Internal_CallUpdateFunctions ()

(Filename: Assets/Editor/ProjectAudit.cs Line: 965)

AUDIT CAPTURE slice_encounter_3 colors=193
UnityEngine.Debug:ExtractStackTraceNoAlloc (byte*,int,string)
UnityEngine.StackTraceUtility:ExtractStackTrace ()
UnityEngine.DebugLogHandler:Internal_Log (UnityEngine.LogType,UnityEngine.LogOption,string,UnityEngine.Object)
UnityEngine.DebugLogHandler:LogFormat (UnityEngine.LogType,UnityEngine.Object,string,object[])
UnityEngine.Logger:Log (UnityEngine.LogType,object)
UnityEngine.Debug:Log (object)
ProjectAudit:Record (string) (at Assets/Editor/ProjectAudit.cs:965)
ProjectAudit:Capture (string,int,int,System.Nullable`1<UnityEngine.Rect>) (at Assets/Editor/ProjectAudit.cs:935)
ProjectAudit/<SliceScenarios>d__22:MoveNext () (at Assets/Editor/ProjectAudit.cs:325)
ProjectAudit/<RunScenarios>d__33:MoveNext () (at Assets/Editor/ProjectAudit.cs:823)
ProjectAudit:Tick () (at Assets/Editor/ProjectAudit.cs:811)
UnityEditor.EditorApplication:Internal_CallUpdateFunctions ()

(Filename: Assets/Editor/ProjectAudit.cs Line: 965)

AUDIT CAPTURE slice_reward_3 colors=95
UnityEngine.Debug:ExtractStackTraceNoAlloc (byte*,int,string)
UnityEngine.StackTraceUtility:ExtractStackTrace ()
UnityEngine.DebugLogHandler:Internal_Log (UnityEngine.LogType,UnityEngine.LogOption,string,UnityEngine.Object)
UnityEngine.DebugLogHandler:LogFormat (UnityEngine.LogType,UnityEngine.Object,string,object[])
UnityEngine.Logger:Log (UnityEngine.LogType,object)
UnityEngine.Debug:Log (object)
ProjectAudit:Record (string) (at Assets/Editor/ProjectAudit.cs:965)
ProjectAudit:Capture (string,int,int,System.Nullable`1<UnityEngine.Rect>) (at Assets/Editor/ProjectAudit.cs:935)
ProjectAudit/<SliceScenarios>d__22:MoveNext () (at Assets/Editor/ProjectAudit.cs:308)
ProjectAudit/<RunScenarios>d__33:MoveNext () (at Assets/Editor/ProjectAudit.cs:823)
ProjectAudit:Tick () (at Assets/Editor/ProjectAudit.cs:811)
UnityEditor.EditorApplication:Internal_CallUpdateFunctions ()

(Filename: Assets/Editor/ProjectAudit.cs Line: 965)

AUDIT UI_CLICK ChooseButton
UnityEngine.Debug:ExtractStackTraceNoAlloc (byte*,int,string)
UnityEngine.StackTraceUtility:ExtractStackTrace ()
UnityEngine.DebugLogHandler:Internal_Log (UnityEngine.LogType,UnityEngine.LogOption,string,UnityEngine.Object)
UnityEngine.DebugLogHandler:LogFormat (UnityEngine.LogType,UnityEngine.Object,string,object[])
UnityEngine.Logger:Log (UnityEngine.LogType,object)
UnityEngine.Debug:Log (object)
ProjectAudit:Record (string) (at Assets/Editor/ProjectAudit.cs:965)
ProjectAudit:Click (string) (at Assets/Editor/ProjectAudit.cs:885)
ProjectAudit/<SliceScenarios>d__22:MoveNext () (at Assets/Editor/ProjectAudit.cs:309)
ProjectAudit/<RunScenarios>d__33:MoveNext () (at Assets/Editor/ProjectAudit.cs:823)
ProjectAudit:Tick () (at Assets/Editor/ProjectAudit.cs:811)
UnityEditor.EditorApplication:Internal_CallUpdateFunctions ()

(Filename: Assets/Editor/ProjectAudit.cs Line: 965)

AUDIT SLICE_CHOICE count=4 seconds=353.9638 build=SYSTEMS  4 / 6   |   AMP 1 / RATE 1 / PIERCE 1 / DASH 1
UnityEngine.Debug:ExtractStackTraceNoAlloc (byte*,int,string)
UnityEngine.StackTraceUtility:ExtractStackTrace ()
UnityEngine.DebugLogHandler:Internal_Log (UnityEngine.LogType,UnityEngine.LogOption,string,UnityEngine.Object)
UnityEngine.DebugLogHandler:LogFormat (UnityEngine.LogType,UnityEngine.Object,string,object[])
UnityEngine.Logger:Log (UnityEngine.LogType,object)
UnityEngine.Debug:Log (object)
ProjectAudit:Record (string) (at Assets/Editor/ProjectAudit.cs:965)
ProjectAudit/<SliceScenarios>d__22:MoveNext () (at Assets/Editor/ProjectAudit.cs:311)
ProjectAudit/<RunScenarios>d__33:MoveNext () (at Assets/Editor/ProjectAudit.cs:823)
ProjectAudit:Tick () (at Assets/Editor/ProjectAudit.cs:811)
UnityEditor.EditorApplication:Internal_CallUpdateFunctions ()

(Filename: Assets/Editor/ProjectAudit.cs Line: 965)

AUDIT CAPTURE slice_encounter_4 colors=210
UnityEngine.Debug:ExtractStackTraceNoAlloc (byte*,int,string)
UnityEngine.StackTraceUtility:ExtractStackTrace ()
UnityEngine.DebugLogHandler:Internal_Log (UnityEngine.LogType,UnityEngine.LogOption,string,UnityEngine.Object)
UnityEngine.DebugLogHandler:LogFormat (UnityEngine.LogType,UnityEngine.Object,string,object[])
UnityEngine.Logger:Log (UnityEngine.LogType,object)
UnityEngine.Debug:Log (object)
ProjectAudit:Record (string) (at Assets/Editor/ProjectAudit.cs:965)
ProjectAudit:Capture (string,int,int,System.Nullable`1<UnityEngine.Rect>) (at Assets/Editor/ProjectAudit.cs:935)
ProjectAudit/<SliceScenarios>d__22:MoveNext () (at Assets/Editor/ProjectAudit.cs:325)
ProjectAudit/<RunScenarios>d__33:MoveNext () (at Assets/Editor/ProjectAudit.cs:823)
ProjectAudit:Tick () (at Assets/Editor/ProjectAudit.cs:811)
UnityEditor.EditorApplication:Internal_CallUpdateFunctions ()

(Filename: Assets/Editor/ProjectAudit.cs Line: 965)

AUDIT CAPTURE slice_reward_4 colors=92
UnityEngine.Debug:ExtractStackTraceNoAlloc (byte*,int,string)
UnityEngine.StackTraceUtility:ExtractStackTrace ()
UnityEngine.DebugLogHandler:Internal_Log (UnityEngine.LogType,UnityEngine.LogOption,string,UnityEngine.Object)
UnityEngine.DebugLogHandler:LogFormat (UnityEngine.LogType,UnityEngine.Object,string,object[])
UnityEngine.Logger:Log (UnityEngine.LogType,object)
UnityEngine.Debug:Log (object)
ProjectAudit:Record (string) (at Assets/Editor/ProjectAudit.cs:965)
ProjectAudit:Capture (string,int,int,System.Nullable`1<UnityEngine.Rect>) (at Assets/Editor/ProjectAudit.cs:935)
ProjectAudit/<SliceScenarios>d__22:MoveNext () (at Assets/Editor/ProjectAudit.cs:308)
ProjectAudit/<RunScenarios>d__33:MoveNext () (at Assets/Editor/ProjectAudit.cs:823)
ProjectAudit:Tick () (at Assets/Editor/ProjectAudit.cs:811)
UnityEditor.EditorApplication:Internal_CallUpdateFunctions ()

(Filename: Assets/Editor/ProjectAudit.cs Line: 965)

AUDIT UI_CLICK ChooseButton
UnityEngine.Debug:ExtractStackTraceNoAlloc (byte*,int,string)
UnityEngine.StackTraceUtility:ExtractStackTrace ()
UnityEngine.DebugLogHandler:Internal_Log (UnityEngine.LogType,UnityEngine.LogOption,string,UnityEngine.Object)
UnityEngine.DebugLogHandler:LogFormat (UnityEngine.LogType,UnityEngine.Object,string,object[])
UnityEngine.Logger:Log (UnityEngine.LogType,object)
UnityEngine.Debug:Log (object)
ProjectAudit:Record (string) (at Assets/Editor/ProjectAudit.cs:965)
ProjectAudit:Click (string) (at Assets/Editor/ProjectAudit.cs:885)
ProjectAudit/<SliceScenarios>d__22:MoveNext () (at Assets/Editor/ProjectAudit.cs:309)
ProjectAudit/<RunScenarios>d__33:MoveNext () (at Assets/Editor/ProjectAudit.cs:823)
ProjectAudit:Tick () (at Assets/Editor/ProjectAudit.cs:811)
UnityEditor.EditorApplication:Internal_CallUpdateFunctions ()

(Filename: Assets/Editor/ProjectAudit.cs Line: 965)

AUDIT SLICE_CHOICE count=5 seconds=456.0656 build=SYSTEMS  5 / 6   |   AMP 1 / RATE 1 / PIERCE 1 / BLAST 1 / DASH 1
UnityEngine.Debug:ExtractStackTraceNoAlloc (byte*,int,string)
UnityEngine.StackTraceUtility:ExtractStackTrace ()
UnityEngine.DebugLogHandler:Internal_Log (UnityEngine.LogType,UnityEngine.LogOption,string,UnityEngine.Object)
UnityEngine.DebugLogHandler:LogFormat (UnityEngine.LogType,UnityEngine.Object,string,object[])
UnityEngine.Logger:Log (UnityEngine.LogType,object)
UnityEngine.Debug:Log (object)
ProjectAudit:Record (string) (at Assets/Editor/ProjectAudit.cs:965)
ProjectAudit/<SliceScenarios>d__22:MoveNext () (at Assets/Editor/ProjectAudit.cs:311)
ProjectAudit/<RunScenarios>d__33:MoveNext () (at Assets/Editor/ProjectAudit.cs:823)
ProjectAudit:Tick () (at Assets/Editor/ProjectAudit.cs:811)
UnityEditor.EditorApplication:Internal_CallUpdateFunctions ()

(Filename: Assets/Editor/ProjectAudit.cs Line: 965)

AUDIT CAPTURE slice_encounter_5 colors=205
UnityEngine.Debug:ExtractStackTraceNoAlloc (byte*,int,string)
UnityEngine.StackTraceUtility:ExtractStackTrace ()
UnityEngine.DebugLogHandler:Internal_Log (UnityEngine.LogType,UnityEngine.LogOption,string,UnityEngine.Object)
UnityEngine.DebugLogHandler:LogFormat (UnityEngine.LogType,UnityEngine.Object,string,object[])
UnityEngine.Logger:Log (UnityEngine.LogType,object)
UnityEngine.Debug:Log (object)
ProjectAudit:Record (string) (at Assets/Editor/ProjectAudit.cs:965)
ProjectAudit:Capture (string,int,int,System.Nullable`1<UnityEngine.Rect>) (at Assets/Editor/ProjectAudit.cs:935)
ProjectAudit/<SliceScenarios>d__22:MoveNext () (at Assets/Editor/ProjectAudit.cs:325)
ProjectAudit/<RunScenarios>d__33:MoveNext () (at Assets/Editor/ProjectAudit.cs:823)
ProjectAudit:Tick () (at Assets/Editor/ProjectAudit.cs:811)
UnityEditor.EditorApplication:Internal_CallUpdateFunctions ()

(Filename: Assets/Editor/ProjectAudit.cs Line: 965)

AUDIT CAPTURE slice_reward_5 colors=81
UnityEngine.Debug:ExtractStackTraceNoAlloc (byte*,int,string)
UnityEngine.StackTraceUtility:ExtractStackTrace ()
UnityEngine.DebugLogHandler:Internal_Log (UnityEngine.LogType,UnityEngine.LogOption,string,UnityEngine.Object)
UnityEngine.DebugLogHandler:LogFormat (UnityEngine.LogType,UnityEngine.Object,string,object[])
UnityEngine.Logger:Log (UnityEngine.LogType,object)
UnityEngine.Debug:Log (object)
ProjectAudit:Record (string) (at Assets/Editor/ProjectAudit.cs:965)
ProjectAudit:Capture (string,int,int,System.Nullable`1<UnityEngine.Rect>) (at Assets/Editor/ProjectAudit.cs:935)
ProjectAudit/<SliceScenarios>d__22:MoveNext () (at Assets/Editor/ProjectAudit.cs:308)
ProjectAudit/<RunScenarios>d__33:MoveNext () (at Assets/Editor/ProjectAudit.cs:823)
ProjectAudit:Tick () (at Assets/Editor/ProjectAudit.cs:811)
UnityEditor.EditorApplication:Internal_CallUpdateFunctions ()

(Filename: Assets/Editor/ProjectAudit.cs Line: 965)

AUDIT UI_CLICK ChooseButton
UnityEngine.Debug:ExtractStackTraceNoAlloc (byte*,int,string)
UnityEngine.StackTraceUtility:ExtractStackTrace ()
UnityEngine.DebugLogHandler:Internal_Log (UnityEngine.LogType,UnityEngine.LogOption,string,UnityEngine.Object)
UnityEngine.DebugLogHandler:LogFormat (UnityEngine.LogType,UnityEngine.Object,string,object[])
UnityEngine.Logger:Log (UnityEngine.LogType,object)
UnityEngine.Debug:Log (object)
ProjectAudit:Record (string) (at Assets/Editor/ProjectAudit.cs:965)
ProjectAudit:Click (string) (at Assets/Editor/ProjectAudit.cs:885)
ProjectAudit/<SliceScenarios>d__22:MoveNext () (at Assets/Editor/ProjectAudit.cs:309)
ProjectAudit/<RunScenarios>d__33:MoveNext () (at Assets/Editor/ProjectAudit.cs:823)
ProjectAudit:Tick () (at Assets/Editor/ProjectAudit.cs:811)
UnityEditor.EditorApplication:Internal_CallUpdateFunctions ()

(Filename: Assets/Editor/ProjectAudit.cs Line: 965)

AUDIT SLICE_CHOICE count=6 seconds=558.5405 build=SYSTEMS  6 / 6   |   AMP 1 / RATE 1 / PIERCE 1 / BLAST 1 / DASH 1 / REPAIR 1
UnityEngine.Debug:ExtractStackTraceNoAlloc (byte*,int,string)
UnityEngine.StackTraceUtility:ExtractStackTrace ()
UnityEngine.DebugLogHandler:Internal_Log (UnityEngine.LogType,UnityEngine.LogOption,string,UnityEngine.Object)
UnityEngine.DebugLogHandler:LogFormat (UnityEngine.LogType,UnityEngine.Object,string,object[])
UnityEngine.Logger:Log (UnityEngine.LogType,object)
UnityEngine.Debug:Log (object)
ProjectAudit:Record (string) (at Assets/Editor/ProjectAudit.cs:965)
ProjectAudit/<SliceScenarios>d__22:MoveNext () (at Assets/Editor/ProjectAudit.cs:311)
ProjectAudit/<RunScenarios>d__33:MoveNext () (at Assets/Editor/ProjectAudit.cs:823)
ProjectAudit:Tick () (at Assets/Editor/ProjectAudit.cs:811)
UnityEditor.EditorApplication:Internal_CallUpdateFunctions ()

(Filename: Assets/Editor/ProjectAudit.cs Line: 965)

AUDIT CAPTURE slice_boss_1 colors=209
UnityEngine.Debug:ExtractStackTraceNoAlloc (byte*,int,string)
UnityEngine.StackTraceUtility:ExtractStackTrace ()
UnityEngine.DebugLogHandler:Internal_Log (UnityEngine.LogType,UnityEngine.LogOption,string,UnityEngine.Object)
UnityEngine.DebugLogHandler:LogFormat (UnityEngine.LogType,UnityEngine.Object,string,object[])
UnityEngine.Logger:Log (UnityEngine.LogType,object)
UnityEngine.Debug:Log (object)
ProjectAudit:Record (string) (at Assets/Editor/ProjectAudit.cs:965)
ProjectAudit:Capture (string,int,int,System.Nullable`1<UnityEngine.Rect>) (at Assets/Editor/ProjectAudit.cs:935)
ProjectAudit/<SliceScenarios>d__22:MoveNext () (at Assets/Editor/ProjectAudit.cs:330)
ProjectAudit/<RunScenarios>d__33:MoveNext () (at Assets/Editor/ProjectAudit.cs:823)
ProjectAudit:Tick () (at Assets/Editor/ProjectAudit.cs:811)
UnityEditor.EditorApplication:Internal_CallUpdateFunctions ()

(Filename: Assets/Editor/ProjectAudit.cs Line: 965)

AUDIT CAPTURE slice_boss_2 colors=258
UnityEngine.Debug:ExtractStackTraceNoAlloc (byte*,int,string)
UnityEngine.StackTraceUtility:ExtractStackTrace ()
UnityEngine.DebugLogHandler:Internal_Log (UnityEngine.LogType,UnityEngine.LogOption,string,UnityEngine.Object)
UnityEngine.DebugLogHandler:LogFormat (UnityEngine.LogType,UnityEngine.Object,string,object[])
UnityEngine.Logger:Log (UnityEngine.LogType,object)
UnityEngine.Debug:Log (object)
ProjectAudit:Record (string) (at Assets/Editor/ProjectAudit.cs:965)
ProjectAudit:Capture (string,int,int,System.Nullable`1<UnityEngine.Rect>) (at Assets/Editor/ProjectAudit.cs:935)
ProjectAudit/<SliceScenarios>d__22:MoveNext () (at Assets/Editor/ProjectAudit.cs:331)
ProjectAudit/<RunScenarios>d__33:MoveNext () (at Assets/Editor/ProjectAudit.cs:823)
ProjectAudit:Tick () (at Assets/Editor/ProjectAudit.cs:811)
UnityEditor.EditorApplication:Internal_CallUpdateFunctions ()

(Filename: Assets/Editor/ProjectAudit.cs Line: 965)

AUDIT SLICE_LIVE_FLOW victory=True seconds=626.6618 choices=6 hp=172.8525 kills=502 bossSeconds=66.72125 phaseTwo=True
UnityEngine.Debug:ExtractStackTraceNoAlloc (byte*,int,string)
UnityEngine.StackTraceUtility:ExtractStackTrace ()
UnityEngine.DebugLogHandler:Internal_Log (UnityEngine.LogType,UnityEngine.LogOption,string,UnityEngine.Object)
UnityEngine.DebugLogHandler:LogFormat (UnityEngine.LogType,UnityEngine.Object,string,object[])
UnityEngine.Logger:Log (UnityEngine.LogType,object)
UnityEngine.Debug:Log (object)
ProjectAudit:Record (string) (at Assets/Editor/ProjectAudit.cs:965)
ProjectAudit/<SliceScenarios>d__22:MoveNext () (at Assets/Editor/ProjectAudit.cs:336)
ProjectAudit/<RunScenarios>d__33:MoveNext () (at Assets/Editor/ProjectAudit.cs:823)
ProjectAudit:Tick () (at Assets/Editor/ProjectAudit.cs:811)
UnityEditor.EditorApplication:Internal_CallUpdateFunctions ()

(Filename: Assets/Editor/ProjectAudit.cs Line: 965)

AUDIT SLICE_ENCOUNTERS 76.69,85.10,102.00,86.96,101.30,101.67
UnityEngine.Debug:ExtractStackTraceNoAlloc (byte*,int,string)
UnityEngine.StackTraceUtility:ExtractStackTrace ()
UnityEngine.DebugLogHandler:Internal_Log (UnityEngine.LogType,UnityEngine.LogOption,string,UnityEngine.Object)
UnityEngine.DebugLogHandler:LogFormat (UnityEngine.LogType,UnityEngine.Object,string,object[])
UnityEngine.Logger:Log (UnityEngine.LogType,object)
UnityEngine.Debug:Log (object)
ProjectAudit:Record (string) (at Assets/Editor/ProjectAudit.cs:965)
ProjectAudit/<SliceScenarios>d__22:MoveNext () (at Assets/Editor/ProjectAudit.cs:337)
ProjectAudit/<RunScenarios>d__33:MoveNext () (at Assets/Editor/ProjectAudit.cs:823)
ProjectAudit:Tick () (at Assets/Editor/ProjectAudit.cs:811)
UnityEditor.EditorApplication:Internal_CallUpdateFunctions ()

(Filename: Assets/Editor/ProjectAudit.cs Line: 965)

AUDIT CAPTURE slice_result colors=93
UnityEngine.Debug:ExtractStackTraceNoAlloc (byte*,int,string)
UnityEngine.StackTraceUtility:ExtractStackTrace ()
UnityEngine.DebugLogHandler:Internal_Log (UnityEngine.LogType,UnityEngine.LogOption,string,UnityEngine.Object)
UnityEngine.DebugLogHandler:LogFormat (UnityEngine.LogType,UnityEngine.Object,string,object[])
UnityEngine.Logger:Log (UnityEngine.LogType,object)
UnityEngine.Debug:Log (object)
ProjectAudit:Record (string) (at Assets/Editor/ProjectAudit.cs:965)
ProjectAudit:Capture (string,int,int,System.Nullable`1<UnityEngine.Rect>) (at Assets/Editor/ProjectAudit.cs:935)
ProjectAudit/<SliceScenarios>d__22:MoveNext () (at Assets/Editor/ProjectAudit.cs:338)
ProjectAudit/<RunScenarios>d__33:MoveNext () (at Assets/Editor/ProjectAudit.cs:823)
ProjectAudit:Tick () (at Assets/Editor/ProjectAudit.cs:811)
UnityEditor.EditorApplication:Internal_CallUpdateFunctions ()

(Filename: Assets/Editor/ProjectAudit.cs Line: 965)

AUDIT MOBILE_PASS slice_real_fire_complete_loop
UnityEngine.Debug:ExtractStackTraceNoAlloc (byte*,int,string)
UnityEngine.StackTraceUtility:ExtractStackTrace ()
UnityEngine.DebugLogHandler:Internal_Log (UnityEngine.LogType,UnityEngine.LogOption,string,UnityEngine.Object)
UnityEngine.DebugLogHandler:LogFormat (UnityEngine.LogType,UnityEngine.Object,string,object[])
UnityEngine.Logger:Log (UnityEngine.LogType,object)
UnityEngine.Debug:Log (object)
ProjectAudit:Record (string) (at Assets/Editor/ProjectAudit.cs:965)
ProjectAudit:Check (bool,string) (at Assets/Editor/ProjectAudit.cs:680)
ProjectAudit/<SliceScenarios>d__22:MoveNext () (at Assets/Editor/ProjectAudit.cs:339)
ProjectAudit/<RunScenarios>d__33:MoveNext () (at Assets/Editor/ProjectAudit.cs:823)
ProjectAudit:Tick () (at Assets/Editor/ProjectAudit.cs:811)
UnityEditor.EditorApplication:Internal_CallUpdateFunctions ()

(Filename: Assets/Editor/ProjectAudit.cs Line: 965)

AUDIT MOBILE_PASS slice_ten_to_fifteen_minutes
UnityEngine.Debug:ExtractStackTraceNoAlloc (byte*,int,string)
UnityEngine.StackTraceUtility:ExtractStackTrace ()
UnityEngine.DebugLogHandler:Internal_Log (UnityEngine.LogType,UnityEngine.LogOption,string,UnityEngine.Object)
UnityEngine.DebugLogHandler:LogFormat (UnityEngine.LogType,UnityEngine.Object,string,object[])
UnityEngine.Logger:Log (UnityEngine.LogType,object)
UnityEngine.Debug:Log (object)
ProjectAudit:Record (string) (at Assets/Editor/ProjectAudit.cs:965)
ProjectAudit:Check (bool,string) (at Assets/Editor/ProjectAudit.cs:680)
ProjectAudit/<SliceScenarios>d__22:MoveNext () (at Assets/Editor/ProjectAudit.cs:340)
ProjectAudit/<RunScenarios>d__33:MoveNext () (at Assets/Editor/ProjectAudit.cs:823)
ProjectAudit:Tick () (at Assets/Editor/ProjectAudit.cs:811)
UnityEditor.EditorApplication:Internal_CallUpdateFunctions ()

(Filename: Assets/Editor/ProjectAudit.cs Line: 965)

AUDIT MOBILE_PASS encounter_pacing_no_runaway_backlog
UnityEngine.Debug:ExtractStackTraceNoAlloc (byte*,int,string)
UnityEngine.StackTraceUtility:ExtractStackTrace ()
UnityEngine.DebugLogHandler:Internal_Log (UnityEngine.LogType,UnityEngine.LogOption,string,UnityEngine.Object)
UnityEngine.DebugLogHandler:LogFormat (UnityEngine.LogType,UnityEngine.Object,string,object[])
UnityEngine.Logger:Log (UnityEngine.LogType,object)
UnityEngine.Debug:Log (object)
ProjectAudit:Record (string) (at Assets/Editor/ProjectAudit.cs:965)
ProjectAudit:Check (bool,string) (at Assets/Editor/ProjectAudit.cs:680)
ProjectAudit/<SliceScenarios>d__22:MoveNext () (at Assets/Editor/ProjectAudit.cs:341)
ProjectAudit/<RunScenarios>d__33:MoveNext () (at Assets/Editor/ProjectAudit.cs:823)
ProjectAudit:Tick () (at Assets/Editor/ProjectAudit.cs:811)
UnityEditor.EditorApplication:Internal_CallUpdateFunctions ()

(Filename: Assets/Editor/ProjectAudit.cs Line: 965)

AUDIT UI_CLICK ReturnHangarButton
UnityEngine.Debug:ExtractStackTraceNoAlloc (byte*,int,string)
UnityEngine.StackTraceUtility:ExtractStackTrace ()
UnityEngine.DebugLogHandler:Internal_Log (UnityEngine.LogType,UnityEngine.LogOption,string,UnityEngine.Object)
UnityEngine.DebugLogHandler:LogFormat (UnityEngine.LogType,UnityEngine.Object,string,object[])
UnityEngine.Logger:Log (UnityEngine.LogType,object)
UnityEngine.Debug:Log (object)
ProjectAudit:Record (string) (at Assets/Editor/ProjectAudit.cs:965)
ProjectAudit:Click (string) (at Assets/Editor/ProjectAudit.cs:885)
ProjectAudit/<SliceScenarios>d__22:MoveNext () (at Assets/Editor/ProjectAudit.cs:342)
ProjectAudit/<RunScenarios>d__33:MoveNext () (at Assets/Editor/ProjectAudit.cs:823)
ProjectAudit:Tick () (at Assets/Editor/ProjectAudit.cs:811)
UnityEditor.EditorApplication:Internal_CallUpdateFunctions ()

(Filename: Assets/Editor/ProjectAudit.cs Line: 965)

Unloading 21 Unused Serialized files (Serialized files now loaded: 0)
UnloadTime: 2.346000 ms
Loaded scene 'Temp/__Backupscenes/0.backup'
	Deserialize:            3.654 ms
	Integration:            8.316 ms
	Integration of assets:  0.001 ms
	Thread Wait Time:       0.005 ms
	Total Operation Time:   11.977 ms
Unloading 69 unused Assets / (148.9 KB). Loaded Objects now: 3724.
Memory consumption went from 195.8 MB to 195.6 MB.
Total: 3.013000 ms (FindLiveObjects: 0.095000 ms CreateObjectMapping: 0.020400 ms MarkObjects: 2.853100 ms  DeleteObjects: 0.043800 ms)

AUDIT MOBILE_PASS slice_restart_to_hangar
UnityEngine.Debug:ExtractStackTraceNoAlloc (byte*,int,string)
UnityEngine.StackTraceUtility:ExtractStackTrace ()
UnityEngine.DebugLogHandler:Internal_Log (UnityEngine.LogType,UnityEngine.LogOption,string,UnityEngine.Object)
UnityEngine.DebugLogHandler:LogFormat (UnityEngine.LogType,UnityEngine.Object,string,object[])
UnityEngine.Logger:Log (UnityEngine.LogType,object)
UnityEngine.Debug:Log (object)
ProjectAudit:Record (string) (at Assets/Editor/ProjectAudit.cs:965)
ProjectAudit:Check (bool,string) (at Assets/Editor/ProjectAudit.cs:680)
ProjectAudit/<SliceScenarios>d__22:MoveNext () (at Assets/Editor/ProjectAudit.cs:345)
ProjectAudit/<RunScenarios>d__33:MoveNext () (at Assets/Editor/ProjectAudit.cs:823)
ProjectAudit:Tick () (at Assets/Editor/ProjectAudit.cs:811)
UnityEditor.EditorApplication:Internal_CallUpdateFunctions ()

(Filename: Assets/Editor/ProjectAudit.cs Line: 965)

AUDIT UI_CLICK DeployButton
UnityEngine.Debug:ExtractStackTraceNoAlloc (byte*,int,string)
UnityEngine.StackTraceUtility:ExtractStackTrace ()
UnityEngine.DebugLogHandler:Internal_Log (UnityEngine.LogType,UnityEngine.LogOption,string,UnityEngine.Object)
UnityEngine.DebugLogHandler:LogFormat (UnityEngine.LogType,UnityEngine.Object,string,object[])
UnityEngine.Logger:Log (UnityEngine.LogType,object)
UnityEngine.Debug:Log (object)
ProjectAudit:Record (string) (at Assets/Editor/ProjectAudit.cs:965)
ProjectAudit:Click (string) (at Assets/Editor/ProjectAudit.cs:885)
ProjectAudit/<ProgressionScenarios>d__23:MoveNext () (at Assets/Editor/ProjectAudit.cs:353)
ProjectAudit/<RunScenarios>d__33:MoveNext () (at Assets/Editor/ProjectAudit.cs:825)
ProjectAudit:Tick () (at Assets/Editor/ProjectAudit.cs:811)
UnityEditor.EditorApplication:Internal_CallUpdateFunctions ()

(Filename: Assets/Editor/ProjectAudit.cs Line: 965)

AUDIT MOBILE_PASS upgrade_rng_independent_of_effects
UnityEngine.Debug:ExtractStackTraceNoAlloc (byte*,int,string)
UnityEngine.StackTraceUtility:ExtractStackTrace ()
UnityEngine.DebugLogHandler:Internal_Log (UnityEngine.LogType,UnityEngine.LogOption,string,UnityEngine.Object)
UnityEngine.DebugLogHandler:LogFormat (UnityEngine.LogType,UnityEngine.Object,string,object[])
UnityEngine.Logger:Log (UnityEngine.LogType,object)
UnityEngine.Debug:Log (object)
ProjectAudit:Record (string) (at Assets/Editor/ProjectAudit.cs:965)
ProjectAudit:Check (bool,string) (at Assets/Editor/ProjectAudit.cs:680)
ProjectAudit/<ProgressionScenarios>d__23:MoveNext () (at Assets/Editor/ProjectAudit.cs:360)
ProjectAudit/<RunScenarios>d__33:MoveNext () (at Assets/Editor/ProjectAudit.cs:825)
ProjectAudit:Tick () (at Assets/Editor/ProjectAudit.cs:811)
UnityEditor.EditorApplication:Internal_CallUpdateFunctions ()

(Filename: Assets/Editor/ProjectAudit.cs Line: 965)

AUDIT MOBILE_PASS split_rank_1
UnityEngine.Debug:ExtractStackTraceNoAlloc (byte*,int,string)
UnityEngine.StackTraceUtility:ExtractStackTrace ()
UnityEngine.DebugLogHandler:Internal_Log (UnityEngine.LogType,UnityEngine.LogOption,string,UnityEngine.Object)
UnityEngine.DebugLogHandler:LogFormat (UnityEngine.LogType,UnityEngine.Object,string,object[])
UnityEngine.Logger:Log (UnityEngine.LogType,object)
UnityEngine.Debug:Log (object)
ProjectAudit:Record (string) (at Assets/Editor/ProjectAudit.cs:965)
ProjectAudit:Check (bool,string) (at Assets/Editor/ProjectAudit.cs:680)
ProjectAudit/<ProgressionScenarios>d__23:MoveNext () (at Assets/Editor/ProjectAudit.cs:361)
ProjectAudit/<RunScenarios>d__33:MoveNext () (at Assets/Editor/ProjectAudit.cs:825)
ProjectAudit:Tick () (at Assets/Editor/ProjectAudit.cs:811)
UnityEditor.EditorApplication:Internal_CallUpdateFunctions ()

(Filename: Assets/Editor/ProjectAudit.cs Line: 965)

AUDIT MOBILE_PASS split_rank_2
UnityEngine.Debug:ExtractStackTraceNoAlloc (byte*,int,string)
UnityEngine.StackTraceUtility:ExtractStackTrace ()
UnityEngine.DebugLogHandler:Internal_Log (UnityEngine.LogType,UnityEngine.LogOption,string,UnityEngine.Object)
UnityEngine.DebugLogHandler:LogFormat (UnityEngine.LogType,UnityEngine.Object,string,object[])
UnityEngine.Logger:Log (UnityEngine.LogType,object)
UnityEngine.Debug:Log (object)
ProjectAudit:Record (string) (at Assets/Editor/ProjectAudit.cs:965)
ProjectAudit:Check (bool,string) (at Assets/Editor/ProjectAudit.cs:680)
ProjectAudit/<ProgressionScenarios>d__23:MoveNext () (at Assets/Editor/ProjectAudit.cs:361)
ProjectAudit/<RunScenarios>d__33:MoveNext () (at Assets/Editor/ProjectAudit.cs:825)
ProjectAudit:Tick () (at Assets/Editor/ProjectAudit.cs:811)
UnityEditor.EditorApplication:Internal_CallUpdateFunctions ()

(Filename: Assets/Editor/ProjectAudit.cs Line: 965)

AUDIT MOBILE_PASS rank_cap_rejects_overflow
UnityEngine.Debug:ExtractStackTraceNoAlloc (byte*,int,string)
UnityEngine.StackTraceUtility:ExtractStackTrace ()
UnityEngine.DebugLogHandler:Internal_Log (UnityEngine.LogType,UnityEngine.LogOption,string,UnityEngine.Object)
UnityEngine.DebugLogHandler:LogFormat (UnityEngine.LogType,UnityEngine.Object,string,object[])
UnityEngine.Logger:Log (UnityEngine.LogType,object)
UnityEngine.Debug:Log (object)
ProjectAudit:Record (string) (at Assets/Editor/ProjectAudit.cs:965)
ProjectAudit:Check (bool,string) (at Assets/Editor/ProjectAudit.cs:680)
ProjectAudit/<ProgressionScenarios>d__23:MoveNext () (at Assets/Editor/ProjectAudit.cs:362)
ProjectAudit/<RunScenarios>d__33:MoveNext () (at Assets/Editor/ProjectAudit.cs:825)
ProjectAudit:Tick () (at Assets/Editor/ProjectAudit.cs:811)
UnityEditor.EditorApplication:Internal_CallUpdateFunctions ()

(Filename: Assets/Editor/ProjectAudit.cs Line: 965)

AUDIT MOBILE_PASS split_build_damage_budget
UnityEngine.Debug:ExtractStackTraceNoAlloc (byte*,int,string)
UnityEngine.StackTraceUtility:ExtractStackTrace ()
UnityEngine.DebugLogHandler:Internal_Log (UnityEngine.LogType,UnityEngine.LogOption,string,UnityEngine.Object)
UnityEngine.DebugLogHandler:LogFormat (UnityEngine.LogType,UnityEngine.Object,string,object[])
UnityEngine.Logger:Log (UnityEngine.LogType,object)
UnityEngine.Debug:Log (object)
ProjectAudit:Record (string) (at Assets/Editor/ProjectAudit.cs:965)
ProjectAudit:Check (bool,string) (at Assets/Editor/ProjectAudit.cs:680)
ProjectAudit/<ProgressionScenarios>d__23:MoveNext () (at Assets/Editor/ProjectAudit.cs:363)
ProjectAudit/<RunScenarios>d__33:MoveNext () (at Assets/Editor/ProjectAudit.cs:825)
ProjectAudit:Tick () (at Assets/Editor/ProjectAudit.cs:811)
UnityEditor.EditorApplication:Internal_CallUpdateFunctions ()

(Filename: Assets/Editor/ProjectAudit.cs Line: 965)

AUDIT MOBILE_PASS capped_upgrade_not_offered
UnityEngine.Debug:ExtractStackTraceNoAlloc (byte*,int,string)
UnityEngine.StackTraceUtility:ExtractStackTrace ()
UnityEngine.DebugLogHandler:Internal_Log (UnityEngine.LogType,UnityEngine.LogOption,string,UnityEngine.Object)
UnityEngine.DebugLogHandler:LogFormat (UnityEngine.LogType,UnityEngine.Object,string,object[])
UnityEngine.Logger:Log (UnityEngine.LogType,object)
UnityEngine.Debug:Log (object)
ProjectAudit:Record (string) (at Assets/Editor/ProjectAudit.cs:965)
ProjectAudit:Check (bool,string) (at Assets/Editor/ProjectAudit.cs:680)
ProjectAudit/<ProgressionScenarios>d__23:MoveNext () (at Assets/Editor/ProjectAudit.cs:364)
ProjectAudit/<RunScenarios>d__33:MoveNext () (at Assets/Editor/ProjectAudit.cs:825)
ProjectAudit:Tick () (at Assets/Editor/ProjectAudit.cs:811)
UnityEditor.EditorApplication:Internal_CallUpdateFunctions ()

(Filename: Assets/Editor/ProjectAudit.cs Line: 965)

AUDIT MOBILE_PASS reward_transition_0
UnityEngine.Debug:ExtractStackTraceNoAlloc (byte*,int,string)
UnityEngine.StackTraceUtility:ExtractStackTrace ()
UnityEngine.DebugLogHandler:Internal_Log (UnityEngine.LogType,UnityEngine.LogOption,string,UnityEngine.Object)
UnityEngine.DebugLogHandler:LogFormat (UnityEngine.LogType,UnityEngine.Object,string,object[])
UnityEngine.Logger:Log (UnityEngine.LogType,object)
UnityEngine.Debug:Log (object)
ProjectAudit:Record (string) (at Assets/Editor/ProjectAudit.cs:965)
ProjectAudit:Check (bool,string) (at Assets/Editor/ProjectAudit.cs:680)
ProjectAudit/<ProgressionScenarios>d__23:MoveNext () (at Assets/Editor/ProjectAudit.cs:371)
ProjectAudit/<RunScenarios>d__33:MoveNext () (at Assets/Editor/ProjectAudit.cs:825)
ProjectAudit:Tick () (at Assets/Editor/ProjectAudit.cs:811)
UnityEditor.EditorApplication:Internal_CallUpdateFunctions ()

(Filename: Assets/Editor/ProjectAudit.cs Line: 965)

AUDIT MOBILE_PASS cannot_skip_upgrade_0
UnityEngine.Debug:ExtractStackTraceNoAlloc (byte*,int,string)
UnityEngine.StackTraceUtility:ExtractStackTrace ()
UnityEngine.DebugLogHandler:Internal_Log (UnityEngine.LogType,UnityEngine.LogOption,string,UnityEngine.Object)
UnityEngine.DebugLogHandler:LogFormat (UnityEngine.LogType,UnityEngine.Object,string,object[])
UnityEngine.Logger:Log (UnityEngine.LogType,object)
UnityEngine.Debug:Log (object)
ProjectAudit:Record (string) (at Assets/Editor/ProjectAudit.cs:965)
ProjectAudit:Check (bool,string) (at Assets/Editor/ProjectAudit.cs:680)
ProjectAudit/<ProgressionScenarios>d__23:MoveNext () (at Assets/Editor/ProjectAudit.cs:373)
ProjectAudit/<RunScenarios>d__33:MoveNext () (at Assets/Editor/ProjectAudit.cs:825)
ProjectAudit:Tick () (at Assets/Editor/ProjectAudit.cs:811)
UnityEditor.EditorApplication:Internal_CallUpdateFunctions ()

(Filename: Assets/Editor/ProjectAudit.cs Line: 965)

AUDIT UI_CLICK ChooseButton
UnityEngine.Debug:ExtractStackTraceNoAlloc (byte*,int,string)
UnityEngine.StackTraceUtility:ExtractStackTrace ()
UnityEngine.DebugLogHandler:Internal_Log (UnityEngine.LogType,UnityEngine.LogOption,string,UnityEngine.Object)
UnityEngine.DebugLogHandler:LogFormat (UnityEngine.LogType,UnityEngine.Object,string,object[])
UnityEngine.Logger:Log (UnityEngine.LogType,object)
UnityEngine.Debug:Log (object)
ProjectAudit:Record (string) (at Assets/Editor/ProjectAudit.cs:965)
ProjectAudit:Click (string) (at Assets/Editor/ProjectAudit.cs:885)
ProjectAudit/<ProgressionScenarios>d__23:MoveNext () (at Assets/Editor/ProjectAudit.cs:374)
ProjectAudit/<RunScenarios>d__33:MoveNext () (at Assets/Editor/ProjectAudit.cs:825)
ProjectAudit:Tick () (at Assets/Editor/ProjectAudit.cs:811)
UnityEditor.EditorApplication:Internal_CallUpdateFunctions ()

(Filename: Assets/Editor/ProjectAudit.cs Line: 965)

AUDIT MOBILE_PASS installed_before_next_encounter_0
UnityEngine.Debug:ExtractStackTraceNoAlloc (byte*,int,string)
UnityEngine.StackTraceUtility:ExtractStackTrace ()
UnityEngine.DebugLogHandler:Internal_Log (UnityEngine.LogType,UnityEngine.LogOption,string,UnityEngine.Object)
UnityEngine.DebugLogHandler:LogFormat (UnityEngine.LogType,UnityEngine.Object,string,object[])
UnityEngine.Logger:Log (UnityEngine.LogType,object)
UnityEngine.Debug:Log (object)
ProjectAudit:Record (string) (at Assets/Editor/ProjectAudit.cs:965)
ProjectAudit:Check (bool,string) (at Assets/Editor/ProjectAudit.cs:680)
ProjectAudit/<ProgressionScenarios>d__23:MoveNext () (at Assets/Editor/ProjectAudit.cs:375)
ProjectAudit/<RunScenarios>d__33:MoveNext () (at Assets/Editor/ProjectAudit.cs:825)
ProjectAudit:Tick () (at Assets/Editor/ProjectAudit.cs:811)
UnityEditor.EditorApplication:Internal_CallUpdateFunctions ()

(Filename: Assets/Editor/ProjectAudit.cs Line: 965)

AUDIT MOBILE_PASS reward_transition_1
UnityEngine.Debug:ExtractStackTraceNoAlloc (byte*,int,string)
UnityEngine.StackTraceUtility:ExtractStackTrace ()
UnityEngine.DebugLogHandler:Internal_Log (UnityEngine.LogType,UnityEngine.LogOption,string,UnityEngine.Object)
UnityEngine.DebugLogHandler:LogFormat (UnityEngine.LogType,UnityEngine.Object,string,object[])
UnityEngine.Logger:Log (UnityEngine.LogType,object)
UnityEngine.Debug:Log (object)
ProjectAudit:Record (string) (at Assets/Editor/ProjectAudit.cs:965)
ProjectAudit:Check (bool,string) (at Assets/Editor/ProjectAudit.cs:680)
ProjectAudit/<ProgressionScenarios>d__23:MoveNext () (at Assets/Editor/ProjectAudit.cs:371)
ProjectAudit/<RunScenarios>d__33:MoveNext () (at Assets/Editor/ProjectAudit.cs:825)
ProjectAudit:Tick () (at Assets/Editor/ProjectAudit.cs:811)
UnityEditor.EditorApplication:Internal_CallUpdateFunctions ()

(Filename: Assets/Editor/ProjectAudit.cs Line: 965)

AUDIT MOBILE_PASS cannot_skip_upgrade_1
UnityEngine.Debug:ExtractStackTraceNoAlloc (byte*,int,string)
UnityEngine.StackTraceUtility:ExtractStackTrace ()
UnityEngine.DebugLogHandler:Internal_Log (UnityEngine.LogType,UnityEngine.LogOption,string,UnityEngine.Object)
UnityEngine.DebugLogHandler:LogFormat (UnityEngine.LogType,UnityEngine.Object,string,object[])
UnityEngine.Logger:Log (UnityEngine.LogType,object)
UnityEngine.Debug:Log (object)
ProjectAudit:Record (string) (at Assets/Editor/ProjectAudit.cs:965)
ProjectAudit:Check (bool,string) (at Assets/Editor/ProjectAudit.cs:680)
ProjectAudit/<ProgressionScenarios>d__23:MoveNext () (at Assets/Editor/ProjectAudit.cs:373)
ProjectAudit/<RunScenarios>d__33:MoveNext () (at Assets/Editor/ProjectAudit.cs:825)
ProjectAudit:Tick () (at Assets/Editor/ProjectAudit.cs:811)
UnityEditor.EditorApplication:Internal_CallUpdateFunctions ()

(Filename: Assets/Editor/ProjectAudit.cs Line: 965)

AUDIT UI_CLICK ChooseButton
UnityEngine.Debug:ExtractStackTraceNoAlloc (byte*,int,string)
UnityEngine.StackTraceUtility:ExtractStackTrace ()
UnityEngine.DebugLogHandler:Internal_Log (UnityEngine.LogType,UnityEngine.LogOption,string,UnityEngine.Object)
UnityEngine.DebugLogHandler:LogFormat (UnityEngine.LogType,UnityEngine.Object,string,object[])
UnityEngine.Logger:Log (UnityEngine.LogType,object)
UnityEngine.Debug:Log (object)
ProjectAudit:Record (string) (at Assets/Editor/ProjectAudit.cs:965)
ProjectAudit:Click (string) (at Assets/Editor/ProjectAudit.cs:885)
ProjectAudit/<ProgressionScenarios>d__23:MoveNext () (at Assets/Editor/ProjectAudit.cs:374)
ProjectAudit/<RunScenarios>d__33:MoveNext () (at Assets/Editor/ProjectAudit.cs:825)
ProjectAudit:Tick () (at Assets/Editor/ProjectAudit.cs:811)
UnityEditor.EditorApplication:Internal_CallUpdateFunctions ()

(Filename: Assets/Editor/ProjectAudit.cs Line: 965)

AUDIT MOBILE_PASS installed_before_next_encounter_1
UnityEngine.Debug:ExtractStackTraceNoAlloc (byte*,int,string)
UnityEngine.StackTraceUtility:ExtractStackTrace ()
UnityEngine.DebugLogHandler:Internal_Log (UnityEngine.LogType,UnityEngine.LogOption,string,UnityEngine.Object)
UnityEngine.DebugLogHandler:LogFormat (UnityEngine.LogType,UnityEngine.Object,string,object[])
UnityEngine.Logger:Log (UnityEngine.LogType,object)
UnityEngine.Debug:Log (object)
ProjectAudit:Record (string) (at Assets/Editor/ProjectAudit.cs:965)
ProjectAudit:Check (bool,string) (at Assets/Editor/ProjectAudit.cs:680)
ProjectAudit/<ProgressionScenarios>d__23:MoveNext () (at Assets/Editor/ProjectAudit.cs:375)
ProjectAudit/<RunScenarios>d__33:MoveNext () (at Assets/Editor/ProjectAudit.cs:825)
ProjectAudit:Tick () (at Assets/Editor/ProjectAudit.cs:811)
UnityEditor.EditorApplication:Internal_CallUpdateFunctions ()

(Filename: Assets/Editor/ProjectAudit.cs Line: 965)

AUDIT MOBILE_PASS reward_transition_2
UnityEngine.Debug:ExtractStackTraceNoAlloc (byte*,int,string)
UnityEngine.StackTraceUtility:ExtractStackTrace ()
UnityEngine.DebugLogHandler:Internal_Log (UnityEngine.LogType,UnityEngine.LogOption,string,UnityEngine.Object)
UnityEngine.DebugLogHandler:LogFormat (UnityEngine.LogType,UnityEngine.Object,string,object[])
UnityEngine.Logger:Log (UnityEngine.LogType,object)
UnityEngine.Debug:Log (object)
ProjectAudit:Record (string) (at Assets/Editor/ProjectAudit.cs:965)
ProjectAudit:Check (bool,string) (at Assets/Editor/ProjectAudit.cs:680)
ProjectAudit/<ProgressionScenarios>d__23:MoveNext () (at Assets/Editor/ProjectAudit.cs:371)
ProjectAudit/<RunScenarios>d__33:MoveNext () (at Assets/Editor/ProjectAudit.cs:825)
ProjectAudit:Tick () (at Assets/Editor/ProjectAudit.cs:811)
UnityEditor.EditorApplication:Internal_CallUpdateFunctions ()

(Filename: Assets/Editor/ProjectAudit.cs Line: 965)

AUDIT MOBILE_PASS cannot_skip_upgrade_2
UnityEngine.Debug:ExtractStackTraceNoAlloc (byte*,int,string)
UnityEngine.StackTraceUtility:ExtractStackTrace ()
UnityEngine.DebugLogHandler:Internal_Log (UnityEngine.LogType,UnityEngine.LogOption,string,UnityEngine.Object)
UnityEngine.DebugLogHandler:LogFormat (UnityEngine.LogType,UnityEngine.Object,string,object[])
UnityEngine.Logger:Log (UnityEngine.LogType,object)
UnityEngine.Debug:Log (object)
ProjectAudit:Record (string) (at Assets/Editor/ProjectAudit.cs:965)
ProjectAudit:Check (bool,string) (at Assets/Editor/ProjectAudit.cs:680)
ProjectAudit/<ProgressionScenarios>d__23:MoveNext () (at Assets/Editor/ProjectAudit.cs:373)
ProjectAudit/<RunScenarios>d__33:MoveNext () (at Assets/Editor/ProjectAudit.cs:825)
ProjectAudit:Tick () (at Assets/Editor/ProjectAudit.cs:811)
UnityEditor.EditorApplication:Internal_CallUpdateFunctions ()

(Filename: Assets/Editor/ProjectAudit.cs Line: 965)

AUDIT UI_CLICK ChooseButton
UnityEngine.Debug:ExtractStackTraceNoAlloc (byte*,int,string)
UnityEngine.StackTraceUtility:ExtractStackTrace ()
UnityEngine.DebugLogHandler:Internal_Log (UnityEngine.LogType,UnityEngine.LogOption,string,UnityEngine.Object)
UnityEngine.DebugLogHandler:LogFormat (UnityEngine.LogType,UnityEngine.Object,string,object[])
UnityEngine.Logger:Log (UnityEngine.LogType,object)
UnityEngine.Debug:Log (object)
ProjectAudit:Record (string) (at Assets/Editor/ProjectAudit.cs:965)
ProjectAudit:Click (string) (at Assets/Editor/ProjectAudit.cs:885)
ProjectAudit/<ProgressionScenarios>d__23:MoveNext () (at Assets/Editor/ProjectAudit.cs:374)
ProjectAudit/<RunScenarios>d__33:MoveNext () (at Assets/Editor/ProjectAudit.cs:825)
ProjectAudit:Tick () (at Assets/Editor/ProjectAudit.cs:811)
UnityEditor.EditorApplication:Internal_CallUpdateFunctions ()

(Filename: Assets/Editor/ProjectAudit.cs Line: 965)

AUDIT MOBILE_PASS installed_before_next_encounter_2
UnityEngine.Debug:ExtractStackTraceNoAlloc (byte*,int,string)
UnityEngine.StackTraceUtility:ExtractStackTrace ()
UnityEngine.DebugLogHandler:Internal_Log (UnityEngine.LogType,UnityEngine.LogOption,string,UnityEngine.Object)
UnityEngine.DebugLogHandler:LogFormat (UnityEngine.LogType,UnityEngine.Object,string,object[])
UnityEngine.Logger:Log (UnityEngine.LogType,object)
UnityEngine.Debug:Log (object)
ProjectAudit:Record (string) (at Assets/Editor/ProjectAudit.cs:965)
ProjectAudit:Check (bool,string) (at Assets/Editor/ProjectAudit.cs:680)
ProjectAudit/<ProgressionScenarios>d__23:MoveNext () (at Assets/Editor/ProjectAudit.cs:375)
ProjectAudit/<RunScenarios>d__33:MoveNext () (at Assets/Editor/ProjectAudit.cs:825)
ProjectAudit:Tick () (at Assets/Editor/ProjectAudit.cs:811)
UnityEditor.EditorApplication:Internal_CallUpdateFunctions ()

(Filename: Assets/Editor/ProjectAudit.cs Line: 965)

AUDIT MOBILE_PASS sector_two_checkpoint_after_third_choice
UnityEngine.Debug:ExtractStackTraceNoAlloc (byte*,int,string)
UnityEngine.StackTraceUtility:ExtractStackTrace ()
UnityEngine.DebugLogHandler:Internal_Log (UnityEngine.LogType,UnityEngine.LogOption,string,UnityEngine.Object)
UnityEngine.DebugLogHandler:LogFormat (UnityEngine.LogType,UnityEngine.Object,string,object[])
UnityEngine.Logger:Log (UnityEngine.LogType,object)
UnityEngine.Debug:Log (object)
ProjectAudit:Record (string) (at Assets/Editor/ProjectAudit.cs:965)
ProjectAudit:Check (bool,string) (at Assets/Editor/ProjectAudit.cs:680)
ProjectAudit/<ProgressionScenarios>d__23:MoveNext () (at Assets/Editor/ProjectAudit.cs:378)
ProjectAudit/<RunScenarios>d__33:MoveNext () (at Assets/Editor/ProjectAudit.cs:825)
ProjectAudit:Tick () (at Assets/Editor/ProjectAudit.cs:811)
UnityEditor.EditorApplication:Internal_CallUpdateFunctions ()

(Filename: Assets/Editor/ProjectAudit.cs Line: 965)

AUDIT UI_CLICK ChooseButton
UnityEngine.Debug:ExtractStackTraceNoAlloc (byte*,int,string)
UnityEngine.StackTraceUtility:ExtractStackTrace ()
UnityEngine.DebugLogHandler:Internal_Log (UnityEngine.LogType,UnityEngine.LogOption,string,UnityEngine.Object)
UnityEngine.DebugLogHandler:LogFormat (UnityEngine.LogType,UnityEngine.Object,string,object[])
UnityEngine.Logger:Log (UnityEngine.LogType,object)
UnityEngine.Debug:Log (object)
ProjectAudit:Record (string) (at Assets/Editor/ProjectAudit.cs:965)
ProjectAudit:Click (string) (at Assets/Editor/ProjectAudit.cs:885)
ProjectAudit/<ProgressionScenarios>d__23:MoveNext () (at Assets/Editor/ProjectAudit.cs:388)
ProjectAudit/<RunScenarios>d__33:MoveNext () (at Assets/Editor/ProjectAudit.cs:825)
ProjectAudit:Tick () (at Assets/Editor/ProjectAudit.cs:811)
UnityEditor.EditorApplication:Internal_CallUpdateFunctions ()

(Filename: Assets/Editor/ProjectAudit.cs Line: 965)

AUDIT MOBILE_PASS demo_defeat_offers_continue
UnityEngine.Debug:ExtractStackTraceNoAlloc (byte*,int,string)
UnityEngine.StackTraceUtility:ExtractStackTrace ()
UnityEngine.DebugLogHandler:Internal_Log (UnityEngine.LogType,UnityEngine.LogOption,string,UnityEngine.Object)
UnityEngine.DebugLogHandler:LogFormat (UnityEngine.LogType,UnityEngine.Object,string,object[])
UnityEngine.Logger:Log (UnityEngine.LogType,object)
UnityEngine.Debug:Log (object)
ProjectAudit:Record (string) (at Assets/Editor/ProjectAudit.cs:965)
ProjectAudit:Check (bool,string) (at Assets/Editor/ProjectAudit.cs:680)
ProjectAudit/<ProgressionScenarios>d__23:MoveNext () (at Assets/Editor/ProjectAudit.cs:394)
ProjectAudit/<RunScenarios>d__33:MoveNext () (at Assets/Editor/ProjectAudit.cs:825)
ProjectAudit:Tick () (at Assets/Editor/ProjectAudit.cs:811)
UnityEditor.EditorApplication:Internal_CallUpdateFunctions ()

(Filename: Assets/Editor/ProjectAudit.cs Line: 965)

AUDIT CAPTURE progression_01_continue colors=67
UnityEngine.Debug:ExtractStackTraceNoAlloc (byte*,int,string)
UnityEngine.StackTraceUtility:ExtractStackTrace ()
UnityEngine.DebugLogHandler:Internal_Log (UnityEngine.LogType,UnityEngine.LogOption,string,UnityEngine.Object)
UnityEngine.DebugLogHandler:LogFormat (UnityEngine.LogType,UnityEngine.Object,string,object[])
UnityEngine.Logger:Log (UnityEngine.LogType,object)
UnityEngine.Debug:Log (object)
ProjectAudit:Record (string) (at Assets/Editor/ProjectAudit.cs:965)
ProjectAudit:Capture (string,int,int,System.Nullable`1<UnityEngine.Rect>) (at Assets/Editor/ProjectAudit.cs:935)
ProjectAudit/<ProgressionScenarios>d__23:MoveNext () (at Assets/Editor/ProjectAudit.cs:395)
ProjectAudit/<RunScenarios>d__33:MoveNext () (at Assets/Editor/ProjectAudit.cs:825)
ProjectAudit:Tick () (at Assets/Editor/ProjectAudit.cs:811)
UnityEditor.EditorApplication:Internal_CallUpdateFunctions ()

(Filename: Assets/Editor/ProjectAudit.cs Line: 965)

AUDIT UI_CLICK ContinueRunButton
UnityEngine.Debug:ExtractStackTraceNoAlloc (byte*,int,string)
UnityEngine.StackTraceUtility:ExtractStackTrace ()
UnityEngine.DebugLogHandler:Internal_Log (UnityEngine.LogType,UnityEngine.LogOption,string,UnityEngine.Object)
UnityEngine.DebugLogHandler:LogFormat (UnityEngine.LogType,UnityEngine.Object,string,object[])
UnityEngine.Logger:Log (UnityEngine.LogType,object)
UnityEngine.Debug:Log (object)
ProjectAudit:Record (string) (at Assets/Editor/ProjectAudit.cs:965)
ProjectAudit:Click (string) (at Assets/Editor/ProjectAudit.cs:885)
ProjectAudit/<ProgressionScenarios>d__23:MoveNext () (at Assets/Editor/ProjectAudit.cs:399)
ProjectAudit/<RunScenarios>d__33:MoveNext () (at Assets/Editor/ProjectAudit.cs:825)
ProjectAudit:Tick () (at Assets/Editor/ProjectAudit.cs:811)
UnityEditor.EditorApplication:Internal_CallUpdateFunctions ()

(Filename: Assets/Editor/ProjectAudit.cs Line: 965)

AUDIT MOBILE_PASS continue_restores_sector_entry
UnityEngine.Debug:ExtractStackTraceNoAlloc (byte*,int,string)
UnityEngine.StackTraceUtility:ExtractStackTrace ()
UnityEngine.DebugLogHandler:Internal_Log (UnityEngine.LogType,UnityEngine.LogOption,string,UnityEngine.Object)
UnityEngine.DebugLogHandler:LogFormat (UnityEngine.LogType,UnityEngine.Object,string,object[])
UnityEngine.Logger:Log (UnityEngine.LogType,object)
UnityEngine.Debug:Log (object)
ProjectAudit:Record (string) (at Assets/Editor/ProjectAudit.cs:965)
ProjectAudit:Check (bool,string) (at Assets/Editor/ProjectAudit.cs:680)
ProjectAudit/<ProgressionScenarios>d__23:MoveNext () (at Assets/Editor/ProjectAudit.cs:401)
ProjectAudit/<RunScenarios>d__33:MoveNext () (at Assets/Editor/ProjectAudit.cs:825)
ProjectAudit:Tick () (at Assets/Editor/ProjectAudit.cs:811)
UnityEditor.EditorApplication:Internal_CallUpdateFunctions ()

(Filename: Assets/Editor/ProjectAudit.cs Line: 965)

AUDIT MOBILE_PASS continue_discards_failed_segment_rewards
UnityEngine.Debug:ExtractStackTraceNoAlloc (byte*,int,string)
UnityEngine.StackTraceUtility:ExtractStackTrace ()
UnityEngine.DebugLogHandler:Internal_Log (UnityEngine.LogType,UnityEngine.LogOption,string,UnityEngine.Object)
UnityEngine.DebugLogHandler:LogFormat (UnityEngine.LogType,UnityEngine.Object,string,object[])
UnityEngine.Logger:Log (UnityEngine.LogType,object)
UnityEngine.Debug:Log (object)
ProjectAudit:Record (string) (at Assets/Editor/ProjectAudit.cs:965)
ProjectAudit:Check (bool,string) (at Assets/Editor/ProjectAudit.cs:680)
ProjectAudit/<ProgressionScenarios>d__23:MoveNext () (at Assets/Editor/ProjectAudit.cs:402)
ProjectAudit/<RunScenarios>d__33:MoveNext () (at Assets/Editor/ProjectAudit.cs:825)
ProjectAudit:Tick () (at Assets/Editor/ProjectAudit.cs:811)
UnityEditor.EditorApplication:Internal_CallUpdateFunctions ()

(Filename: Assets/Editor/ProjectAudit.cs Line: 965)

AUDIT MOBILE_PASS continue_restores_build_and_choice_rng
UnityEngine.Debug:ExtractStackTraceNoAlloc (byte*,int,string)
UnityEngine.StackTraceUtility:ExtractStackTrace ()
UnityEngine.DebugLogHandler:Internal_Log (UnityEngine.LogType,UnityEngine.LogOption,string,UnityEngine.Object)
UnityEngine.DebugLogHandler:LogFormat (UnityEngine.LogType,UnityEngine.Object,string,object[])
UnityEngine.Logger:Log (UnityEngine.LogType,object)
UnityEngine.Debug:Log (object)
ProjectAudit:Record (string) (at Assets/Editor/ProjectAudit.cs:965)
ProjectAudit:Check (bool,string) (at Assets/Editor/ProjectAudit.cs:680)
ProjectAudit/<ProgressionScenarios>d__23:MoveNext () (at Assets/Editor/ProjectAudit.cs:403)
ProjectAudit/<RunScenarios>d__33:MoveNext () (at Assets/Editor/ProjectAudit.cs:825)
ProjectAudit:Tick () (at Assets/Editor/ProjectAudit.cs:811)
UnityEditor.EditorApplication:Internal_CallUpdateFunctions ()

(Filename: Assets/Editor/ProjectAudit.cs Line: 965)

AUDIT MOBILE_PASS continue_restores_health_and_stats
UnityEngine.Debug:ExtractStackTraceNoAlloc (byte*,int,string)
UnityEngine.StackTraceUtility:ExtractStackTrace ()
UnityEngine.DebugLogHandler:Internal_Log (UnityEngine.LogType,UnityEngine.LogOption,string,UnityEngine.Object)
UnityEngine.DebugLogHandler:LogFormat (UnityEngine.LogType,UnityEngine.Object,string,object[])
UnityEngine.Logger:Log (UnityEngine.LogType,object)
UnityEngine.Debug:Log (object)
ProjectAudit:Record (string) (at Assets/Editor/ProjectAudit.cs:965)
ProjectAudit:Check (bool,string) (at Assets/Editor/ProjectAudit.cs:680)
ProjectAudit/<ProgressionScenarios>d__23:MoveNext () (at Assets/Editor/ProjectAudit.cs:404)
ProjectAudit/<RunScenarios>d__33:MoveNext () (at Assets/Editor/ProjectAudit.cs:825)
ProjectAudit:Tick () (at Assets/Editor/ProjectAudit.cs:811)
UnityEditor.EditorApplication:Internal_CallUpdateFunctions ()

(Filename: Assets/Editor/ProjectAudit.cs Line: 965)

AUDIT MOBILE_PASS continue_revives_and_excludes_result_wait
UnityEngine.Debug:ExtractStackTraceNoAlloc (byte*,int,string)
UnityEngine.StackTraceUtility:ExtractStackTrace ()
UnityEngine.DebugLogHandler:Internal_Log (UnityEngine.LogType,UnityEngine.LogOption,string,UnityEngine.Object)
UnityEngine.DebugLogHandler:LogFormat (UnityEngine.LogType,UnityEngine.Object,string,object[])
UnityEngine.Logger:Log (UnityEngine.LogType,object)
UnityEngine.Debug:Log (object)
ProjectAudit:Record (string) (at Assets/Editor/ProjectAudit.cs:965)
ProjectAudit:Check (bool,string) (at Assets/Editor/ProjectAudit.cs:680)
ProjectAudit/<ProgressionScenarios>d__23:MoveNext () (at Assets/Editor/ProjectAudit.cs:405)
ProjectAudit/<RunScenarios>d__33:MoveNext () (at Assets/Editor/ProjectAudit.cs:825)
ProjectAudit:Tick () (at Assets/Editor/ProjectAudit.cs:811)
UnityEditor.EditorApplication:Internal_CallUpdateFunctions ()

(Filename: Assets/Editor/ProjectAudit.cs Line: 965)

AUDIT UI_CLICK ChooseButton
UnityEngine.Debug:ExtractStackTraceNoAlloc (byte*,int,string)
UnityEngine.StackTraceUtility:ExtractStackTrace ()
UnityEngine.DebugLogHandler:Internal_Log (UnityEngine.LogType,UnityEngine.LogOption,string,UnityEngine.Object)
UnityEngine.DebugLogHandler:LogFormat (UnityEngine.LogType,UnityEngine.Object,string,object[])
UnityEngine.Logger:Log (UnityEngine.LogType,object)
UnityEngine.Debug:Log (object)
ProjectAudit:Record (string) (at Assets/Editor/ProjectAudit.cs:965)
ProjectAudit:Click (string) (at Assets/Editor/ProjectAudit.cs:885)
ProjectAudit/<ProgressionScenarios>d__23:MoveNext () (at Assets/Editor/ProjectAudit.cs:412)
ProjectAudit/<RunScenarios>d__33:MoveNext () (at Assets/Editor/ProjectAudit.cs:825)
ProjectAudit:Tick () (at Assets/Editor/ProjectAudit.cs:811)
UnityEditor.EditorApplication:Internal_CallUpdateFunctions ()

(Filename: Assets/Editor/ProjectAudit.cs Line: 965)

AUDIT MOBILE_PASS six_choices_contract_3
UnityEngine.Debug:ExtractStackTraceNoAlloc (byte*,int,string)
UnityEngine.StackTraceUtility:ExtractStackTrace ()
UnityEngine.DebugLogHandler:Internal_Log (UnityEngine.LogType,UnityEngine.LogOption,string,UnityEngine.Object)
UnityEngine.DebugLogHandler:LogFormat (UnityEngine.LogType,UnityEngine.Object,string,object[])
UnityEngine.Logger:Log (UnityEngine.LogType,object)
UnityEngine.Debug:Log (object)
ProjectAudit:Record (string) (at Assets/Editor/ProjectAudit.cs:965)
ProjectAudit:Check (bool,string) (at Assets/Editor/ProjectAudit.cs:680)
ProjectAudit/<ProgressionScenarios>d__23:MoveNext () (at Assets/Editor/ProjectAudit.cs:413)
ProjectAudit/<RunScenarios>d__33:MoveNext () (at Assets/Editor/ProjectAudit.cs:825)
ProjectAudit:Tick () (at Assets/Editor/ProjectAudit.cs:811)
UnityEditor.EditorApplication:Internal_CallUpdateFunctions ()

(Filename: Assets/Editor/ProjectAudit.cs Line: 965)

AUDIT UI_CLICK ChooseButton
UnityEngine.Debug:ExtractStackTraceNoAlloc (byte*,int,string)
UnityEngine.StackTraceUtility:ExtractStackTrace ()
UnityEngine.DebugLogHandler:Internal_Log (UnityEngine.LogType,UnityEngine.LogOption,string,UnityEngine.Object)
UnityEngine.DebugLogHandler:LogFormat (UnityEngine.LogType,UnityEngine.Object,string,object[])
UnityEngine.Logger:Log (UnityEngine.LogType,object)
UnityEngine.Debug:Log (object)
ProjectAudit:Record (string) (at Assets/Editor/ProjectAudit.cs:965)
ProjectAudit:Click (string) (at Assets/Editor/ProjectAudit.cs:885)
ProjectAudit/<ProgressionScenarios>d__23:MoveNext () (at Assets/Editor/ProjectAudit.cs:412)
ProjectAudit/<RunScenarios>d__33:MoveNext () (at Assets/Editor/ProjectAudit.cs:825)
ProjectAudit:Tick () (at Assets/Editor/ProjectAudit.cs:811)
UnityEditor.EditorApplication:Internal_CallUpdateFunctions ()

(Filename: Assets/Editor/ProjectAudit.cs Line: 965)

AUDIT MOBILE_PASS six_choices_contract_4
UnityEngine.Debug:ExtractStackTraceNoAlloc (byte*,int,string)
UnityEngine.StackTraceUtility:ExtractStackTrace ()
UnityEngine.DebugLogHandler:Internal_Log (UnityEngine.LogType,UnityEngine.LogOption,string,UnityEngine.Object)
UnityEngine.DebugLogHandler:LogFormat (UnityEngine.LogType,UnityEngine.Object,string,object[])
UnityEngine.Logger:Log (UnityEngine.LogType,object)
UnityEngine.Debug:Log (object)
ProjectAudit:Record (string) (at Assets/Editor/ProjectAudit.cs:965)
ProjectAudit:Check (bool,string) (at Assets/Editor/ProjectAudit.cs:680)
ProjectAudit/<ProgressionScenarios>d__23:MoveNext () (at Assets/Editor/ProjectAudit.cs:413)
ProjectAudit/<RunScenarios>d__33:MoveNext () (at Assets/Editor/ProjectAudit.cs:825)
ProjectAudit:Tick () (at Assets/Editor/ProjectAudit.cs:811)
UnityEditor.EditorApplication:Internal_CallUpdateFunctions ()

(Filename: Assets/Editor/ProjectAudit.cs Line: 965)

AUDIT CAPTURE progression_02_sixth_choice colors=83
UnityEngine.Debug:ExtractStackTraceNoAlloc (byte*,int,string)
UnityEngine.StackTraceUtility:ExtractStackTrace ()
UnityEngine.DebugLogHandler:Internal_Log (UnityEngine.LogType,UnityEngine.LogOption,string,UnityEngine.Object)
UnityEngine.DebugLogHandler:LogFormat (UnityEngine.LogType,UnityEngine.Object,string,object[])
UnityEngine.Logger:Log (UnityEngine.LogType,object)
UnityEngine.Debug:Log (object)
ProjectAudit:Record (string) (at Assets/Editor/ProjectAudit.cs:965)
ProjectAudit:Capture (string,int,int,System.Nullable`1<UnityEngine.Rect>) (at Assets/Editor/ProjectAudit.cs:935)
ProjectAudit/<ProgressionScenarios>d__23:MoveNext () (at Assets/Editor/ProjectAudit.cs:411)
ProjectAudit/<RunScenarios>d__33:MoveNext () (at Assets/Editor/ProjectAudit.cs:825)
ProjectAudit:Tick () (at Assets/Editor/ProjectAudit.cs:811)
UnityEditor.EditorApplication:Internal_CallUpdateFunctions ()

(Filename: Assets/Editor/ProjectAudit.cs Line: 965)

AUDIT UI_CLICK ChooseButton
UnityEngine.Debug:ExtractStackTraceNoAlloc (byte*,int,string)
UnityEngine.StackTraceUtility:ExtractStackTrace ()
UnityEngine.DebugLogHandler:Internal_Log (UnityEngine.LogType,UnityEngine.LogOption,string,UnityEngine.Object)
UnityEngine.DebugLogHandler:LogFormat (UnityEngine.LogType,UnityEngine.Object,string,object[])
UnityEngine.Logger:Log (UnityEngine.LogType,object)
UnityEngine.Debug:Log (object)
ProjectAudit:Record (string) (at Assets/Editor/ProjectAudit.cs:965)
ProjectAudit:Click (string) (at Assets/Editor/ProjectAudit.cs:885)
ProjectAudit/<ProgressionScenarios>d__23:MoveNext () (at Assets/Editor/ProjectAudit.cs:412)
ProjectAudit/<RunScenarios>d__33:MoveNext () (at Assets/Editor/ProjectAudit.cs:825)
ProjectAudit:Tick () (at Assets/Editor/ProjectAudit.cs:811)
UnityEditor.EditorApplication:Internal_CallUpdateFunctions ()

(Filename: Assets/Editor/ProjectAudit.cs Line: 965)

AUDIT MOBILE_PASS six_choices_contract_5
UnityEngine.Debug:ExtractStackTraceNoAlloc (byte*,int,string)
UnityEngine.StackTraceUtility:ExtractStackTrace ()
UnityEngine.DebugLogHandler:Internal_Log (UnityEngine.LogType,UnityEngine.LogOption,string,UnityEngine.Object)
UnityEngine.DebugLogHandler:LogFormat (UnityEngine.LogType,UnityEngine.Object,string,object[])
UnityEngine.Logger:Log (UnityEngine.LogType,object)
UnityEngine.Debug:Log (object)
ProjectAudit:Record (string) (at Assets/Editor/ProjectAudit.cs:965)
ProjectAudit:Check (bool,string) (at Assets/Editor/ProjectAudit.cs:680)
ProjectAudit/<ProgressionScenarios>d__23:MoveNext () (at Assets/Editor/ProjectAudit.cs:413)
ProjectAudit/<RunScenarios>d__33:MoveNext () (at Assets/Editor/ProjectAudit.cs:825)
ProjectAudit:Tick () (at Assets/Editor/ProjectAudit.cs:811)
UnityEditor.EditorApplication:Internal_CallUpdateFunctions ()

(Filename: Assets/Editor/ProjectAudit.cs Line: 965)

AUDIT MOBILE_PASS boss_checkpoint_after_sixth_choice
UnityEngine.Debug:ExtractStackTraceNoAlloc (byte*,int,string)
UnityEngine.StackTraceUtility:ExtractStackTrace ()
UnityEngine.DebugLogHandler:Internal_Log (UnityEngine.LogType,UnityEngine.LogOption,string,UnityEngine.Object)
UnityEngine.DebugLogHandler:LogFormat (UnityEngine.LogType,UnityEngine.Object,string,object[])
UnityEngine.Logger:Log (UnityEngine.LogType,object)
UnityEngine.Debug:Log (object)
ProjectAudit:Record (string) (at Assets/Editor/ProjectAudit.cs:965)
ProjectAudit:Check (bool,string) (at Assets/Editor/ProjectAudit.cs:680)
ProjectAudit/<ProgressionScenarios>d__23:MoveNext () (at Assets/Editor/ProjectAudit.cs:416)
ProjectAudit/<RunScenarios>d__33:MoveNext () (at Assets/Editor/ProjectAudit.cs:825)
ProjectAudit:Tick () (at Assets/Editor/ProjectAudit.cs:811)
UnityEditor.EditorApplication:Internal_CallUpdateFunctions ()

(Filename: Assets/Editor/ProjectAudit.cs Line: 965)

AUDIT MOBILE_PASS continue_only_once
UnityEngine.Debug:ExtractStackTraceNoAlloc (byte*,int,string)
UnityEngine.StackTraceUtility:ExtractStackTrace ()
UnityEngine.DebugLogHandler:Internal_Log (UnityEngine.LogType,UnityEngine.LogOption,string,UnityEngine.Object)
UnityEngine.DebugLogHandler:LogFormat (UnityEngine.LogType,UnityEngine.Object,string,object[])
UnityEngine.Logger:Log (UnityEngine.LogType,object)
UnityEngine.Debug:Log (object)
ProjectAudit:Record (string) (at Assets/Editor/ProjectAudit.cs:965)
ProjectAudit:Check (bool,string) (at Assets/Editor/ProjectAudit.cs:680)
ProjectAudit/<ProgressionScenarios>d__23:MoveNext () (at Assets/Editor/ProjectAudit.cs:420)
ProjectAudit/<RunScenarios>d__33:MoveNext () (at Assets/Editor/ProjectAudit.cs:825)
ProjectAudit:Tick () (at Assets/Editor/ProjectAudit.cs:811)
UnityEditor.EditorApplication:Internal_CallUpdateFunctions ()

(Filename: Assets/Editor/ProjectAudit.cs Line: 965)

AUDIT UI_CLICK ReturnHangarButton
UnityEngine.Debug:ExtractStackTraceNoAlloc (byte*,int,string)
UnityEngine.StackTraceUtility:ExtractStackTrace ()
UnityEngine.DebugLogHandler:Internal_Log (UnityEngine.LogType,UnityEngine.LogOption,string,UnityEngine.Object)
UnityEngine.DebugLogHandler:LogFormat (UnityEngine.LogType,UnityEngine.Object,string,object[])
UnityEngine.Logger:Log (UnityEngine.LogType,object)
UnityEngine.Debug:Log (object)
ProjectAudit:Record (string) (at Assets/Editor/ProjectAudit.cs:965)
ProjectAudit:Click (string) (at Assets/Editor/ProjectAudit.cs:885)
ProjectAudit/<ProgressionScenarios>d__23:MoveNext () (at Assets/Editor/ProjectAudit.cs:421)
ProjectAudit/<RunScenarios>d__33:MoveNext () (at Assets/Editor/ProjectAudit.cs:825)
ProjectAudit:Tick () (at Assets/Editor/ProjectAudit.cs:811)
UnityEditor.EditorApplication:Internal_CallUpdateFunctions ()

(Filename: Assets/Editor/ProjectAudit.cs Line: 965)

Unloading 1 Unused Serialized files (Serialized files now loaded: 0)
UnloadTime: 0.922700 ms
Loaded scene 'Temp/__Backupscenes/0.backup'
	Deserialize:            4.271 ms
	Integration:            6.785 ms
	Integration of assets:  0.076 ms
	Thread Wait Time:       0.004 ms
	Total Operation Time:   11.135 ms
Unloading 67 unused Assets / (235.7 KB). Loaded Objects now: 3724.
Memory consumption went from 195.8 MB to 195.6 MB.
Total: 3.077100 ms (FindLiveObjects: 0.092900 ms CreateObjectMapping: 0.021500 ms MarkObjects: 2.919700 ms  DeleteObjects: 0.042400 ms)

AUDIT UI_CLICK DeployButton
UnityEngine.Debug:ExtractStackTraceNoAlloc (byte*,int,string)
UnityEngine.StackTraceUtility:ExtractStackTrace ()
UnityEngine.DebugLogHandler:Internal_Log (UnityEngine.LogType,UnityEngine.LogOption,string,UnityEngine.Object)
UnityEngine.DebugLogHandler:LogFormat (UnityEngine.LogType,UnityEngine.Object,string,object[])
UnityEngine.Logger:Log (UnityEngine.LogType,object)
UnityEngine.Debug:Log (object)
ProjectAudit:Record (string) (at Assets/Editor/ProjectAudit.cs:965)
ProjectAudit:Click (string) (at Assets/Editor/ProjectAudit.cs:885)
ProjectAudit/<ProgressionScenarios>d__23:MoveNext () (at Assets/Editor/ProjectAudit.cs:426)
ProjectAudit/<RunScenarios>d__33:MoveNext () (at Assets/Editor/ProjectAudit.cs:825)
ProjectAudit:Tick () (at Assets/Editor/ProjectAudit.cs:811)
UnityEditor.EditorApplication:Internal_CallUpdateFunctions ()

(Filename: Assets/Editor/ProjectAudit.cs Line: 965)

AUDIT MOBILE_PASS standard_has_no_continue
UnityEngine.Debug:ExtractStackTraceNoAlloc (byte*,int,string)
UnityEngine.StackTraceUtility:ExtractStackTrace ()
UnityEngine.DebugLogHandler:Internal_Log (UnityEngine.LogType,UnityEngine.LogOption,string,UnityEngine.Object)
UnityEngine.DebugLogHandler:LogFormat (UnityEngine.LogType,UnityEngine.Object,string,object[])
UnityEngine.Logger:Log (UnityEngine.LogType,object)
UnityEngine.Debug:Log (object)
ProjectAudit:Record (string) (at Assets/Editor/ProjectAudit.cs:965)
ProjectAudit:Check (bool,string) (at Assets/Editor/ProjectAudit.cs:680)
ProjectAudit/<ProgressionScenarios>d__23:MoveNext () (at Assets/Editor/ProjectAudit.cs:430)
ProjectAudit/<RunScenarios>d__33:MoveNext () (at Assets/Editor/ProjectAudit.cs:825)
ProjectAudit:Tick () (at Assets/Editor/ProjectAudit.cs:811)
UnityEditor.EditorApplication:Internal_CallUpdateFunctions ()

(Filename: Assets/Editor/ProjectAudit.cs Line: 965)

AUDIT UI_CLICK ReturnHangarButton
UnityEngine.Debug:ExtractStackTraceNoAlloc (byte*,int,string)
UnityEngine.StackTraceUtility:ExtractStackTrace ()
UnityEngine.DebugLogHandler:Internal_Log (UnityEngine.LogType,UnityEngine.LogOption,string,UnityEngine.Object)
UnityEngine.DebugLogHandler:LogFormat (UnityEngine.LogType,UnityEngine.Object,string,object[])
UnityEngine.Logger:Log (UnityEngine.LogType,object)
UnityEngine.Debug:Log (object)
ProjectAudit:Record (string) (at Assets/Editor/ProjectAudit.cs:965)
ProjectAudit:Click (string) (at Assets/Editor/ProjectAudit.cs:885)
ProjectAudit/<ProgressionScenarios>d__23:MoveNext () (at Assets/Editor/ProjectAudit.cs:431)
ProjectAudit/<RunScenarios>d__33:MoveNext () (at Assets/Editor/ProjectAudit.cs:825)
ProjectAudit:Tick () (at Assets/Editor/ProjectAudit.cs:811)
UnityEditor.EditorApplication:Internal_CallUpdateFunctions ()

(Filename: Assets/Editor/ProjectAudit.cs Line: 965)

Unloading 1 Unused Serialized files (Serialized files now loaded: 0)
UnloadTime: 0.750000 ms
Loaded scene 'Temp/__Backupscenes/0.backup'
	Deserialize:            3.907 ms
	Integration:            6.249 ms
	Integration of assets:  0.067 ms
	Thread Wait Time:       0.005 ms
	Total Operation Time:   10.229 ms
Unloading 67 unused Assets / (49.2 KB). Loaded Objects now: 3724.
Memory consumption went from 196.0 MB to 196.0 MB.
Total: 3.045500 ms (FindLiveObjects: 0.101200 ms CreateObjectMapping: 0.019300 ms MarkObjects: 2.886000 ms  DeleteObjects: 0.038400 ms)

AUDIT UI_CLICK DeployButton
UnityEngine.Debug:ExtractStackTraceNoAlloc (byte*,int,string)
UnityEngine.StackTraceUtility:ExtractStackTrace ()
UnityEngine.DebugLogHandler:Internal_Log (UnityEngine.LogType,UnityEngine.LogOption,string,UnityEngine.Object)
UnityEngine.DebugLogHandler:LogFormat (UnityEngine.LogType,UnityEngine.Object,string,object[])
UnityEngine.Logger:Log (UnityEngine.LogType,object)
UnityEngine.Debug:Log (object)
ProjectAudit:Record (string) (at Assets/Editor/ProjectAudit.cs:965)
ProjectAudit:Click (string) (at Assets/Editor/ProjectAudit.cs:885)
ProjectAudit/<ProgressionScenarios>d__23:MoveNext () (at Assets/Editor/ProjectAudit.cs:435)
ProjectAudit/<RunScenarios>d__33:MoveNext () (at Assets/Editor/ProjectAudit.cs:825)
ProjectAudit:Tick () (at Assets/Editor/ProjectAudit.cs:811)
UnityEditor.EditorApplication:Internal_CallUpdateFunctions ()

(Filename: Assets/Editor/ProjectAudit.cs Line: 965)

AUDIT MOBILE_PASS victory_cannot_skip_six_encounters
UnityEngine.Debug:ExtractStackTraceNoAlloc (byte*,int,string)
UnityEngine.StackTraceUtility:ExtractStackTrace ()
UnityEngine.DebugLogHandler:Internal_Log (UnityEngine.LogType,UnityEngine.LogOption,string,UnityEngine.Object)
UnityEngine.DebugLogHandler:LogFormat (UnityEngine.LogType,UnityEngine.Object,string,object[])
UnityEngine.Logger:Log (UnityEngine.LogType,object)
UnityEngine.Debug:Log (object)
ProjectAudit:Record (string) (at Assets/Editor/ProjectAudit.cs:965)
ProjectAudit:Check (bool,string) (at Assets/Editor/ProjectAudit.cs:680)
ProjectAudit/<ProgressionScenarios>d__23:MoveNext () (at Assets/Editor/ProjectAudit.cs:438)
ProjectAudit/<RunScenarios>d__33:MoveNext () (at Assets/Editor/ProjectAudit.cs:825)
ProjectAudit:Tick () (at Assets/Editor/ProjectAudit.cs:811)
UnityEditor.EditorApplication:Internal_CallUpdateFunctions ()

(Filename: Assets/Editor/ProjectAudit.cs Line: 965)

AUDIT PROGRESSION_CONTRACT_PASS synthetic phase completions; not pacing/combat evidence
UnityEngine.Debug:ExtractStackTraceNoAlloc (byte*,int,string)
UnityEngine.StackTraceUtility:ExtractStackTrace ()
UnityEngine.DebugLogHandler:Internal_Log (UnityEngine.LogType,UnityEngine.LogOption,string,UnityEngine.Object)
UnityEngine.DebugLogHandler:LogFormat (UnityEngine.LogType,UnityEngine.Object,string,object[])
UnityEngine.Logger:Log (UnityEngine.LogType,object)
UnityEngine.Debug:Log (object)
ProjectAudit:Record (string) (at Assets/Editor/ProjectAudit.cs:965)
ProjectAudit/<ProgressionScenarios>d__23:MoveNext () (at Assets/Editor/ProjectAudit.cs:439)
ProjectAudit/<RunScenarios>d__33:MoveNext () (at Assets/Editor/ProjectAudit.cs:825)
ProjectAudit:Tick () (at Assets/Editor/ProjectAudit.cs:811)
UnityEditor.EditorApplication:Internal_CallUpdateFunctions ()

(Filename: Assets/Editor/ProjectAudit.cs Line: 965)

AUDIT COMBAT_BLOCK_PASS phase=Combat paused=True
UnityEngine.Debug:ExtractStackTraceNoAlloc (byte*,int,string)
UnityEngine.StackTraceUtility:ExtractStackTrace ()
UnityEngine.DebugLogHandler:Internal_Log (UnityEngine.LogType,UnityEngine.LogOption,string,UnityEngine.Object)
UnityEngine.DebugLogHandler:LogFormat (UnityEngine.LogType,UnityEngine.Object,string,object[])
UnityEngine.Logger:Log (UnityEngine.LogType,object)
UnityEngine.Debug:Log (object)
ProjectAudit:Record (string) (at Assets/Editor/ProjectAudit.cs:965)
ProjectAudit:VerifyBlockedCombat (GameManager) (at Assets/Editor/ProjectAudit.cs:868)
ProjectAudit/<RunScenarios>d__33:MoveNext () (at Assets/Editor/ProjectAudit.cs:828)
ProjectAudit:Tick () (at Assets/Editor/ProjectAudit.cs:811)
UnityEditor.EditorApplication:Internal_CallUpdateFunctions ()

(Filename: Assets/Editor/ProjectAudit.cs Line: 965)

AUDIT COMBAT_BLOCK_PASS phase=Reward paused=False
UnityEngine.Debug:ExtractStackTraceNoAlloc (byte*,int,string)
UnityEngine.StackTraceUtility:ExtractStackTrace ()
UnityEngine.DebugLogHandler:Internal_Log (UnityEngine.LogType,UnityEngine.LogOption,string,UnityEngine.Object)
UnityEngine.DebugLogHandler:LogFormat (UnityEngine.LogType,UnityEngine.Object,string,object[])
UnityEngine.Logger:Log (UnityEngine.LogType,object)
UnityEngine.Debug:Log (object)
ProjectAudit:Record (string) (at Assets/Editor/ProjectAudit.cs:965)
ProjectAudit:VerifyBlockedCombat (GameManager) (at Assets/Editor/ProjectAudit.cs:868)
ProjectAudit/<RunScenarios>d__33:MoveNext () (at Assets/Editor/ProjectAudit.cs:834)
ProjectAudit:Tick () (at Assets/Editor/ProjectAudit.cs:811)
UnityEditor.EditorApplication:Internal_CallUpdateFunctions ()

(Filename: Assets/Editor/ProjectAudit.cs Line: 965)

AUDIT MOBILE_PASS reward_blocks_in_flight_damage
UnityEngine.Debug:ExtractStackTraceNoAlloc (byte*,int,string)
UnityEngine.StackTraceUtility:ExtractStackTrace ()
UnityEngine.DebugLogHandler:Internal_Log (UnityEngine.LogType,UnityEngine.LogOption,string,UnityEngine.Object)
UnityEngine.DebugLogHandler:LogFormat (UnityEngine.LogType,UnityEngine.Object,string,object[])
UnityEngine.Logger:Log (UnityEngine.LogType,object)
UnityEngine.Debug:Log (object)
ProjectAudit:Record (string) (at Assets/Editor/ProjectAudit.cs:965)
ProjectAudit:Check (bool,string) (at Assets/Editor/ProjectAudit.cs:680)
ProjectAudit/<RunScenarios>d__33:MoveNext () (at Assets/Editor/ProjectAudit.cs:838)
ProjectAudit:Tick () (at Assets/Editor/ProjectAudit.cs:811)
UnityEditor.EditorApplication:Internal_CallUpdateFunctions ()

(Filename: Assets/Editor/ProjectAudit.cs Line: 965)

Unloading 2 Unused Serialized files (Serialized files now loaded: 0)
UnloadTime: 0.909800 ms
Loaded scene 'Temp/__Backupscenes/0.backup'
	Deserialize:            4.010 ms
	Integration:            6.590 ms
	Integration of assets:  0.073 ms
	Thread Wait Time:       0.005 ms
	Total Operation Time:   10.678 ms
Unloading 69 unused Assets / (171.2 KB). Loaded Objects now: 3724.
Memory consumption went from 195.9 MB to 195.8 MB.
Total: 3.036800 ms (FindLiveObjects: 0.094900 ms CreateObjectMapping: 0.021200 ms MarkObjects: 2.874500 ms  DeleteObjects: 0.045900 ms)

AUDIT UI_CLICK DeployButton
UnityEngine.Debug:ExtractStackTraceNoAlloc (byte*,int,string)
UnityEngine.StackTraceUtility:ExtractStackTrace ()
UnityEngine.DebugLogHandler:Internal_Log (UnityEngine.LogType,UnityEngine.LogOption,string,UnityEngine.Object)
UnityEngine.DebugLogHandler:LogFormat (UnityEngine.LogType,UnityEngine.Object,string,object[])
UnityEngine.Logger:Log (UnityEngine.LogType,object)
UnityEngine.Debug:Log (object)
ProjectAudit:Record (string) (at Assets/Editor/ProjectAudit.cs:965)
ProjectAudit:Click (string) (at Assets/Editor/ProjectAudit.cs:885)
ProjectAudit/<RunScenarios>d__33:MoveNext () (at Assets/Editor/ProjectAudit.cs:843)
ProjectAudit:Tick () (at Assets/Editor/ProjectAudit.cs:811)
UnityEditor.EditorApplication:Internal_CallUpdateFunctions ()

(Filename: Assets/Editor/ProjectAudit.cs Line: 965)

AUDIT COMBAT_BLOCK_PASS phase=Result paused=False
UnityEngine.Debug:ExtractStackTraceNoAlloc (byte*,int,string)
UnityEngine.StackTraceUtility:ExtractStackTrace ()
UnityEngine.DebugLogHandler:Internal_Log (UnityEngine.LogType,UnityEngine.LogOption,string,UnityEngine.Object)
UnityEngine.DebugLogHandler:LogFormat (UnityEngine.LogType,UnityEngine.Object,string,object[])
UnityEngine.Logger:Log (UnityEngine.LogType,object)
UnityEngine.Debug:Log (object)
ProjectAudit:Record (string) (at Assets/Editor/ProjectAudit.cs:965)
ProjectAudit:VerifyBlockedCombat (GameManager) (at Assets/Editor/ProjectAudit.cs:868)
ProjectAudit/<RunScenarios>d__33:MoveNext () (at Assets/Editor/ProjectAudit.cs:848)
ProjectAudit:Tick () (at Assets/Editor/ProjectAudit.cs:811)
UnityEditor.EditorApplication:Internal_CallUpdateFunctions ()

(Filename: Assets/Editor/ProjectAudit.cs Line: 965)

AUDIT MOBILE_PASS result_freezes_score_and_outcome
UnityEngine.Debug:ExtractStackTraceNoAlloc (byte*,int,string)
UnityEngine.StackTraceUtility:ExtractStackTrace ()
UnityEngine.DebugLogHandler:Internal_Log (UnityEngine.LogType,UnityEngine.LogOption,string,UnityEngine.Object)
UnityEngine.DebugLogHandler:LogFormat (UnityEngine.LogType,UnityEngine.Object,string,object[])
UnityEngine.Logger:Log (UnityEngine.LogType,object)
UnityEngine.Debug:Log (object)
ProjectAudit:Record (string) (at Assets/Editor/ProjectAudit.cs:965)
ProjectAudit:Check (bool,string) (at Assets/Editor/ProjectAudit.cs:680)
ProjectAudit/<RunScenarios>d__33:MoveNext () (at Assets/Editor/ProjectAudit.cs:851)
ProjectAudit:Tick () (at Assets/Editor/ProjectAudit.cs:811)
UnityEditor.EditorApplication:Internal_CallUpdateFunctions ()

(Filename: Assets/Editor/ProjectAudit.cs Line: 965)

AUDIT MOBILE_PASS result_stops_delayed_spawns
UnityEngine.Debug:ExtractStackTraceNoAlloc (byte*,int,string)
UnityEngine.StackTraceUtility:ExtractStackTrace ()
UnityEngine.DebugLogHandler:Internal_Log (UnityEngine.LogType,UnityEngine.LogOption,string,UnityEngine.Object)
UnityEngine.DebugLogHandler:LogFormat (UnityEngine.LogType,UnityEngine.Object,string,object[])
UnityEngine.Logger:Log (UnityEngine.LogType,object)
UnityEngine.Debug:Log (object)
ProjectAudit:Record (string) (at Assets/Editor/ProjectAudit.cs:965)
ProjectAudit:Check (bool,string) (at Assets/Editor/ProjectAudit.cs:680)
ProjectAudit/<RunScenarios>d__33:MoveNext () (at Assets/Editor/ProjectAudit.cs:852)
ProjectAudit:Tick () (at Assets/Editor/ProjectAudit.cs:811)
UnityEditor.EditorApplication:Internal_CallUpdateFunctions ()

(Filename: Assets/Editor/ProjectAudit.cs Line: 965)

AUDIT UI_CLICK ReturnHangarButton
UnityEngine.Debug:ExtractStackTraceNoAlloc (byte*,int,string)
UnityEngine.StackTraceUtility:ExtractStackTrace ()
UnityEngine.DebugLogHandler:Internal_Log (UnityEngine.LogType,UnityEngine.LogOption,string,UnityEngine.Object)
UnityEngine.DebugLogHandler:LogFormat (UnityEngine.LogType,UnityEngine.Object,string,object[])
UnityEngine.Logger:Log (UnityEngine.LogType,object)
UnityEngine.Debug:Log (object)
ProjectAudit:Record (string) (at Assets/Editor/ProjectAudit.cs:965)
ProjectAudit:Click (string) (at Assets/Editor/ProjectAudit.cs:885)
ProjectAudit/<RunScenarios>d__33:MoveNext () (at Assets/Editor/ProjectAudit.cs:853)
ProjectAudit:Tick () (at Assets/Editor/ProjectAudit.cs:811)
UnityEditor.EditorApplication:Internal_CallUpdateFunctions ()

(Filename: Assets/Editor/ProjectAudit.cs Line: 965)

Unloading 1 Unused Serialized files (Serialized files now loaded: 0)
UnloadTime: 0.828900 ms
Loaded scene 'Temp/__Backupscenes/0.backup'
	Deserialize:            4.535 ms
	Integration:            6.616 ms
	Integration of assets:  0.073 ms
	Thread Wait Time:       0.004 ms
	Total Operation Time:   11.228 ms
Unloading 67 unused Assets / (55.0 KB). Loaded Objects now: 3724.
Memory consumption went from 196.8 MB to 196.8 MB.
Total: 3.035400 ms (FindLiveObjects: 0.092200 ms CreateObjectMapping: 0.021700 ms MarkObjects: 2.879700 ms  DeleteObjects: 0.041400 ms)

AUDIT MOBILE_PASS p0_defeat_restart
UnityEngine.Debug:ExtractStackTraceNoAlloc (byte*,int,string)
UnityEngine.StackTraceUtility:ExtractStackTrace ()
UnityEngine.DebugLogHandler:Internal_Log (UnityEngine.LogType,UnityEngine.LogOption,string,UnityEngine.Object)
UnityEngine.DebugLogHandler:LogFormat (UnityEngine.LogType,UnityEngine.Object,string,object[])
UnityEngine.Logger:Log (UnityEngine.LogType,object)
UnityEngine.Debug:Log (object)
ProjectAudit:Record (string) (at Assets/Editor/ProjectAudit.cs:965)
ProjectAudit:Check (bool,string) (at Assets/Editor/ProjectAudit.cs:680)
ProjectAudit/<RunScenarios>d__33:MoveNext () (at Assets/Editor/ProjectAudit.cs:856)
ProjectAudit:Tick () (at Assets/Editor/ProjectAudit.cs:811)
UnityEditor.EditorApplication:Internal_CallUpdateFunctions ()

(Filename: Assets/Editor/ProjectAudit.cs Line: 965)

AUDIT_FINISHED code=0
UnityEngine.Debug:ExtractStackTraceNoAlloc (byte*,int,string)
UnityEngine.StackTraceUtility:ExtractStackTrace ()
UnityEngine.DebugLogHandler:Internal_Log (UnityEngine.LogType,UnityEngine.LogOption,string,UnityEngine.Object)
UnityEngine.DebugLogHandler:LogFormat (UnityEngine.LogType,UnityEngine.Object,string,object[])
UnityEngine.Logger:Log (UnityEngine.LogType,object)
UnityEngine.Debug:Log (object)
ProjectAudit:Finish (int) (at Assets/Editor/ProjectAudit.cs:975)
ProjectAudit:Tick () (at Assets/Editor/ProjectAudit.cs:811)
UnityEditor.EditorApplication:Internal_CallUpdateFunctions ()

(Filename: Assets/Editor/ProjectAudit.cs Line: 975)

[Physics::Module] Cleanup current backend.
[Physics::Module] Id: 0xf2b8ea05
Input System module state changed to: ShutdownInProgress.
Input System polling thread exited.
Input System module state changed to: Shutdown.
[Licensing::IpcConnector] LicenseClient-yue-notifications channel disconnected successfully.
[Licensing::IpcConnector] LicenseClient-yue channel disconnected successfully.
AcceleratorClientConnectionCallback - disconnected - :0
Cleanup mono
Checking for leaked weakptr:
  Found no leaked weakptrs.
[Package Manager] Server process was shutdown
##utp:{"type":"MemoryLeaks","version":2,"phase":"Immediate","time":1788585017056,"processId":38928,"allocatedMemory":10256728,"memoryLabels":[{"Default":29313},{"Permanent":15236},{"NewDelete":68635},{"Thread":4237960},{"Manager":36844},{"VertexData":8},{"Geometry":816},{"Texture":296},{"Shader":79333},{"Material":24},{"GfxDevice":59232},{"Animation":392},{"Audio":2664},{"FreeType":8},{"FontEngine":736},{"Physics":2146},{"Physics2D":16},{"Serialization":720},{"Input":14984},{"JobScheduler":33024},{"TextLib":216},{"Mono":32},{"ScriptingNativeRuntime":155060},{"BaseObject":1620208},{"Resource":1336},{"Renderer":3000},{"Transform":4685},{"File":3941},{"WebCam":616},{"Culling":32},{"Terrain":11394},{"Wind":24},{"STL":40},{"String":14516},{"DynamicArray":90845},{"HashMap":49172},{"Utility":2661910},{"Curl":3096},{"PoolAlloc":2056},{"AI":80},{"TypeTree":11341},{"ScriptManager":512},{"RuntimeInitializeOnLoadManager":64},{"SpriteAtlas":112},{"GI":7792},{"Director":8240},{"CloudService":6768},{"WebRequest":4774},{"VR":47994},{"SceneManager":504},{"Video":208},{"LazyScriptCache":32},{"Camera":17},{"Secure":2377},{"SerializationCache":1576},{"APIUpdating":10320},{"Subsystems":336},{"VirtualTexturing":57888},{"StaticSafetyDebugInfo":278528},{"Analytics":384},{"Hierarchy":608},{"CoreStats":13112},{"Identifiers":6480},{"Gui":96},{"EditorUtility":89118},{"VersionControl":4},{"Undo":947},{"AssetDatabase":456352},{"EditorGi":328},{"UnityConnect":29232},{"Upm":1896},{"AssetCompliance":64},{"DrivenProperties":72},{"LocalIPC":209},{"ProfilerEditor":9746},{"CoreBusinessMetrics":2859},{"Licensing":1232},{"AssetReference":32},{"IPCStream":32}]}
