[Licensing::Module] Trying to connect to existing licensing client channel...
Built from '6000.3/staging' branch; Version is '6000.3.18f1 (5ebeb53e4c07) revision 6209205'; Using compiler version '194234433'; Build Type 'Release'
[Licensing::IpcConnector] Channel LicenseClient-yue doesn't exist
OS: 'Windows 11  (10.0.22000) Core' Language: 'zh' Physical Memory: 32614 MB
BatchMode: 1, IsHumanControllingUs: 0, StartBugReporterOnCrash: 0, Is64bit: 1
System  architecture: x64
Process architecture: x64
Date: 2026-09-05T04:18:13Z
[Licensing::Module] Successfully launched the LicensingClient (PId: 28168)

COMMAND LINE ARGUMENTS:
D:\Editor\6000.3.18f1\Editor\Unity.exe
-batchmode
-projectPath
C:/Users/yue/.codex/visualizations/2026/06/18/019edb7d-a82a-7601-b667-1e85d8cb52f0/unity-audit-20260905
-executeMethod
ProjectAudit.Run
-logFile
C:/Users/yue/.codex/visualizations/2026/06/18/019edb7d-a82a-7601-b667-1e85d8cb52f0/unity-audit-20260905/Maintenance04Regression.log
Successfully changed project path to: C:/Users/yue/.codex/visualizations/2026/06/18/019edb7d-a82a-7601-b667-1e85d8cb52f0/unity-audit-20260905
C:/Users/yue/.codex/visualizations/2026/06/18/019edb7d-a82a-7601-b667-1e85d8cb52f0/unity-audit-20260905
[UnityMemory] Configuration Parameters - Can be set up in boot.config
    "memorysetup-temp-allocator-size-nav-mesh-worker=65536"
    "memorysetup-temp-allocator-size-audio-worker=65536"
    "memorysetup-temp-allocator-size-gfx=262144"
    "memorysetup-allocator-temp-initial-block-size-main=262144"
    "memorysetup-allocator-temp-initial-block-size-worker=262144"
    "memorysetup-temp-allocator-size-background-worker=32768"
    "memorysetup-temp-allocator-size-job-worker=262144"
    "memorysetup-temp-allocator-size-preload-manager=33554432"
    "memorysetup-temp-allocator-size-gi-baking-worker=262144"
    "memorysetup-temp-allocator-size-gi-baking-worker=262144"
    "memorysetup-temp-allocator-size-gi-baking-worker=262144"
    "memorysetup-temp-allocator-size-gi-baking-worker=262144"
    "memorysetup-temp-allocator-size-gi-baking-worker=262144"
    "memorysetup-bucket-allocator-granularity=16"
    "memorysetup-bucket-allocator-bucket-count=8"
    "memorysetup-bucket-allocator-block-size=33554432"
    "memorysetup-bucket-allocator-block-count=8"
    "memorysetup-main-allocator-block-size=16777216"
    "memorysetup-thread-allocator-block-size=16777216"
    "memorysetup-gfx-main-allocator-block-size=16777216"
    "memorysetup-gfx-thread-allocator-block-size=16777216"
    "memorysetup-cache-allocator-block-size=4194304"
    "memorysetup-typetree-allocator-block-size=2097152"
    "memorysetup-profiler-bucket-allocator-granularity=16"
    "memorysetup-profiler-bucket-allocator-bucket-count=8"
    "memorysetup-profiler-bucket-allocator-block-size=33554432"
    "memorysetup-profiler-bucket-allocator-block-count=8"
    "memorysetup-profiler-allocator-block-size=16777216"
    "memorysetup-profiler-editor-allocator-block-size=1048576"
    "memorysetup-temp-allocator-size-main=16777216"
    "memorysetup-job-temp-allocator-block-size=2097152"
    "memorysetup-job-temp-allocator-block-size-background=1048576"
    "memorysetup-job-temp-allocator-reduction-small-platforms=262144"
    "memorysetup-temp-allocator-size-cloud-worker=32768"
Player connection [18776]  Target information:

Player connection [18776]  * "[IP] 192.168.5.218 [Port] 55504 [Flags] 2 [Guid] 2714086610 [EditorId] 2714086610 [Version] 1048832 [Id] WindowsEditor(7,Marco) [Debug] 1 [PackageName] WindowsEditor [ProjectName] Editor" 

Player connection [18776]  * "[IP] 172.22.128.1 [Port] 55504 [Flags] 2 [Guid] 2714086610 [EditorId] 2714086610 [Version] 1048832 [Id] WindowsEditor(7,Marco) [Debug] 1 [PackageName] WindowsEditor [ProjectName] Editor" 

Player connection [18776]  * "[IP] 2.0.0.1 [Port] 55504 [Flags] 2 [Guid] 2714086610 [EditorId] 2714086610 [Version] 1048832 [Id] WindowsEditor(7,Marco) [Debug] 1 [PackageName] WindowsEditor [ProjectName] Editor" 

Player connection [18776] Host joined multi-casting on [225.0.0.222:54997]...
Player connection [18776] Host joined alternative multi-casting on [225.0.0.222:34997]...
Input System module state changed to: Initialized.
[Physics::Module] Initialized fallback backend.
[Physics::Module] Id: 0xdecafbad
[Licensing::IpcConnector] Successfully connected to: "LicenseClient-yue" at "2026-09-05T04:18:14.0644706Z"
[Package Manager] Connected to IPC stream "Upm-39800" after 0.2 seconds.
[Licensing::Module] Licensing is not yet initialized.
[Licensing::Client] Code 10 while verifying Licensing Client signature (process Id: 28168, path: "D:/Editor/6000.3.18f1/Editor/Data/Resources/Licensing/Client/Unity.Licensing.Client.exe")
[Licensing::Module] LicensingClient has failed validation; ignoring
[Licensing::Client] Handshaking with LicensingClient:
  Version:                 1.18.1+9fbee8e
  Session Id:              bd6bc7132b6a42e9b95a0c5320f87704
  Correlation Id:          81d30a64986bee197b75d7bd421e013e
  External correlation Id: 819814806077457784
  Machine Id:              XSqKgGWCHqq/Baz2PtSnIVh4W6c=
[Licensing::Module] Successfully connected to LicensingClient on channel: "LicenseClient-yue" (connect: 0.25s, validation: 0.16s, handshake: 0.06s)
[Licensing::IpcConnector] Successfully connected to: "LicenseClient-yue-notifications" at "2026-09-05T04:18:14.2815119Z"
[Licensing::Module] Connected to LicensingClient (PId: 28168, launch time: 0.00, total connection time: 0.46s)
[Licensing::Module] Error: Access token is unavailable; failed to update
[Licensing::Client] Successfully resolved entitlement details
[Licensing::Module] License group:
  Id: 18968449435854-UnityPersXXXX
  Product: Unity Personal
  Type: Assigned
  Expiration: Unlimited
[Licensing::Client] Successfully updated license, isAsync: True, time: 0.01
[Licensing::Client] Successfully resolved entitlement details
[Licensing::Module] Licensing Background thread has ended after 0.49s
[Licensing::Module] Licensing is initialized (took 0.19s).
[Licensing::Client] Successfully resolved entitlement details
Library Redirect Path: Library/
[Physics::Module] Selected backend.
[Physics::Module] Name: PhysX
[Physics::Module] Id: 0xf2b8ea05
[Physics::Module] SDK Version: 4.1.2
[Physics::Module] Integration Version: 1.0.0
[Physics::Module] Threading Mode: Multi-Threaded
Refreshing native plugins compatible for Editor in 0.00 ms, found 0 plugins.
Preloading 0 native plugins for Editor in 0.00 ms.
Initialize engine version: 6000.3.18f1 (5ebeb53e4c07)
[Subsystems] Discovering subsystems at path D:/Editor/6000.3.18f1/Editor/Data/Resources/UnitySubsystems
[Subsystems] Discovering subsystems at path C:/Users/yue/.codex/visualizations/2026/06/18/019edb7d-a82a-7601-b667-1e85d8cb52f0/unity-audit-20260905/Assets
GfxDevice: creating device client; kGfxThreadingModeNonThreaded
d3d12: failed to query info queue interface (0x80004002).
Direct3D:
    Version:         Direct3D 12 [level 12.2]
    Renderer:        NVIDIA GeForce RTX 4070 Ti (ID=0x2782)
    Vendor:          NVIDIA
    VRAM:            11994 MB
    App VRAM Budget: 11226 MB
    Driver:          32.0.15.9649
Initialize mono
Mono path[0] = 'D:/Editor/6000.3.18f1/Editor/Data/Managed'
Mono path[1] = 'D:/Editor/6000.3.18f1/Editor/Data/MonoBleedingEdge/lib/mono/unityjit-win32'
Mono config path = 'D:/Editor/6000.3.18f1/Editor/Data/MonoBleedingEdge/etc'
Using monoOptions --debugger-agent=transport=dt_socket,embedding=1,server=y,suspend=n,address=127.0.0.1:56800
Using cacheserver namespaces - metadata:defaultmetadata, artifacts:defaultartifacts
Using cacheserver namespaces - metadata:defaultmetadata, artifacts:defaultartifacts
ImportWorker Server TCP listen port: 0
AcceleratorClientConnectionCallback - disconnected - :0
Begin MonoManager ReloadAssembly
Registering precompiled unity dll's ...
Register platform support module: D:/Editor/6000.3.18f1/Editor/Data/PlaybackEngines/WindowsStandaloneSupport/UnityEditor.WindowsStandalone.Extensions.dll
Registered in 0.001613 seconds.
- Loaded All Assemblies, in  0.298 seconds
Native extension for WindowsStandalone target not found
Package Manager log level set to [2]
ScheduleIndexationOnStartup MainProcess:False IndexOnStartup:False
Mono: successfully reloaded assembly
- Finished resetting the current domain, in  0.246 seconds
Domain Reload Profiling: 544ms
	BeginReloadAssembly (132ms)
		ExecutionOrderSort (0ms)
		DisableScriptedObjects (0ms)
		BackupInstance (0ms)
		ReleaseScriptingObjects (0ms)
		CreateAndSetChildDomain (35ms)
	RebuildCommonClasses (24ms)
	RebuildNativeTypeToScriptingClass (8ms)
	initialDomainReloadingComplete (27ms)
	LoadAllAssembliesAndSetupDomain (107ms)
		LoadAssemblies (98ms)
		RebuildTransferFunctionScriptingTraits (0ms)
		AnalyzeDomain (104ms)
			TypeCache.Refresh (103ms)
				TypeCache.ScanAssembly (94ms)
			BuildScriptInfoCaches (0ms)
			ResolveRequiredComponents (0ms)
	FinalizeReload (246ms)
		ReleaseScriptCaches (0ms)
		RebuildScriptCaches (0ms)
		SetupLoadedEditorAssemblies (222ms)
			LogAssemblyErrors (0ms)
			InitializePlatformSupportModulesInManaged (29ms)
			SetLoadedEditorAssemblies (3ms)
			BeforeProcessingInitializeOnLoad (51ms)
			ProcessInitializeOnLoadAttributes (82ms)
			ProcessInitializeOnLoadMethodAttributes (56ms)
			AfterProcessingInitializeOnLoad (0ms)
			EditorAssembliesLoaded (0ms)
		ExecutionOrderSort2 (0ms)
		AwakeInstancesAfterBackupRestoration (0ms)
[Licensing::Client] Successfully resolved entitlement details
Application.AssetDatabase Initial Refresh Start
[Package Manager] Restoring resolved packages state from cache
[Licensing::Client] Successfully resolved entitlement details
[Package Manager] Registered 7 packages:
  Built-in packages:
    com.unity.ugui@2.0.0 (location: C:\Users\yue\.codex\visualizations\2026\06\18\019edb7d-a82a-7601-b667-1e85d8cb52f0\unity-audit-20260905\Library\PackageCache\com.unity.ugui@2e4da8434a5c)
    com.unity.modules.ai@1.0.0 (location: C:\Users\yue\.codex\visualizations\2026\06\18\019edb7d-a82a-7601-b667-1e85d8cb52f0\unity-audit-20260905\Library\PackageCache\com.unity.modules.ai)
    com.unity.modules.particlesystem@1.0.0 (location: C:\Users\yue\.codex\visualizations\2026\06\18\019edb7d-a82a-7601-b667-1e85d8cb52f0\unity-audit-20260905\Library\PackageCache\com.unity.modules.particlesystem)
    com.unity.modules.audio@1.0.0 (location: C:\Users\yue\.codex\visualizations\2026\06\18\019edb7d-a82a-7601-b667-1e85d8cb52f0\unity-audit-20260905\Library\PackageCache\com.unity.modules.audio)
    com.unity.modules.physics@1.0.0 (location: C:\Users\yue\.codex\visualizations\2026\06\18\019edb7d-a82a-7601-b667-1e85d8cb52f0\unity-audit-20260905\Library\PackageCache\com.unity.modules.physics)
    com.unity.modules.ui@1.0.0 (location: C:\Users\yue\.codex\visualizations\2026\06\18\019edb7d-a82a-7601-b667-1e85d8cb52f0\unity-audit-20260905\Library\PackageCache\com.unity.modules.ui)
    com.unity.modules.imgui@1.0.0 (location: C:\Users\yue\.codex\visualizations\2026\06\18\019edb7d-a82a-7601-b667-1e85d8cb52f0\unity-audit-20260905\Library\PackageCache\com.unity.modules.imgui)
[Subsystems] No new subsystems found in resolved package list.
[Package Manager] Done registering packages in 0.00 seconds
Starting: D:\Editor\6000.3.18f1\Editor\Data\Tools\BuildPipeline\bee_backend.exe --ipc --defer-dag-verification --dagfile="Library/Bee/1900b0aE.dag" --continue-on-failure --profile="Library/Bee/backend1.traceevents" ScriptAssemblies
WorkingDir: C:/Users/yue/.codex/visualizations/2026/06/18/019edb7d-a82a-7601-b667-1e85d8cb52f0/unity-audit-20260905
DisplayProgressbar: Compiling Scripts
ExitCode: 0 Duration: 0s56ms
*** Tundra build success (0.03 seconds), 0 items updated, 209 evaluated
AssetDatabase: script compilation time: 0.314449s
Begin MonoManager ReloadAssembly
- Loaded All Assemblies, in  0.305 seconds
Refreshing native plugins compatible for Editor in 0.00 ms, found 0 plugins.
Native extension for WindowsStandalone target not found
ScheduleIndexationOnStartup MainProcess:True IndexOnStartup:True
Mono: successfully reloaded assembly
- Finished resetting the current domain, in  0.292 seconds
Domain Reload Profiling: 596ms
	BeginReloadAssembly (248ms)
		ExecutionOrderSort (0ms)
		DisableScriptedObjects (16ms)
		BackupInstance (0ms)
		ReleaseScriptingObjects (0ms)
		CreateAndSetChildDomain (137ms)
	RebuildCommonClasses (22ms)
	RebuildNativeTypeToScriptingClass (8ms)
	initialDomainReloadingComplete (10ms)
	LoadAllAssembliesAndSetupDomain (16ms)
		LoadAssemblies (81ms)
		RebuildTransferFunctionScriptingTraits (0ms)
		AnalyzeDomain (10ms)
			TypeCache.Refresh (6ms)
				TypeCache.ScanAssembly (3ms)
			BuildScriptInfoCaches (2ms)
			ResolveRequiredComponents (1ms)
	FinalizeReload (292ms)
		ReleaseScriptCaches (0ms)
		RebuildScriptCaches (0ms)
		SetupLoadedEditorAssemblies (177ms)
			LogAssemblyErrors (0ms)
			InitializePlatformSupportModulesInManaged (16ms)
			SetLoadedEditorAssemblies (3ms)
			BeforeProcessingInitializeOnLoad (66ms)
			ProcessInitializeOnLoadAttributes (66ms)
			ProcessInitializeOnLoadMethodAttributes (25ms)
			AfterProcessingInitializeOnLoad (2ms)
			EditorAssembliesLoaded (0ms)
		ExecutionOrderSort2 (0ms)
		AwakeInstancesAfterBackupRestoration (25ms)
Asset Pipeline Refresh (id=1e765dda85edf2d42a8144266e198f1f): Total: 1.029 seconds - Initiated by InitialRefreshV2(ForceSynchronousImport)
	Summary:
		Imports: total=0 (actual=0, local cache=0, cache server=0)
		Asset DB Process Time: managed=0 ms, native=387 ms
		Asset DB Callback time: managed=8 ms, native=5 ms
		Scripting: domain reloads=1, domain reload time=305 ms, compile time=316 ms, other=6 ms
		Project Asset Count: scripts=142, non-scripts=139
		Asset File Changes: new=0, changed=0, moved=0, deleted=0
		Scan Filter Count: 0
	InvokeCustomDependenciesCallbacks: 0.001ms
	InvokePackagesCallback: 8.319ms
	ApplyChangesToAssetFolders: 0.507ms
	Scan: 25.319ms
	OnSourceAssetsModified: 0.002ms
	CategorizeAssetsWithTransientArtifact: 0.826ms
	ProcessAssetsWithTransientArtifactChanges: 4.037ms
	CategorizeAssets: 0.992ms
	ImportOutOfDateAssets: 292.679ms (-23.133ms without children)
		CompileScripts: 315.603ms
		ReloadNativeAssets: 0.001ms
		UnloadImportedAssets: 0.061ms
		EnsureUptoDateAssetsAreRegisteredWithGuidPM: 0.025ms
		InitializingProgressBar: 0.000ms
		OnDemandSchedulerStart: 0.123ms
	PostProcessAllAssets: 8.236ms
	GatherAllCurrentPrimaryArtifactRevisions: 0.001ms
	UnloadStreamsBegin: 0.888ms
	PersistCurrentRevisions: 0.007ms
	UnloadStreamsEnd: 0.001ms
	GenerateScriptTypeHashes: 0.072ms
	Untracked: 687.167ms

Application.AssetDatabase Initial Refresh End
Launched and connected shader compiler UnityShaderCompiler.exe after 0.01 seconds
Scanning for USB devices : 3.509ms
Initializing Unity extensions:
[MODES] ModeService[none].Initialize
[MODES] ModeService[none].LoadModes
[MODES] Loading mode Default (0) for mode-current-id-MECH ROUGE
Unloading 3 Unused Serialized files (Serialized files now loaded: 0)
Unloading 422 unused Assets / (0.6 MB). Loaded Objects now: 1051.
Memory consumption went from 95.1 MB to 94.5 MB.
Total: 3.511100 ms (FindLiveObjects: 0.045600 ms CreateObjectMapping: 0.012200 ms MarkObjects: 3.263600 ms  DeleteObjects: 0.189200 ms)

Opening scene 'Assets/Scenes/Demo_Main.unity'
Unloading 8 Unused Serialized files (Serialized files now loaded: 0)
Loaded scene 'Assets/Scenes/Demo_Main.unity'
	Deserialize:            17.549 ms
	Integration:            70.520 ms
	Integration of assets:  0.800 ms
	Thread Wait Time:       0.443 ms
	Total Operation Time:   89.313 ms
Unloading 1 unused Assets / (0.5 KB). Loaded Objects now: 3325.
Memory consumption went from 103.8 MB to 103.8 MB.
Total: 2.659200 ms (FindLiveObjects: 0.089700 ms CreateObjectMapping: 0.015200 ms MarkObjects: 2.544200 ms  DeleteObjects: 0.009500 ms)

AUDIT_INVENTORY: 105 entries; broken=0
UnityEngine.Debug:ExtractStackTraceNoAlloc (byte*,int,string)
UnityEngine.StackTraceUtility:ExtractStackTrace ()
UnityEngine.DebugLogHandler:Internal_Log (UnityEngine.LogType,UnityEngine.LogOption,string,UnityEngine.Object)
UnityEngine.DebugLogHandler:LogFormat (UnityEngine.LogType,UnityEngine.Object,string,object[])
UnityEngine.Logger:Log (UnityEngine.LogType,object)
UnityEngine.Debug:Log (object)
ProjectAudit:Inventory () (at Assets/Editor/ProjectAudit.cs:459)
ProjectAudit:Run () (at Assets/Editor/ProjectAudit.cs:49)

(Filename: Assets/Editor/ProjectAudit.cs Line: 459)

Opening scene 'Assets/Scenes/Demo_Main.unity'
Unloading 51 Unused Serialized files (Serialized files now loaded: 0)
Loaded scene 'Assets/Scenes/Demo_Main.unity'
	Deserialize:            11.428 ms
	Integration:            3.114 ms
	Integration of assets:  0.009 ms
	Thread Wait Time:       0.000 ms
	Total Operation Time:   14.551 ms
Unloading 643 unused Assets / (64.0 KB). Loaded Objects now: 3373.
Memory consumption went from 103.6 MB to 103.5 MB.
Total: 2.808300 ms (FindLiveObjects: 0.092100 ms CreateObjectMapping: 0.025600 ms MarkObjects: 2.531900 ms  DeleteObjects: 0.158400 ms)

[Project] Loading completed in 3.039 seconds
	Project init time: 				2.541 seconds
		Template init time: 		0.000 seconds
		Package Manager init time: 		0.374 seconds
		Asset Database init time: 		0.163 seconds
		Global illumination init time: 	0.002 seconds
		Assemblies load time: 			0.554 seconds
		Unity extensions init time: 	0.001 seconds
		Asset Database refresh time: 	1.029 seconds
	Scene opening time: 			0.306 seconds
##utp:{"type":"ProjectInfo","version":2,"phase":"Immediate","time":1788581896839,"processId":39800,"projectLoad":3.0392165,"projectInit":2.5409892,"templateInit":0.0,"packageManagerInit":0.3735143,"assetDatabaseInit":0.1630713,"globalIlluminationInit":0.0021947,"assembliesLoad":0.5542766,"unityExtensionsInit":0.0012962,"assetDatabaseRefresh":1.0290641,"sceneOpening":0.3055678}
##utp:{"type":"EditorInfo","version":2,"phase":"Immediate","time":1788581896839,"processId":39800,"editorVersion":"6000.3.18f1 (5ebeb53e4c07)","branch":"6000.3/staging","buildType":"Release","platform":"Windows"}
Reloading assemblies for play mode.
Reloading assemblies after forced synchronous recompile.
Begin MonoManager ReloadAssembly
- Loaded All Assemblies, in  0.195 seconds
Refreshing native plugins compatible for Editor in 0.00 ms, found 0 plugins.
Native extension for WindowsStandalone target not found
ScheduleIndexationOnStartup MainProcess:True IndexOnStartup:True
Mono: successfully reloaded assembly
- Finished resetting the current domain, in  0.306 seconds
Domain Reload Profiling: 500ms
	BeginReloadAssembly (139ms)
		ExecutionOrderSort (0ms)
		DisableScriptedObjects (16ms)
		BackupInstance (0ms)
		ReleaseScriptingObjects (0ms)
		CreateAndSetChildDomain (33ms)
	RebuildCommonClasses (23ms)
	RebuildNativeTypeToScriptingClass (8ms)
	initialDomainReloadingComplete (10ms)
	LoadAllAssembliesAndSetupDomain (14ms)
		LoadAssemblies (80ms)
		RebuildTransferFunctionScriptingTraits (0ms)
		AnalyzeDomain (9ms)
			TypeCache.Refresh (2ms)
				TypeCache.ScanAssembly (0ms)
			BuildScriptInfoCaches (4ms)
			ResolveRequiredComponents (1ms)
	FinalizeReload (306ms)
		ReleaseScriptCaches (0ms)
		RebuildScriptCaches (0ms)
		SetupLoadedEditorAssemblies (193ms)
			LogAssemblyErrors (0ms)
			InitializePlatformSupportModulesInManaged (15ms)
			SetLoadedEditorAssemblies (4ms)
			BeforeProcessingInitializeOnLoad (70ms)
			ProcessInitializeOnLoadAttributes (71ms)
			ProcessInitializeOnLoadMethodAttributes (32ms)
			AfterProcessingInitializeOnLoad (1ms)
			EditorAssembliesLoaded (0ms)
		ExecutionOrderSort2 (0ms)
		AwakeInstancesAfterBackupRestoration (14ms)
Asset Pipeline Refresh (id=6fa862ba7bd3b744eb67c969e26dba42): Total: 0.531 seconds - Initiated by StopAssetImportingV2(ForceSynchronousImport | ForceDomainReload)
	Summary:
		Imports: total=0 (actual=0, local cache=0, cache server=0)
		Asset DB Process Time: managed=0 ms, native=325 ms
		Asset DB Callback time: managed=7 ms, native=0 ms
		Scripting: domain reloads=1, domain reload time=196 ms, compile time=1 ms, other=0 ms
		Project Asset Count: scripts=142, non-scripts=139
		Asset File Changes: new=0, changed=0, moved=0, deleted=0
		Scan Filter Count: 0
	InvokeCustomDependenciesCallbacks: 0.001ms
	InvokePackagesCallback: 2.522ms
	ApplyChangesToAssetFolders: 0.040ms
	Scan: 0.000ms
	OnSourceAssetsModified: 0.001ms
	CategorizeAssetsWithTransientArtifact: 0.001ms
	ProcessAssetsWithTransientArtifactChanges: 0.082ms
	CategorizeAssets: 0.856ms
	ImportOutOfDateAssets: 306.677ms (305.384ms without children)
		CompileScripts: 1.083ms
		CollectScriptTypesHashes: 0.018ms
		ReloadNativeAssets: 0.025ms
		UnloadImportedAssets: 0.028ms
		EnsureUptoDateAssetsAreRegisteredWithGuidPM: 0.025ms
		InitializingProgressBar: 0.000ms
		PostProcessAllAssetNotificationsAddChangedAssets: 0.000ms
		OnDemandSchedulerStart: 0.113ms
	PostProcessAllAssets: 7.862ms
	GatherAllCurrentPrimaryArtifactRevisions: 0.011ms
	UnloadStreamsBegin: 0.033ms
	PersistCurrentRevisions: 0.007ms
	UnloadStreamsEnd: 0.001ms
	GenerateScriptTypeHashes: 0.070ms
	Untracked: 213.143ms

Loaded scene 'Temp/__Backupscenes/0.backup'
	Deserialize:            3.272 ms
	Integration:            64.712 ms
	Integration of assets:  0.001 ms
	Thread Wait Time:       0.007 ms
	Total Operation Time:   67.993 ms
[MODES] ModeService[none].Initialize
[MODES] ModeService[none].LoadModes
Start Indexing on Editor startup
ArgumentOutOfRangeException: Index was out of range. Must be non-negative and less than the size of the collection.
Parameter name: index
  at System.Collections.Generic.List`1[T].get_Item (System.Int32 index) [0x00009] in <41d29b352f6a475ab1bf7c6628b82790>:0 
  at UnityEditor.Search.SearchDatabase+<EnumerateAll>d__80.MoveNext () [0x00106] in <8bfcebed71804a0bbd899b4f1cf32116>:0 
  at System.Linq.Enumerable.TryGetFirst[TSource] (System.Collections.Generic.IEnumerable`1[T] source, System.Boolean& found) [0x00045] in <80564d689e48448fa2a7101993ee7201>:0 
  at System.Linq.Enumerable.First[TSource] (System.Collections.Generic.IEnumerable`1[T] source) [0x00000] in <80564d689e48448fa2a7101993ee7201>:0 
  at UnityEditor.Search.SearchDatabase.GetDefaultSearchDatabase () [0x00006] in <8bfcebed71804a0bbd899b4f1cf32116>:0 
  at UnityEditor.Search.SearchInit.IndexationOnStartup () [0x0000c] in <8bfcebed71804a0bbd899b4f1cf32116>:0 
  at UnityEditor.EditorApplication.Internal_CallDelayFunctions () [0x0002c] in <bc66d607b6974f3a8652f3c90b953d89>:0 

Created GICache directory at C:/Users/yue/AppData/LocalLow/Unity/Caches/GiCache. Took: 0.026s, timestamps: [3.698 - 3.724]
[Licensing::Client] Successfully resolved entitlement details
AUDIT START hangar=True hud=False equipment=0
UnityEngine.Debug:ExtractStackTraceNoAlloc (byte*,int,string)
UnityEngine.StackTraceUtility:ExtractStackTrace ()
UnityEngine.DebugLogHandler:Internal_Log (UnityEngine.LogType,UnityEngine.LogOption,string,UnityEngine.Object)
UnityEngine.DebugLogHandler:LogFormat (UnityEngine.LogType,UnityEngine.Object,string,object[])
UnityEngine.Logger:Log (UnityEngine.LogType,object)
UnityEngine.Debug:Log (object)
ProjectAudit:Record (string) (at Assets/Editor/ProjectAudit.cs:720)
ProjectAudit/<RunScenarios>d__22:MoveNext () (at Assets/Editor/ProjectAudit.cs:503)
ProjectAudit:Tick () (at Assets/Editor/ProjectAudit.cs:490)
UnityEditor.EditorApplication:Internal_CallUpdateFunctions ()

(Filename: Assets/Editor/ProjectAudit.cs Line: 720)

AUDIT CAPTURE 01_hangar colors=203
UnityEngine.Debug:ExtractStackTraceNoAlloc (byte*,int,string)
UnityEngine.StackTraceUtility:ExtractStackTrace ()
UnityEngine.DebugLogHandler:Internal_Log (UnityEngine.LogType,UnityEngine.LogOption,string,UnityEngine.Object)
UnityEngine.DebugLogHandler:LogFormat (UnityEngine.LogType,UnityEngine.Object,string,object[])
UnityEngine.Logger:Log (UnityEngine.LogType,object)
UnityEngine.Debug:Log (object)
ProjectAudit:Record (string) (at Assets/Editor/ProjectAudit.cs:720)
ProjectAudit:Capture (string,int,int,System.Nullable`1<UnityEngine.Rect>) (at Assets/Editor/ProjectAudit.cs:690)
ProjectAudit/<RunScenarios>d__22:MoveNext () (at Assets/Editor/ProjectAudit.cs:504)
ProjectAudit:Tick () (at Assets/Editor/ProjectAudit.cs:490)
UnityEditor.EditorApplication:Internal_CallUpdateFunctions ()

(Filename: Assets/Editor/ProjectAudit.cs Line: 720)

AUDIT UI_CLICK DeployButton
UnityEngine.Debug:ExtractStackTraceNoAlloc (byte*,int,string)
UnityEngine.StackTraceUtility:ExtractStackTrace ()
UnityEngine.DebugLogHandler:Internal_Log (UnityEngine.LogType,UnityEngine.LogOption,string,UnityEngine.Object)
UnityEngine.DebugLogHandler:LogFormat (UnityEngine.LogType,UnityEngine.Object,string,object[])
UnityEngine.Logger:Log (UnityEngine.LogType,object)
UnityEngine.Debug:Log (object)
ProjectAudit:Record (string) (at Assets/Editor/ProjectAudit.cs:720)
ProjectAudit:Click (string) (at Assets/Editor/ProjectAudit.cs:640)
ProjectAudit/<RunScenarios>d__22:MoveNext () (at Assets/Editor/ProjectAudit.cs:505)
ProjectAudit:Tick () (at Assets/Editor/ProjectAudit.cs:490)
UnityEditor.EditorApplication:Internal_CallUpdateFunctions ()

(Filename: Assets/Editor/ProjectAudit.cs Line: 720)

AUDIT COMBAT_BLOCK_PASS phase=Combat paused=True
UnityEngine.Debug:ExtractStackTraceNoAlloc (byte*,int,string)
UnityEngine.StackTraceUtility:ExtractStackTrace ()
UnityEngine.DebugLogHandler:Internal_Log (UnityEngine.LogType,UnityEngine.LogOption,string,UnityEngine.Object)
UnityEngine.DebugLogHandler:LogFormat (UnityEngine.LogType,UnityEngine.Object,string,object[])
UnityEngine.Logger:Log (UnityEngine.LogType,object)
UnityEngine.Debug:Log (object)
ProjectAudit:Record (string) (at Assets/Editor/ProjectAudit.cs:720)
ProjectAudit:VerifyBlockedCombat (GameManager) (at Assets/Editor/ProjectAudit.cs:623)
ProjectAudit/<RunScenarios>d__22:MoveNext () (at Assets/Editor/ProjectAudit.cs:508)
ProjectAudit:Tick () (at Assets/Editor/ProjectAudit.cs:490)
UnityEditor.EditorApplication:Internal_CallUpdateFunctions ()

(Filename: Assets/Editor/ProjectAudit.cs Line: 720)

AUDIT PAUSE_RESUME active=True
UnityEngine.Debug:ExtractStackTraceNoAlloc (byte*,int,string)
UnityEngine.StackTraceUtility:ExtractStackTrace ()
UnityEngine.DebugLogHandler:Internal_Log (UnityEngine.LogType,UnityEngine.LogOption,string,UnityEngine.Object)
UnityEngine.DebugLogHandler:LogFormat (UnityEngine.LogType,UnityEngine.Object,string,object[])
UnityEngine.Logger:Log (UnityEngine.LogType,object)
UnityEngine.Debug:Log (object)
ProjectAudit:Record (string) (at Assets/Editor/ProjectAudit.cs:720)
ProjectAudit/<RunScenarios>d__22:MoveNext () (at Assets/Editor/ProjectAudit.cs:510)
ProjectAudit:Tick () (at Assets/Editor/ProjectAudit.cs:490)
UnityEditor.EditorApplication:Internal_CallUpdateFunctions ()

(Filename: Assets/Editor/ProjectAudit.cs Line: 720)

AUDIT FLOW SECURE MAINTENANCE DECK  /  4% hp=180 kills=0
UnityEngine.Debug:ExtractStackTraceNoAlloc (byte*,int,string)
UnityEngine.StackTraceUtility:ExtractStackTrace ()
UnityEngine.DebugLogHandler:Internal_Log (UnityEngine.LogType,UnityEngine.LogOption,string,UnityEngine.Object)
UnityEngine.DebugLogHandler:LogFormat (UnityEngine.LogType,UnityEngine.Object,string,object[])
UnityEngine.Logger:Log (UnityEngine.LogType,object)
UnityEngine.Debug:Log (object)
ProjectAudit:Record (string) (at Assets/Editor/ProjectAudit.cs:720)
ProjectAudit/<RunScenarios>d__22:MoveNext () (at Assets/Editor/ProjectAudit.cs:524)
ProjectAudit:Tick () (at Assets/Editor/ProjectAudit.cs:490)
UnityEditor.EditorApplication:Internal_CallUpdateFunctions ()

(Filename: Assets/Editor/ProjectAudit.cs Line: 720)

AUDIT CAPTURE 02_combat colors=183
UnityEngine.Debug:ExtractStackTraceNoAlloc (byte*,int,string)
UnityEngine.StackTraceUtility:ExtractStackTrace ()
UnityEngine.DebugLogHandler:Internal_Log (UnityEngine.LogType,UnityEngine.LogOption,string,UnityEngine.Object)
UnityEngine.DebugLogHandler:LogFormat (UnityEngine.LogType,UnityEngine.Object,string,object[])
UnityEngine.Logger:Log (UnityEngine.LogType,object)
UnityEngine.Debug:Log (object)
ProjectAudit:Record (string) (at Assets/Editor/ProjectAudit.cs:720)
ProjectAudit:Capture (string,int,int,System.Nullable`1<UnityEngine.Rect>) (at Assets/Editor/ProjectAudit.cs:690)
ProjectAudit/<RunScenarios>d__22:MoveNext () (at Assets/Editor/ProjectAudit.cs:555)
ProjectAudit:Tick () (at Assets/Editor/ProjectAudit.cs:490)
UnityEditor.EditorApplication:Internal_CallUpdateFunctions ()

(Filename: Assets/Editor/ProjectAudit.cs Line: 720)

AUDIT FLOW SECURE MAINTENANCE DECK  /  9% hp=180 kills=2
UnityEngine.Debug:ExtractStackTraceNoAlloc (byte*,int,string)
UnityEngine.StackTraceUtility:ExtractStackTrace ()
UnityEngine.DebugLogHandler:Internal_Log (UnityEngine.LogType,UnityEngine.LogOption,string,UnityEngine.Object)
UnityEngine.DebugLogHandler:LogFormat (UnityEngine.LogType,UnityEngine.Object,string,object[])
UnityEngine.Logger:Log (UnityEngine.LogType,object)
UnityEngine.Debug:Log (object)
ProjectAudit:Record (string) (at Assets/Editor/ProjectAudit.cs:720)
ProjectAudit/<RunScenarios>d__22:MoveNext () (at Assets/Editor/ProjectAudit.cs:524)
ProjectAudit:Tick () (at Assets/Editor/ProjectAudit.cs:490)
UnityEditor.EditorApplication:Internal_CallUpdateFunctions ()

(Filename: Assets/Editor/ProjectAudit.cs Line: 720)

AUDIT FLOW SECURE MAINTENANCE DECK  /  13% hp=180 kills=4
UnityEngine.Debug:ExtractStackTraceNoAlloc (byte*,int,string)
UnityEngine.StackTraceUtility:ExtractStackTrace ()
UnityEngine.DebugLogHandler:Internal_Log (UnityEngine.LogType,UnityEngine.LogOption,string,UnityEngine.Object)
UnityEngine.DebugLogHandler:LogFormat (UnityEngine.LogType,UnityEngine.Object,string,object[])
UnityEngine.Logger:Log (UnityEngine.LogType,object)
UnityEngine.Debug:Log (object)
ProjectAudit:Record (string) (at Assets/Editor/ProjectAudit.cs:720)
ProjectAudit/<RunScenarios>d__22:MoveNext () (at Assets/Editor/ProjectAudit.cs:524)
ProjectAudit:Tick () (at Assets/Editor/ProjectAudit.cs:490)
UnityEditor.EditorApplication:Internal_CallUpdateFunctions ()

(Filename: Assets/Editor/ProjectAudit.cs Line: 720)

AUDIT FLOW SECURE MAINTENANCE DECK  /  17% hp=180 kills=6
UnityEngine.Debug:ExtractStackTraceNoAlloc (byte*,int,string)
UnityEngine.StackTraceUtility:ExtractStackTrace ()
UnityEngine.DebugLogHandler:Internal_Log (UnityEngine.LogType,UnityEngine.LogOption,string,UnityEngine.Object)
UnityEngine.DebugLogHandler:LogFormat (UnityEngine.LogType,UnityEngine.Object,string,object[])
UnityEngine.Logger:Log (UnityEngine.LogType,object)
UnityEngine.Debug:Log (object)
ProjectAudit:Record (string) (at Assets/Editor/ProjectAudit.cs:720)
ProjectAudit/<RunScenarios>d__22:MoveNext () (at Assets/Editor/ProjectAudit.cs:524)
ProjectAudit:Tick () (at Assets/Editor/ProjectAudit.cs:490)
UnityEditor.EditorApplication:Internal_CallUpdateFunctions ()

(Filename: Assets/Editor/ProjectAudit.cs Line: 720)

AUDIT FLOW SECURE MAINTENANCE DECK  /  22% hp=180 kills=8
UnityEngine.Debug:ExtractStackTraceNoAlloc (byte*,int,string)
UnityEngine.StackTraceUtility:ExtractStackTrace ()
UnityEngine.DebugLogHandler:Internal_Log (UnityEngine.LogType,UnityEngine.LogOption,string,UnityEngine.Object)
UnityEngine.DebugLogHandler:LogFormat (UnityEngine.LogType,UnityEngine.Object,string,object[])
UnityEngine.Logger:Log (UnityEngine.LogType,object)
UnityEngine.Debug:Log (object)
ProjectAudit:Record (string) (at Assets/Editor/ProjectAudit.cs:720)
ProjectAudit/<RunScenarios>d__22:MoveNext () (at Assets/Editor/ProjectAudit.cs:524)
ProjectAudit:Tick () (at Assets/Editor/ProjectAudit.cs:490)
UnityEditor.EditorApplication:Internal_CallUpdateFunctions ()

(Filename: Assets/Editor/ProjectAudit.cs Line: 720)

AUDIT FLOW SECURE MAINTENANCE DECK  /  26% hp=180 kills=10
UnityEngine.Debug:ExtractStackTraceNoAlloc (byte*,int,string)
UnityEngine.StackTraceUtility:ExtractStackTrace ()
UnityEngine.DebugLogHandler:Internal_Log (UnityEngine.LogType,UnityEngine.LogOption,string,UnityEngine.Object)
UnityEngine.DebugLogHandler:LogFormat (UnityEngine.LogType,UnityEngine.Object,string,object[])
UnityEngine.Logger:Log (UnityEngine.LogType,object)
UnityEngine.Debug:Log (object)
ProjectAudit:Record (string) (at Assets/Editor/ProjectAudit.cs:720)
ProjectAudit/<RunScenarios>d__22:MoveNext () (at Assets/Editor/ProjectAudit.cs:524)
ProjectAudit:Tick () (at Assets/Editor/ProjectAudit.cs:490)
UnityEditor.EditorApplication:Internal_CallUpdateFunctions ()

(Filename: Assets/Editor/ProjectAudit.cs Line: 720)

AUDIT FLOW SECURE MAINTENANCE DECK  /  30% hp=180 kills=12
UnityEngine.Debug:ExtractStackTraceNoAlloc (byte*,int,string)
UnityEngine.StackTraceUtility:ExtractStackTrace ()
UnityEngine.DebugLogHandler:Internal_Log (UnityEngine.LogType,UnityEngine.LogOption,string,UnityEngine.Object)
UnityEngine.DebugLogHandler:LogFormat (UnityEngine.LogType,UnityEngine.Object,string,object[])
UnityEngine.Logger:Log (UnityEngine.LogType,object)
UnityEngine.Debug:Log (object)
ProjectAudit:Record (string) (at Assets/Editor/ProjectAudit.cs:720)
ProjectAudit/<RunScenarios>d__22:MoveNext () (at Assets/Editor/ProjectAudit.cs:524)
ProjectAudit:Tick () (at Assets/Editor/ProjectAudit.cs:490)
UnityEditor.EditorApplication:Internal_CallUpdateFunctions ()

(Filename: Assets/Editor/ProjectAudit.cs Line: 720)

AUDIT PLAYER_HIT hp=175.0275 phase=Combat damage=4.9725
UnityEngine.Debug:ExtractStackTraceNoAlloc (byte*,int,string)
UnityEngine.StackTraceUtility:ExtractStackTrace ()
UnityEngine.DebugLogHandler:Internal_Log (UnityEngine.LogType,UnityEngine.LogOption,string,UnityEngine.Object)
UnityEngine.DebugLogHandler:LogFormat (UnityEngine.LogType,UnityEngine.Object,string,object[])
UnityEngine.Logger:Log (UnityEngine.LogType,object)
UnityEngine.Debug:Log (object)
ProjectAudit:Record (string) (at Assets/Editor/ProjectAudit.cs:720)
ProjectAudit/<>c__DisplayClass22_0:<RunScenarios>b__0 (Damageable,DamageInfo) (at Assets/Editor/ProjectAudit.cs:511)
Damageable:TakeDamage (single,DamageInfo) (at Assets/Scripts/Combat/Damageable.cs:108)
Projectile:Hit (UnityEngine.Collider,UnityEngine.Vector3) (at Assets/Scripts/Combat/Projectile.cs:82)
Projectile:OnTriggerEnter (UnityEngine.Collider) (at Assets/Scripts/Combat/Projectile.cs:59)

(Filename: Assets/Editor/ProjectAudit.cs Line: 720)

AUDIT FLOW SECURE MAINTENANCE DECK  /  35% hp=175.0275 kills=13
UnityEngine.Debug:ExtractStackTraceNoAlloc (byte*,int,string)
UnityEngine.StackTraceUtility:ExtractStackTrace ()
UnityEngine.DebugLogHandler:Internal_Log (UnityEngine.LogType,UnityEngine.LogOption,string,UnityEngine.Object)
UnityEngine.DebugLogHandler:LogFormat (UnityEngine.LogType,UnityEngine.Object,string,object[])
UnityEngine.Logger:Log (UnityEngine.LogType,object)
UnityEngine.Debug:Log (object)
ProjectAudit:Record (string) (at Assets/Editor/ProjectAudit.cs:720)
ProjectAudit/<RunScenarios>d__22:MoveNext () (at Assets/Editor/ProjectAudit.cs:524)
ProjectAudit:Tick () (at Assets/Editor/ProjectAudit.cs:490)
UnityEditor.EditorApplication:Internal_CallUpdateFunctions ()

(Filename: Assets/Editor/ProjectAudit.cs Line: 720)

AUDIT FLOW SECURE MAINTENANCE DECK  /  39% hp=175.0275 kills=16
UnityEngine.Debug:ExtractStackTraceNoAlloc (byte*,int,string)
UnityEngine.StackTraceUtility:ExtractStackTrace ()
UnityEngine.DebugLogHandler:Internal_Log (UnityEngine.LogType,UnityEngine.LogOption,string,UnityEngine.Object)
UnityEngine.DebugLogHandler:LogFormat (UnityEngine.LogType,UnityEngine.Object,string,object[])
UnityEngine.Logger:Log (UnityEngine.LogType,object)
UnityEngine.Debug:Log (object)
ProjectAudit:Record (string) (at Assets/Editor/ProjectAudit.cs:720)
ProjectAudit/<RunScenarios>d__22:MoveNext () (at Assets/Editor/ProjectAudit.cs:524)
ProjectAudit:Tick () (at Assets/Editor/ProjectAudit.cs:490)
UnityEditor.EditorApplication:Internal_CallUpdateFunctions ()

(Filename: Assets/Editor/ProjectAudit.cs Line: 720)

AUDIT FLOW SECURE MAINTENANCE DECK  /  43% hp=175.0275 kills=19
UnityEngine.Debug:ExtractStackTraceNoAlloc (byte*,int,string)
UnityEngine.StackTraceUtility:ExtractStackTrace ()
UnityEngine.DebugLogHandler:Internal_Log (UnityEngine.LogType,UnityEngine.LogOption,string,UnityEngine.Object)
UnityEngine.DebugLogHandler:LogFormat (UnityEngine.LogType,UnityEngine.Object,string,object[])
UnityEngine.Logger:Log (UnityEngine.LogType,object)
UnityEngine.Debug:Log (object)
ProjectAudit:Record (string) (at Assets/Editor/ProjectAudit.cs:720)
ProjectAudit/<RunScenarios>d__22:MoveNext () (at Assets/Editor/ProjectAudit.cs:524)
ProjectAudit:Tick () (at Assets/Editor/ProjectAudit.cs:490)
UnityEditor.EditorApplication:Internal_CallUpdateFunctions ()

(Filename: Assets/Editor/ProjectAudit.cs Line: 720)

TrimDiskCacheJob: Current cache size 0mb
AUDIT FLOW SECURE MAINTENANCE DECK  /  48% hp=175.0275 kills=22
UnityEngine.Debug:ExtractStackTraceNoAlloc (byte*,int,string)
UnityEngine.StackTraceUtility:ExtractStackTrace ()
UnityEngine.DebugLogHandler:Internal_Log (UnityEngine.LogType,UnityEngine.LogOption,string,UnityEngine.Object)
UnityEngine.DebugLogHandler:LogFormat (UnityEngine.LogType,UnityEngine.Object,string,object[])
UnityEngine.Logger:Log (UnityEngine.LogType,object)
UnityEngine.Debug:Log (object)
ProjectAudit:Record (string) (at Assets/Editor/ProjectAudit.cs:720)
ProjectAudit/<RunScenarios>d__22:MoveNext () (at Assets/Editor/ProjectAudit.cs:524)
ProjectAudit:Tick () (at Assets/Editor/ProjectAudit.cs:490)
UnityEditor.EditorApplication:Internal_CallUpdateFunctions ()

(Filename: Assets/Editor/ProjectAudit.cs Line: 720)

AUDIT PLAYER_HIT hp=171.7125 phase=Combat damage=3.315
UnityEngine.Debug:ExtractStackTraceNoAlloc (byte*,int,string)
UnityEngine.StackTraceUtility:ExtractStackTrace ()
UnityEngine.DebugLogHandler:Internal_Log (UnityEngine.LogType,UnityEngine.LogOption,string,UnityEngine.Object)
UnityEngine.DebugLogHandler:LogFormat (UnityEngine.LogType,UnityEngine.Object,string,object[])
UnityEngine.Logger:Log (UnityEngine.LogType,object)
UnityEngine.Debug:Log (object)
ProjectAudit:Record (string) (at Assets/Editor/ProjectAudit.cs:720)
ProjectAudit/<>c__DisplayClass22_0:<RunScenarios>b__0 (Damageable,DamageInfo) (at Assets/Editor/ProjectAudit.cs:511)
Damageable:TakeDamage (single,DamageInfo) (at Assets/Scripts/Combat/Damageable.cs:108)
Projectile:Hit (UnityEngine.Collider,UnityEngine.Vector3) (at Assets/Scripts/Combat/Projectile.cs:82)
Projectile:OnTriggerEnter (UnityEngine.Collider) (at Assets/Scripts/Combat/Projectile.cs:59)

(Filename: Assets/Editor/ProjectAudit.cs Line: 720)

AUDIT PLAYER_HIT hp=168.3975 phase=Combat damage=3.315
UnityEngine.Debug:ExtractStackTraceNoAlloc (byte*,int,string)
UnityEngine.StackTraceUtility:ExtractStackTrace ()
UnityEngine.DebugLogHandler:Internal_Log (UnityEngine.LogType,UnityEngine.LogOption,string,UnityEngine.Object)
UnityEngine.DebugLogHandler:LogFormat (UnityEngine.LogType,UnityEngine.Object,string,object[])
UnityEngine.Logger:Log (UnityEngine.LogType,object)
UnityEngine.Debug:Log (object)
ProjectAudit:Record (string) (at Assets/Editor/ProjectAudit.cs:720)
ProjectAudit/<>c__DisplayClass22_0:<RunScenarios>b__0 (Damageable,DamageInfo) (at Assets/Editor/ProjectAudit.cs:511)
Damageable:TakeDamage (single,DamageInfo) (at Assets/Scripts/Combat/Damageable.cs:108)
Projectile:Hit (UnityEngine.Collider,UnityEngine.Vector3) (at Assets/Scripts/Combat/Projectile.cs:82)
Projectile:OnTriggerEnter (UnityEngine.Collider) (at Assets/Scripts/Combat/Projectile.cs:59)

(Filename: Assets/Editor/ProjectAudit.cs Line: 720)

AUDIT FLOW SECURE MAINTENANCE DECK  /  52% hp=168.3975 kills=25
UnityEngine.Debug:ExtractStackTraceNoAlloc (byte*,int,string)
UnityEngine.StackTraceUtility:ExtractStackTrace ()
UnityEngine.DebugLogHandler:Internal_Log (UnityEngine.LogType,UnityEngine.LogOption,string,UnityEngine.Object)
UnityEngine.DebugLogHandler:LogFormat (UnityEngine.LogType,UnityEngine.Object,string,object[])
UnityEngine.Logger:Log (UnityEngine.LogType,object)
UnityEngine.Debug:Log (object)
ProjectAudit:Record (string) (at Assets/Editor/ProjectAudit.cs:720)
ProjectAudit/<RunScenarios>d__22:MoveNext () (at Assets/Editor/ProjectAudit.cs:524)
ProjectAudit:Tick () (at Assets/Editor/ProjectAudit.cs:490)
UnityEditor.EditorApplication:Internal_CallUpdateFunctions ()

(Filename: Assets/Editor/ProjectAudit.cs Line: 720)

AUDIT PLAYER_HIT hp=165.0825 phase=Combat damage=3.315
UnityEngine.Debug:ExtractStackTraceNoAlloc (byte*,int,string)
UnityEngine.StackTraceUtility:ExtractStackTrace ()
UnityEngine.DebugLogHandler:Internal_Log (UnityEngine.LogType,UnityEngine.LogOption,string,UnityEngine.Object)
UnityEngine.DebugLogHandler:LogFormat (UnityEngine.LogType,UnityEngine.Object,string,object[])
UnityEngine.Logger:Log (UnityEngine.LogType,object)
UnityEngine.Debug:Log (object)
ProjectAudit:Record (string) (at Assets/Editor/ProjectAudit.cs:720)
ProjectAudit/<>c__DisplayClass22_0:<RunScenarios>b__0 (Damageable,DamageInfo) (at Assets/Editor/ProjectAudit.cs:511)
Damageable:TakeDamage (single,DamageInfo) (at Assets/Scripts/Combat/Damageable.cs:108)
Projectile:Hit (UnityEngine.Collider,UnityEngine.Vector3) (at Assets/Scripts/Combat/Projectile.cs:82)
Projectile:OnTriggerEnter (UnityEngine.Collider) (at Assets/Scripts/Combat/Projectile.cs:59)

(Filename: Assets/Editor/ProjectAudit.cs Line: 720)

AUDIT FLOW SECURE MAINTENANCE DECK  /  57% hp=165.0825 kills=28
UnityEngine.Debug:ExtractStackTraceNoAlloc (byte*,int,string)
UnityEngine.StackTraceUtility:ExtractStackTrace ()
UnityEngine.DebugLogHandler:Internal_Log (UnityEngine.LogType,UnityEngine.LogOption,string,UnityEngine.Object)
UnityEngine.DebugLogHandler:LogFormat (UnityEngine.LogType,UnityEngine.Object,string,object[])
UnityEngine.Logger:Log (UnityEngine.LogType,object)
UnityEngine.Debug:Log (object)
ProjectAudit:Record (string) (at Assets/Editor/ProjectAudit.cs:720)
ProjectAudit/<RunScenarios>d__22:MoveNext () (at Assets/Editor/ProjectAudit.cs:524)
ProjectAudit:Tick () (at Assets/Editor/ProjectAudit.cs:490)
UnityEditor.EditorApplication:Internal_CallUpdateFunctions ()

(Filename: Assets/Editor/ProjectAudit.cs Line: 720)

AUDIT FLOW SECURE MAINTENANCE DECK  /  61% hp=165.0825 kills=31
UnityEngine.Debug:ExtractStackTraceNoAlloc (byte*,int,string)
UnityEngine.StackTraceUtility:ExtractStackTrace ()
UnityEngine.DebugLogHandler:Internal_Log (UnityEngine.LogType,UnityEngine.LogOption,string,UnityEngine.Object)
UnityEngine.DebugLogHandler:LogFormat (UnityEngine.LogType,UnityEngine.Object,string,object[])
UnityEngine.Logger:Log (UnityEngine.LogType,object)
UnityEngine.Debug:Log (object)
ProjectAudit:Record (string) (at Assets/Editor/ProjectAudit.cs:720)
ProjectAudit/<RunScenarios>d__22:MoveNext () (at Assets/Editor/ProjectAudit.cs:524)
ProjectAudit:Tick () (at Assets/Editor/ProjectAudit.cs:490)
UnityEditor.EditorApplication:Internal_CallUpdateFunctions ()

(Filename: Assets/Editor/ProjectAudit.cs Line: 720)

AUDIT PLAYER_HIT hp=160.11 phase=Combat damage=4.9725
UnityEngine.Debug:ExtractStackTraceNoAlloc (byte*,int,string)
UnityEngine.StackTraceUtility:ExtractStackTrace ()
UnityEngine.DebugLogHandler:Internal_Log (UnityEngine.LogType,UnityEngine.LogOption,string,UnityEngine.Object)
UnityEngine.DebugLogHandler:LogFormat (UnityEngine.LogType,UnityEngine.Object,string,object[])
UnityEngine.Logger:Log (UnityEngine.LogType,object)
UnityEngine.Debug:Log (object)
ProjectAudit:Record (string) (at Assets/Editor/ProjectAudit.cs:720)
ProjectAudit/<>c__DisplayClass22_0:<RunScenarios>b__0 (Damageable,DamageInfo) (at Assets/Editor/ProjectAudit.cs:511)
Damageable:TakeDamage (single,DamageInfo) (at Assets/Scripts/Combat/Damageable.cs:108)
Projectile:Hit (UnityEngine.Collider,UnityEngine.Vector3) (at Assets/Scripts/Combat/Projectile.cs:82)
Projectile:OnTriggerEnter (UnityEngine.Collider) (at Assets/Scripts/Combat/Projectile.cs:59)

(Filename: Assets/Editor/ProjectAudit.cs Line: 720)

AUDIT FLOW SECURE MAINTENANCE DECK  /  65% hp=160.11 kills=32
UnityEngine.Debug:ExtractStackTraceNoAlloc (byte*,int,string)
UnityEngine.StackTraceUtility:ExtractStackTrace ()
UnityEngine.DebugLogHandler:Internal_Log (UnityEngine.LogType,UnityEngine.LogOption,string,UnityEngine.Object)
UnityEngine.DebugLogHandler:LogFormat (UnityEngine.LogType,UnityEngine.Object,string,object[])
UnityEngine.Logger:Log (UnityEngine.LogType,object)
UnityEngine.Debug:Log (object)
ProjectAudit:Record (string) (at Assets/Editor/ProjectAudit.cs:720)
ProjectAudit/<RunScenarios>d__22:MoveNext () (at Assets/Editor/ProjectAudit.cs:524)
ProjectAudit:Tick () (at Assets/Editor/ProjectAudit.cs:490)
UnityEditor.EditorApplication:Internal_CallUpdateFunctions ()

(Filename: Assets/Editor/ProjectAudit.cs Line: 720)

AUDIT PLAYER_HIT hp=156.795 phase=Combat damage=3.315
UnityEngine.Debug:ExtractStackTraceNoAlloc (byte*,int,string)
UnityEngine.StackTraceUtility:ExtractStackTrace ()
UnityEngine.DebugLogHandler:Internal_Log (UnityEngine.LogType,UnityEngine.LogOption,string,UnityEngine.Object)
UnityEngine.DebugLogHandler:LogFormat (UnityEngine.LogType,UnityEngine.Object,string,object[])
UnityEngine.Logger:Log (UnityEngine.LogType,object)
UnityEngine.Debug:Log (object)
ProjectAudit:Record (string) (at Assets/Editor/ProjectAudit.cs:720)
ProjectAudit/<>c__DisplayClass22_0:<RunScenarios>b__0 (Damageable,DamageInfo) (at Assets/Editor/ProjectAudit.cs:511)
Damageable:TakeDamage (single,DamageInfo) (at Assets/Scripts/Combat/Damageable.cs:108)
Projectile:Hit (UnityEngine.Collider,UnityEngine.Vector3) (at Assets/Scripts/Combat/Projectile.cs:82)
Projectile:OnTriggerEnter (UnityEngine.Collider) (at Assets/Scripts/Combat/Projectile.cs:59)

(Filename: Assets/Editor/ProjectAudit.cs Line: 720)

AUDIT PLAYER_HIT hp=153.48 phase=Combat damage=3.315
UnityEngine.Debug:ExtractStackTraceNoAlloc (byte*,int,string)
UnityEngine.StackTraceUtility:ExtractStackTrace ()
UnityEngine.DebugLogHandler:Internal_Log (UnityEngine.LogType,UnityEngine.LogOption,string,UnityEngine.Object)
UnityEngine.DebugLogHandler:LogFormat (UnityEngine.LogType,UnityEngine.Object,string,object[])
UnityEngine.Logger:Log (UnityEngine.LogType,object)
UnityEngine.Debug:Log (object)
ProjectAudit:Record (string) (at Assets/Editor/ProjectAudit.cs:720)
ProjectAudit/<>c__DisplayClass22_0:<RunScenarios>b__0 (Damageable,DamageInfo) (at Assets/Editor/ProjectAudit.cs:511)
Damageable:TakeDamage (single,DamageInfo) (at Assets/Scripts/Combat/Damageable.cs:108)
Projectile:Hit (UnityEngine.Collider,UnityEngine.Vector3) (at Assets/Scripts/Combat/Projectile.cs:82)
Projectile:OnTriggerEnter (UnityEngine.Collider) (at Assets/Scripts/Combat/Projectile.cs:59)

(Filename: Assets/Editor/ProjectAudit.cs Line: 720)

AUDIT FLOW SECURE MAINTENANCE DECK  /  70% hp=153.48 kills=35
UnityEngine.Debug:ExtractStackTraceNoAlloc (byte*,int,string)
UnityEngine.StackTraceUtility:ExtractStackTrace ()
UnityEngine.DebugLogHandler:Internal_Log (UnityEngine.LogType,UnityEngine.LogOption,string,UnityEngine.Object)
UnityEngine.DebugLogHandler:LogFormat (UnityEngine.LogType,UnityEngine.Object,string,object[])
UnityEngine.Logger:Log (UnityEngine.LogType,object)
UnityEngine.Debug:Log (object)
ProjectAudit:Record (string) (at Assets/Editor/ProjectAudit.cs:720)
ProjectAudit/<RunScenarios>d__22:MoveNext () (at Assets/Editor/ProjectAudit.cs:524)
ProjectAudit:Tick () (at Assets/Editor/ProjectAudit.cs:490)
UnityEditor.EditorApplication:Internal_CallUpdateFunctions ()

(Filename: Assets/Editor/ProjectAudit.cs Line: 720)

AUDIT PLAYER_HIT hp=150.165 phase=Combat damage=3.315
UnityEngine.Debug:ExtractStackTraceNoAlloc (byte*,int,string)
UnityEngine.StackTraceUtility:ExtractStackTrace ()
UnityEngine.DebugLogHandler:Internal_Log (UnityEngine.LogType,UnityEngine.LogOption,string,UnityEngine.Object)
UnityEngine.DebugLogHandler:LogFormat (UnityEngine.LogType,UnityEngine.Object,string,object[])
UnityEngine.Logger:Log (UnityEngine.LogType,object)
UnityEngine.Debug:Log (object)
ProjectAudit:Record (string) (at Assets/Editor/ProjectAudit.cs:720)
ProjectAudit/<>c__DisplayClass22_0:<RunScenarios>b__0 (Damageable,DamageInfo) (at Assets/Editor/ProjectAudit.cs:511)
Damageable:TakeDamage (single,DamageInfo) (at Assets/Scripts/Combat/Damageable.cs:108)
Projectile:Hit (UnityEngine.Collider,UnityEngine.Vector3) (at Assets/Scripts/Combat/Projectile.cs:82)
Projectile:OnTriggerEnter (UnityEngine.Collider) (at Assets/Scripts/Combat/Projectile.cs:59)

(Filename: Assets/Editor/ProjectAudit.cs Line: 720)

AUDIT FLOW SECURE MAINTENANCE DECK  /  74% hp=150.165 kills=38
UnityEngine.Debug:ExtractStackTraceNoAlloc (byte*,int,string)
UnityEngine.StackTraceUtility:ExtractStackTrace ()
UnityEngine.DebugLogHandler:Internal_Log (UnityEngine.LogType,UnityEngine.LogOption,string,UnityEngine.Object)
UnityEngine.DebugLogHandler:LogFormat (UnityEngine.LogType,UnityEngine.Object,string,object[])
UnityEngine.Logger:Log (UnityEngine.LogType,object)
UnityEngine.Debug:Log (object)
ProjectAudit:Record (string) (at Assets/Editor/ProjectAudit.cs:720)
ProjectAudit/<RunScenarios>d__22:MoveNext () (at Assets/Editor/ProjectAudit.cs:524)
ProjectAudit:Tick () (at Assets/Editor/ProjectAudit.cs:490)
UnityEditor.EditorApplication:Internal_CallUpdateFunctions ()

(Filename: Assets/Editor/ProjectAudit.cs Line: 720)

AUDIT FLOW SECURE MAINTENANCE DECK  /  78% hp=150.165 kills=41
UnityEngine.Debug:ExtractStackTraceNoAlloc (byte*,int,string)
UnityEngine.StackTraceUtility:ExtractStackTrace ()
UnityEngine.DebugLogHandler:Internal_Log (UnityEngine.LogType,UnityEngine.LogOption,string,UnityEngine.Object)
UnityEngine.DebugLogHandler:LogFormat (UnityEngine.LogType,UnityEngine.Object,string,object[])
UnityEngine.Logger:Log (UnityEngine.LogType,object)
UnityEngine.Debug:Log (object)
ProjectAudit:Record (string) (at Assets/Editor/ProjectAudit.cs:720)
ProjectAudit/<RunScenarios>d__22:MoveNext () (at Assets/Editor/ProjectAudit.cs:524)
ProjectAudit:Tick () (at Assets/Editor/ProjectAudit.cs:490)
UnityEditor.EditorApplication:Internal_CallUpdateFunctions ()

(Filename: Assets/Editor/ProjectAudit.cs Line: 720)

AUDIT FLOW SECURE MAINTENANCE DECK  /  83% hp=150.165 kills=44
UnityEngine.Debug:ExtractStackTraceNoAlloc (byte*,int,string)
UnityEngine.StackTraceUtility:ExtractStackTrace ()
UnityEngine.DebugLogHandler:Internal_Log (UnityEngine.LogType,UnityEngine.LogOption,string,UnityEngine.Object)
UnityEngine.DebugLogHandler:LogFormat (UnityEngine.LogType,UnityEngine.Object,string,object[])
UnityEngine.Logger:Log (UnityEngine.LogType,object)
UnityEngine.Debug:Log (object)
ProjectAudit:Record (string) (at Assets/Editor/ProjectAudit.cs:720)
ProjectAudit/<RunScenarios>d__22:MoveNext () (at Assets/Editor/ProjectAudit.cs:524)
ProjectAudit:Tick () (at Assets/Editor/ProjectAudit.cs:490)
UnityEditor.EditorApplication:Internal_CallUpdateFunctions ()

(Filename: Assets/Editor/ProjectAudit.cs Line: 720)

AUDIT PLAYER_HIT hp=146.85 phase=Combat damage=3.315
UnityEngine.Debug:ExtractStackTraceNoAlloc (byte*,int,string)
UnityEngine.StackTraceUtility:ExtractStackTrace ()
UnityEngine.DebugLogHandler:Internal_Log (UnityEngine.LogType,UnityEngine.LogOption,string,UnityEngine.Object)
UnityEngine.DebugLogHandler:LogFormat (UnityEngine.LogType,UnityEngine.Object,string,object[])
UnityEngine.Logger:Log (UnityEngine.LogType,object)
UnityEngine.Debug:Log (object)
ProjectAudit:Record (string) (at Assets/Editor/ProjectAudit.cs:720)
ProjectAudit/<>c__DisplayClass22_0:<RunScenarios>b__0 (Damageable,DamageInfo) (at Assets/Editor/ProjectAudit.cs:511)
Damageable:TakeDamage (single,DamageInfo) (at Assets/Scripts/Combat/Damageable.cs:108)
Projectile:Hit (UnityEngine.Collider,UnityEngine.Vector3) (at Assets/Scripts/Combat/Projectile.cs:82)
Projectile:OnTriggerEnter (UnityEngine.Collider) (at Assets/Scripts/Combat/Projectile.cs:59)

(Filename: Assets/Editor/ProjectAudit.cs Line: 720)

AUDIT PLAYER_HIT hp=143.535 phase=Combat damage=3.315
UnityEngine.Debug:ExtractStackTraceNoAlloc (byte*,int,string)
UnityEngine.StackTraceUtility:ExtractStackTrace ()
UnityEngine.DebugLogHandler:Internal_Log (UnityEngine.LogType,UnityEngine.LogOption,string,UnityEngine.Object)
UnityEngine.DebugLogHandler:LogFormat (UnityEngine.LogType,UnityEngine.Object,string,object[])
UnityEngine.Logger:Log (UnityEngine.LogType,object)
UnityEngine.Debug:Log (object)
ProjectAudit:Record (string) (at Assets/Editor/ProjectAudit.cs:720)
ProjectAudit/<>c__DisplayClass22_0:<RunScenarios>b__0 (Damageable,DamageInfo) (at Assets/Editor/ProjectAudit.cs:511)
Damageable:TakeDamage (single,DamageInfo) (at Assets/Scripts/Combat/Damageable.cs:108)
Projectile:Hit (UnityEngine.Collider,UnityEngine.Vector3) (at Assets/Scripts/Combat/Projectile.cs:82)
Projectile:OnTriggerEnter (UnityEngine.Collider) (at Assets/Scripts/Combat/Projectile.cs:59)

(Filename: Assets/Editor/ProjectAudit.cs Line: 720)

AUDIT FLOW SECURE MAINTENANCE DECK  /  87% hp=143.535 kills=47
UnityEngine.Debug:ExtractStackTraceNoAlloc (byte*,int,string)
UnityEngine.StackTraceUtility:ExtractStackTrace ()
UnityEngine.DebugLogHandler:Internal_Log (UnityEngine.LogType,UnityEngine.LogOption,string,UnityEngine.Object)
UnityEngine.DebugLogHandler:LogFormat (UnityEngine.LogType,UnityEngine.Object,string,object[])
UnityEngine.Logger:Log (UnityEngine.LogType,object)
UnityEngine.Debug:Log (object)
ProjectAudit:Record (string) (at Assets/Editor/ProjectAudit.cs:720)
ProjectAudit/<RunScenarios>d__22:MoveNext () (at Assets/Editor/ProjectAudit.cs:524)
ProjectAudit:Tick () (at Assets/Editor/ProjectAudit.cs:490)
UnityEditor.EditorApplication:Internal_CallUpdateFunctions ()

(Filename: Assets/Editor/ProjectAudit.cs Line: 720)

AUDIT PLAYER_HIT hp=140.22 phase=Combat damage=3.315
UnityEngine.Debug:ExtractStackTraceNoAlloc (byte*,int,string)
UnityEngine.StackTraceUtility:ExtractStackTrace ()
UnityEngine.DebugLogHandler:Internal_Log (UnityEngine.LogType,UnityEngine.LogOption,string,UnityEngine.Object)
UnityEngine.DebugLogHandler:LogFormat (UnityEngine.LogType,UnityEngine.Object,string,object[])
UnityEngine.Logger:Log (UnityEngine.LogType,object)
UnityEngine.Debug:Log (object)
ProjectAudit:Record (string) (at Assets/Editor/ProjectAudit.cs:720)
ProjectAudit/<>c__DisplayClass22_0:<RunScenarios>b__0 (Damageable,DamageInfo) (at Assets/Editor/ProjectAudit.cs:511)
Damageable:TakeDamage (single,DamageInfo) (at Assets/Scripts/Combat/Damageable.cs:108)
Projectile:Hit (UnityEngine.Collider,UnityEngine.Vector3) (at Assets/Scripts/Combat/Projectile.cs:82)
Projectile:OnTriggerEnter (UnityEngine.Collider) (at Assets/Scripts/Combat/Projectile.cs:59)

(Filename: Assets/Editor/ProjectAudit.cs Line: 720)

AUDIT FLOW SECURE MAINTENANCE DECK  /  91% hp=140.22 kills=50
UnityEngine.Debug:ExtractStackTraceNoAlloc (byte*,int,string)
UnityEngine.StackTraceUtility:ExtractStackTrace ()
UnityEngine.DebugLogHandler:Internal_Log (UnityEngine.LogType,UnityEngine.LogOption,string,UnityEngine.Object)
UnityEngine.DebugLogHandler:LogFormat (UnityEngine.LogType,UnityEngine.Object,string,object[])
UnityEngine.Logger:Log (UnityEngine.LogType,object)
UnityEngine.Debug:Log (object)
ProjectAudit:Record (string) (at Assets/Editor/ProjectAudit.cs:720)
ProjectAudit/<RunScenarios>d__22:MoveNext () (at Assets/Editor/ProjectAudit.cs:524)
ProjectAudit:Tick () (at Assets/Editor/ProjectAudit.cs:490)
UnityEditor.EditorApplication:Internal_CallUpdateFunctions ()

(Filename: Assets/Editor/ProjectAudit.cs Line: 720)

AUDIT PLAYER_HIT hp=135.2475 phase=Combat damage=4.9725
UnityEngine.Debug:ExtractStackTraceNoAlloc (byte*,int,string)
UnityEngine.StackTraceUtility:ExtractStackTrace ()
UnityEngine.DebugLogHandler:Internal_Log (UnityEngine.LogType,UnityEngine.LogOption,string,UnityEngine.Object)
UnityEngine.DebugLogHandler:LogFormat (UnityEngine.LogType,UnityEngine.Object,string,object[])
UnityEngine.Logger:Log (UnityEngine.LogType,object)
UnityEngine.Debug:Log (object)
ProjectAudit:Record (string) (at Assets/Editor/ProjectAudit.cs:720)
ProjectAudit/<>c__DisplayClass22_0:<RunScenarios>b__0 (Damageable,DamageInfo) (at Assets/Editor/ProjectAudit.cs:511)
Damageable:TakeDamage (single,DamageInfo) (at Assets/Scripts/Combat/Damageable.cs:108)
Projectile:Hit (UnityEngine.Collider,UnityEngine.Vector3) (at Assets/Scripts/Combat/Projectile.cs:82)
Projectile:OnTriggerEnter (UnityEngine.Collider) (at Assets/Scripts/Combat/Projectile.cs:59)

(Filename: Assets/Editor/ProjectAudit.cs Line: 720)

AUDIT FLOW SECURE MAINTENANCE DECK  /  96% hp=135.2475 kills=51
UnityEngine.Debug:ExtractStackTraceNoAlloc (byte*,int,string)
UnityEngine.StackTraceUtility:ExtractStackTrace ()
UnityEngine.DebugLogHandler:Internal_Log (UnityEngine.LogType,UnityEngine.LogOption,string,UnityEngine.Object)
UnityEngine.DebugLogHandler:LogFormat (UnityEngine.LogType,UnityEngine.Object,string,object[])
UnityEngine.Logger:Log (UnityEngine.LogType,object)
UnityEngine.Debug:Log (object)
ProjectAudit:Record (string) (at Assets/Editor/ProjectAudit.cs:720)
ProjectAudit/<RunScenarios>d__22:MoveNext () (at Assets/Editor/ProjectAudit.cs:524)
ProjectAudit:Tick () (at Assets/Editor/ProjectAudit.cs:490)
UnityEditor.EditorApplication:Internal_CallUpdateFunctions ()

(Filename: Assets/Editor/ProjectAudit.cs Line: 720)

AUDIT FLOW SECURE MAINTENANCE DECK  /  100% hp=135.2475 kills=54
UnityEngine.Debug:ExtractStackTraceNoAlloc (byte*,int,string)
UnityEngine.StackTraceUtility:ExtractStackTrace ()
UnityEngine.DebugLogHandler:Internal_Log (UnityEngine.LogType,UnityEngine.LogOption,string,UnityEngine.Object)
UnityEngine.DebugLogHandler:LogFormat (UnityEngine.LogType,UnityEngine.Object,string,object[])
UnityEngine.Logger:Log (UnityEngine.LogType,object)
UnityEngine.Debug:Log (object)
ProjectAudit:Record (string) (at Assets/Editor/ProjectAudit.cs:720)
ProjectAudit/<RunScenarios>d__22:MoveNext () (at Assets/Editor/ProjectAudit.cs:524)
ProjectAudit:Tick () (at Assets/Editor/ProjectAudit.cs:490)
UnityEditor.EditorApplication:Internal_CallUpdateFunctions ()

(Filename: Assets/Editor/ProjectAudit.cs Line: 720)

AUDIT PLAYER_HIT hp=131.9325 phase=Combat damage=3.315
UnityEngine.Debug:ExtractStackTraceNoAlloc (byte*,int,string)
UnityEngine.StackTraceUtility:ExtractStackTrace ()
UnityEngine.DebugLogHandler:Internal_Log (UnityEngine.LogType,UnityEngine.LogOption,string,UnityEngine.Object)
UnityEngine.DebugLogHandler:LogFormat (UnityEngine.LogType,UnityEngine.Object,string,object[])
UnityEngine.Logger:Log (UnityEngine.LogType,object)
UnityEngine.Debug:Log (object)
ProjectAudit:Record (string) (at Assets/Editor/ProjectAudit.cs:720)
ProjectAudit/<>c__DisplayClass22_0:<RunScenarios>b__0 (Damageable,DamageInfo) (at Assets/Editor/ProjectAudit.cs:511)
Damageable:TakeDamage (single,DamageInfo) (at Assets/Scripts/Combat/Damageable.cs:108)
Projectile:Hit (UnityEngine.Collider,UnityEngine.Vector3) (at Assets/Scripts/Combat/Projectile.cs:82)
Projectile:OnTriggerEnter (UnityEngine.Collider) (at Assets/Scripts/Combat/Projectile.cs:59)

(Filename: Assets/Editor/ProjectAudit.cs Line: 720)

AUDIT PLAYER_HIT hp=128.6175 phase=Combat damage=3.315
UnityEngine.Debug:ExtractStackTraceNoAlloc (byte*,int,string)
UnityEngine.StackTraceUtility:ExtractStackTrace ()
UnityEngine.DebugLogHandler:Internal_Log (UnityEngine.LogType,UnityEngine.LogOption,string,UnityEngine.Object)
UnityEngine.DebugLogHandler:LogFormat (UnityEngine.LogType,UnityEngine.Object,string,object[])
UnityEngine.Logger:Log (UnityEngine.LogType,object)
UnityEngine.Debug:Log (object)
ProjectAudit:Record (string) (at Assets/Editor/ProjectAudit.cs:720)
ProjectAudit/<>c__DisplayClass22_0:<RunScenarios>b__0 (Damageable,DamageInfo) (at Assets/Editor/ProjectAudit.cs:511)
Damageable:TakeDamage (single,DamageInfo) (at Assets/Scripts/Combat/Damageable.cs:108)
Projectile:Hit (UnityEngine.Collider,UnityEngine.Vector3) (at Assets/Scripts/Combat/Projectile.cs:82)
Projectile:OnTriggerEnter (UnityEngine.Collider) (at Assets/Scripts/Combat/Projectile.cs:59)

(Filename: Assets/Editor/ProjectAudit.cs Line: 720)

AUDIT FLOW Wave clear // Field repair +37 HP hp=164.6895 kills=57
UnityEngine.Debug:ExtractStackTraceNoAlloc (byte*,int,string)
UnityEngine.StackTraceUtility:ExtractStackTrace ()
UnityEngine.DebugLogHandler:Internal_Log (UnityEngine.LogType,UnityEngine.LogOption,string,UnityEngine.Object)
UnityEngine.DebugLogHandler:LogFormat (UnityEngine.LogType,UnityEngine.Object,string,object[])
UnityEngine.Logger:Log (UnityEngine.LogType,object)
UnityEngine.Debug:Log (object)
ProjectAudit:Record (string) (at Assets/Editor/ProjectAudit.cs:720)
ProjectAudit/<RunScenarios>d__22:MoveNext () (at Assets/Editor/ProjectAudit.cs:524)
ProjectAudit:Tick () (at Assets/Editor/ProjectAudit.cs:490)
UnityEditor.EditorApplication:Internal_CallUpdateFunctions ()

(Filename: Assets/Editor/ProjectAudit.cs Line: 720)

AUDIT FLOW Stage 1 - Wave 2/3 hp=164.6895 kills=57
UnityEngine.Debug:ExtractStackTraceNoAlloc (byte*,int,string)
UnityEngine.StackTraceUtility:ExtractStackTrace ()
UnityEngine.DebugLogHandler:Internal_Log (UnityEngine.LogType,UnityEngine.LogOption,string,UnityEngine.Object)
UnityEngine.DebugLogHandler:LogFormat (UnityEngine.LogType,UnityEngine.Object,string,object[])
UnityEngine.Logger:Log (UnityEngine.LogType,object)
UnityEngine.Debug:Log (object)
ProjectAudit:Record (string) (at Assets/Editor/ProjectAudit.cs:720)
ProjectAudit/<RunScenarios>d__22:MoveNext () (at Assets/Editor/ProjectAudit.cs:524)
ProjectAudit:Tick () (at Assets/Editor/ProjectAudit.cs:490)
UnityEditor.EditorApplication:Internal_CallUpdateFunctions ()

(Filename: Assets/Editor/ProjectAudit.cs Line: 720)

AUDIT PLAYER_HIT hp=161.3745 phase=Combat damage=3.315
UnityEngine.Debug:ExtractStackTraceNoAlloc (byte*,int,string)
UnityEngine.StackTraceUtility:ExtractStackTrace ()
UnityEngine.DebugLogHandler:Internal_Log (UnityEngine.LogType,UnityEngine.LogOption,string,UnityEngine.Object)
UnityEngine.DebugLogHandler:LogFormat (UnityEngine.LogType,UnityEngine.Object,string,object[])
UnityEngine.Logger:Log (UnityEngine.LogType,object)
UnityEngine.Debug:Log (object)
ProjectAudit:Record (string) (at Assets/Editor/ProjectAudit.cs:720)
ProjectAudit/<>c__DisplayClass22_0:<RunScenarios>b__0 (Damageable,DamageInfo) (at Assets/Editor/ProjectAudit.cs:511)
Damageable:TakeDamage (single,DamageInfo) (at Assets/Scripts/Combat/Damageable.cs:108)
Projectile:Hit (UnityEngine.Collider,UnityEngine.Vector3) (at Assets/Scripts/Combat/Projectile.cs:82)
Projectile:OnTriggerEnter (UnityEngine.Collider) (at Assets/Scripts/Combat/Projectile.cs:59)

(Filename: Assets/Editor/ProjectAudit.cs Line: 720)

AUDIT PLAYER_HIT hp=158.0594 phase=Combat damage=3.315
UnityEngine.Debug:ExtractStackTraceNoAlloc (byte*,int,string)
UnityEngine.StackTraceUtility:ExtractStackTrace ()
UnityEngine.DebugLogHandler:Internal_Log (UnityEngine.LogType,UnityEngine.LogOption,string,UnityEngine.Object)
UnityEngine.DebugLogHandler:LogFormat (UnityEngine.LogType,UnityEngine.Object,string,object[])
UnityEngine.Logger:Log (UnityEngine.LogType,object)
UnityEngine.Debug:Log (object)
ProjectAudit:Record (string) (at Assets/Editor/ProjectAudit.cs:720)
ProjectAudit/<>c__DisplayClass22_0:<RunScenarios>b__0 (Damageable,DamageInfo) (at Assets/Editor/ProjectAudit.cs:511)
Damageable:TakeDamage (single,DamageInfo) (at Assets/Scripts/Combat/Damageable.cs:108)
Projectile:Hit (UnityEngine.Collider,UnityEngine.Vector3) (at Assets/Scripts/Combat/Projectile.cs:82)
Projectile:OnTriggerEnter (UnityEngine.Collider) (at Assets/Scripts/Combat/Projectile.cs:59)

(Filename: Assets/Editor/ProjectAudit.cs Line: 720)

AUDIT FLOW Wave clear // Field repair +22 HP hp=180 kills=60
UnityEngine.Debug:ExtractStackTraceNoAlloc (byte*,int,string)
UnityEngine.StackTraceUtility:ExtractStackTrace ()
UnityEngine.DebugLogHandler:Internal_Log (UnityEngine.LogType,UnityEngine.LogOption,string,UnityEngine.Object)
UnityEngine.DebugLogHandler:LogFormat (UnityEngine.LogType,UnityEngine.Object,string,object[])
UnityEngine.Logger:Log (UnityEngine.LogType,object)
UnityEngine.Debug:Log (object)
ProjectAudit:Record (string) (at Assets/Editor/ProjectAudit.cs:720)
ProjectAudit/<RunScenarios>d__22:MoveNext () (at Assets/Editor/ProjectAudit.cs:524)
ProjectAudit:Tick () (at Assets/Editor/ProjectAudit.cs:490)
UnityEditor.EditorApplication:Internal_CallUpdateFunctions ()

(Filename: Assets/Editor/ProjectAudit.cs Line: 720)

AUDIT FLOW Stage 1 - Wave 3/3 hp=180 kills=60
UnityEngine.Debug:ExtractStackTraceNoAlloc (byte*,int,string)
UnityEngine.StackTraceUtility:ExtractStackTrace ()
UnityEngine.DebugLogHandler:Internal_Log (UnityEngine.LogType,UnityEngine.LogOption,string,UnityEngine.Object)
UnityEngine.DebugLogHandler:LogFormat (UnityEngine.LogType,UnityEngine.Object,string,object[])
UnityEngine.Logger:Log (UnityEngine.LogType,object)
UnityEngine.Debug:Log (object)
ProjectAudit:Record (string) (at Assets/Editor/ProjectAudit.cs:720)
ProjectAudit/<RunScenarios>d__22:MoveNext () (at Assets/Editor/ProjectAudit.cs:524)
ProjectAudit:Tick () (at Assets/Editor/ProjectAudit.cs:490)
UnityEditor.EditorApplication:Internal_CallUpdateFunctions ()

(Filename: Assets/Editor/ProjectAudit.cs Line: 720)

AUDIT PLAYER_HIT hp=176.685 phase=Combat damage=3.315
UnityEngine.Debug:ExtractStackTraceNoAlloc (byte*,int,string)
UnityEngine.StackTraceUtility:ExtractStackTrace ()
UnityEngine.DebugLogHandler:Internal_Log (UnityEngine.LogType,UnityEngine.LogOption,string,UnityEngine.Object)
UnityEngine.DebugLogHandler:LogFormat (UnityEngine.LogType,UnityEngine.Object,string,object[])
UnityEngine.Logger:Log (UnityEngine.LogType,object)
UnityEngine.Debug:Log (object)
ProjectAudit:Record (string) (at Assets/Editor/ProjectAudit.cs:720)
ProjectAudit/<>c__DisplayClass22_0:<RunScenarios>b__0 (Damageable,DamageInfo) (at Assets/Editor/ProjectAudit.cs:511)
Damageable:TakeDamage (single,DamageInfo) (at Assets/Scripts/Combat/Damageable.cs:108)
Projectile:Hit (UnityEngine.Collider,UnityEngine.Vector3) (at Assets/Scripts/Combat/Projectile.cs:82)
Projectile:OnTriggerEnter (UnityEngine.Collider) (at Assets/Scripts/Combat/Projectile.cs:59)

(Filename: Assets/Editor/ProjectAudit.cs Line: 720)

AUDIT FLOW Wave clear // Field repair +4 HP hp=180 kills=64
UnityEngine.Debug:ExtractStackTraceNoAlloc (byte*,int,string)
UnityEngine.StackTraceUtility:ExtractStackTrace ()
UnityEngine.DebugLogHandler:Internal_Log (UnityEngine.LogType,UnityEngine.LogOption,string,UnityEngine.Object)
UnityEngine.DebugLogHandler:LogFormat (UnityEngine.LogType,UnityEngine.Object,string,object[])
UnityEngine.Logger:Log (UnityEngine.LogType,object)
UnityEngine.Debug:Log (object)
ProjectAudit:Record (string) (at Assets/Editor/ProjectAudit.cs:720)
ProjectAudit/<RunScenarios>d__22:MoveNext () (at Assets/Editor/ProjectAudit.cs:524)
ProjectAudit:Tick () (at Assets/Editor/ProjectAudit.cs:490)
UnityEditor.EditorApplication:Internal_CallUpdateFunctions ()

(Filename: Assets/Editor/ProjectAudit.cs Line: 720)

AUDIT FLOW Stage 1 cleared hp=180 kills=64
UnityEngine.Debug:ExtractStackTraceNoAlloc (byte*,int,string)
UnityEngine.StackTraceUtility:ExtractStackTrace ()
UnityEngine.DebugLogHandler:Internal_Log (UnityEngine.LogType,UnityEngine.LogOption,string,UnityEngine.Object)
UnityEngine.DebugLogHandler:LogFormat (UnityEngine.LogType,UnityEngine.Object,string,object[])
UnityEngine.Logger:Log (UnityEngine.LogType,object)
UnityEngine.Debug:Log (object)
ProjectAudit:Record (string) (at Assets/Editor/ProjectAudit.cs:720)
ProjectAudit/<RunScenarios>d__22:MoveNext () (at Assets/Editor/ProjectAudit.cs:524)
ProjectAudit:Tick () (at Assets/Editor/ProjectAudit.cs:490)
UnityEditor.EditorApplication:Internal_CallUpdateFunctions ()

(Filename: Assets/Editor/ProjectAudit.cs Line: 720)

AUDIT CAPTURE 03_reward colors=127
UnityEngine.Debug:ExtractStackTraceNoAlloc (byte*,int,string)
UnityEngine.StackTraceUtility:ExtractStackTrace ()
UnityEngine.DebugLogHandler:Internal_Log (UnityEngine.LogType,UnityEngine.LogOption,string,UnityEngine.Object)
UnityEngine.DebugLogHandler:LogFormat (UnityEngine.LogType,UnityEngine.Object,string,object[])
UnityEngine.Logger:Log (UnityEngine.LogType,object)
UnityEngine.Debug:Log (object)
ProjectAudit:Record (string) (at Assets/Editor/ProjectAudit.cs:720)
ProjectAudit:Capture (string,int,int,System.Nullable`1<UnityEngine.Rect>) (at Assets/Editor/ProjectAudit.cs:690)
ProjectAudit/<RunScenarios>d__22:MoveNext () (at Assets/Editor/ProjectAudit.cs:536)
ProjectAudit:Tick () (at Assets/Editor/ProjectAudit.cs:490)
UnityEditor.EditorApplication:Internal_CallUpdateFunctions ()

(Filename: Assets/Editor/ProjectAudit.cs Line: 720)

AUDIT COMBAT_BLOCK_PASS phase=Reward paused=False
UnityEngine.Debug:ExtractStackTraceNoAlloc (byte*,int,string)
UnityEngine.StackTraceUtility:ExtractStackTrace ()
UnityEngine.DebugLogHandler:Internal_Log (UnityEngine.LogType,UnityEngine.LogOption,string,UnityEngine.Object)
UnityEngine.DebugLogHandler:LogFormat (UnityEngine.LogType,UnityEngine.Object,string,object[])
UnityEngine.Logger:Log (UnityEngine.LogType,object)
UnityEngine.Debug:Log (object)
ProjectAudit:Record (string) (at Assets/Editor/ProjectAudit.cs:720)
ProjectAudit:VerifyBlockedCombat (GameManager) (at Assets/Editor/ProjectAudit.cs:623)
ProjectAudit/<RunScenarios>d__22:MoveNext () (at Assets/Editor/ProjectAudit.cs:537)
ProjectAudit:Tick () (at Assets/Editor/ProjectAudit.cs:490)
UnityEditor.EditorApplication:Internal_CallUpdateFunctions ()

(Filename: Assets/Editor/ProjectAudit.cs Line: 720)

AUDIT REWARD cards=3
UnityEngine.Debug:ExtractStackTraceNoAlloc (byte*,int,string)
UnityEngine.StackTraceUtility:ExtractStackTrace ()
UnityEngine.DebugLogHandler:Internal_Log (UnityEngine.LogType,UnityEngine.LogOption,string,UnityEngine.Object)
UnityEngine.DebugLogHandler:LogFormat (UnityEngine.LogType,UnityEngine.Object,string,object[])
UnityEngine.Logger:Log (UnityEngine.LogType,object)
UnityEngine.Debug:Log (object)
ProjectAudit:Record (string) (at Assets/Editor/ProjectAudit.cs:720)
ProjectAudit/<RunScenarios>d__22:MoveNext () (at Assets/Editor/ProjectAudit.cs:538)
ProjectAudit:Tick () (at Assets/Editor/ProjectAudit.cs:490)
UnityEditor.EditorApplication:Internal_CallUpdateFunctions ()

(Filename: Assets/Editor/ProjectAudit.cs Line: 720)

AUDIT UI_CLICK ChooseButton
UnityEngine.Debug:ExtractStackTraceNoAlloc (byte*,int,string)
UnityEngine.StackTraceUtility:ExtractStackTrace ()
UnityEngine.DebugLogHandler:Internal_Log (UnityEngine.LogType,UnityEngine.LogOption,string,UnityEngine.Object)
UnityEngine.DebugLogHandler:LogFormat (UnityEngine.LogType,UnityEngine.Object,string,object[])
UnityEngine.Logger:Log (UnityEngine.LogType,object)
UnityEngine.Debug:Log (object)
ProjectAudit:Record (string) (at Assets/Editor/ProjectAudit.cs:720)
ProjectAudit:Click (string) (at Assets/Editor/ProjectAudit.cs:640)
ProjectAudit/<RunScenarios>d__22:MoveNext () (at Assets/Editor/ProjectAudit.cs:539)
ProjectAudit:Tick () (at Assets/Editor/ProjectAudit.cs:490)
UnityEditor.EditorApplication:Internal_CallUpdateFunctions ()

(Filename: Assets/Editor/ProjectAudit.cs Line: 720)

AUDIT UPGRADE Upgrades: Splitter Beam
UnityEngine.Debug:ExtractStackTraceNoAlloc (byte*,int,string)
UnityEngine.StackTraceUtility:ExtractStackTrace ()
UnityEngine.DebugLogHandler:Internal_Log (UnityEngine.LogType,UnityEngine.LogOption,string,UnityEngine.Object)
UnityEngine.DebugLogHandler:LogFormat (UnityEngine.LogType,UnityEngine.Object,string,object[])
UnityEngine.Logger:Log (UnityEngine.LogType,object)
UnityEngine.Debug:Log (object)
ProjectAudit:Record (string) (at Assets/Editor/ProjectAudit.cs:720)
ProjectAudit/<RunScenarios>d__22:MoveNext () (at Assets/Editor/ProjectAudit.cs:541)
ProjectAudit:Tick () (at Assets/Editor/ProjectAudit.cs:490)
UnityEditor.EditorApplication:Internal_CallUpdateFunctions ()

(Filename: Assets/Editor/ProjectAudit.cs Line: 720)

AUDIT FLOW Stage 2 - Wave 1/3 hp=180 kills=64
UnityEngine.Debug:ExtractStackTraceNoAlloc (byte*,int,string)
UnityEngine.StackTraceUtility:ExtractStackTrace ()
UnityEngine.DebugLogHandler:Internal_Log (UnityEngine.LogType,UnityEngine.LogOption,string,UnityEngine.Object)
UnityEngine.DebugLogHandler:LogFormat (UnityEngine.LogType,UnityEngine.Object,string,object[])
UnityEngine.Logger:Log (UnityEngine.LogType,object)
UnityEngine.Debug:Log (object)
ProjectAudit:Record (string) (at Assets/Editor/ProjectAudit.cs:720)
ProjectAudit/<RunScenarios>d__22:MoveNext () (at Assets/Editor/ProjectAudit.cs:524)
ProjectAudit:Tick () (at Assets/Editor/ProjectAudit.cs:490)
UnityEditor.EditorApplication:Internal_CallUpdateFunctions ()

(Filename: Assets/Editor/ProjectAudit.cs Line: 720)

AUDIT PLAYER_HIT hp=176.685 phase=Combat damage=3.315
UnityEngine.Debug:ExtractStackTraceNoAlloc (byte*,int,string)
UnityEngine.StackTraceUtility:ExtractStackTrace ()
UnityEngine.DebugLogHandler:Internal_Log (UnityEngine.LogType,UnityEngine.LogOption,string,UnityEngine.Object)
UnityEngine.DebugLogHandler:LogFormat (UnityEngine.LogType,UnityEngine.Object,string,object[])
UnityEngine.Logger:Log (UnityEngine.LogType,object)
UnityEngine.Debug:Log (object)
ProjectAudit:Record (string) (at Assets/Editor/ProjectAudit.cs:720)
ProjectAudit/<>c__DisplayClass22_0:<RunScenarios>b__0 (Damageable,DamageInfo) (at Assets/Editor/ProjectAudit.cs:511)
Damageable:TakeDamage (single,DamageInfo) (at Assets/Scripts/Combat/Damageable.cs:108)
Projectile:Hit (UnityEngine.Collider,UnityEngine.Vector3) (at Assets/Scripts/Combat/Projectile.cs:82)
Projectile:OnTriggerEnter (UnityEngine.Collider) (at Assets/Scripts/Combat/Projectile.cs:59)

(Filename: Assets/Editor/ProjectAudit.cs Line: 720)

AUDIT PLAYER_HIT hp=176.685 phase=Combat damage=3.315
UnityEngine.Debug:ExtractStackTraceNoAlloc (byte*,int,string)
UnityEngine.StackTraceUtility:ExtractStackTrace ()
UnityEngine.DebugLogHandler:Internal_Log (UnityEngine.LogType,UnityEngine.LogOption,string,UnityEngine.Object)
UnityEngine.DebugLogHandler:LogFormat (UnityEngine.LogType,UnityEngine.Object,string,object[])
UnityEngine.Logger:Log (UnityEngine.LogType,object)
UnityEngine.Debug:Log (object)
ProjectAudit:Record (string) (at Assets/Editor/ProjectAudit.cs:720)
ProjectAudit/<>c__DisplayClass22_0:<RunScenarios>b__0 (Damageable,DamageInfo) (at Assets/Editor/ProjectAudit.cs:511)
Damageable:TakeDamage (single,DamageInfo) (at Assets/Scripts/Combat/Damageable.cs:108)
Projectile:Hit (UnityEngine.Collider,UnityEngine.Vector3) (at Assets/Scripts/Combat/Projectile.cs:82)
Projectile:OnTriggerEnter (UnityEngine.Collider) (at Assets/Scripts/Combat/Projectile.cs:59)

(Filename: Assets/Editor/ProjectAudit.cs Line: 720)

AUDIT FLOW Stage 2 - Wave 2/3 hp=176.685 kills=68
UnityEngine.Debug:ExtractStackTraceNoAlloc (byte*,int,string)
UnityEngine.StackTraceUtility:ExtractStackTrace ()
UnityEngine.DebugLogHandler:Internal_Log (UnityEngine.LogType,UnityEngine.LogOption,string,UnityEngine.Object)
UnityEngine.DebugLogHandler:LogFormat (UnityEngine.LogType,UnityEngine.Object,string,object[])
UnityEngine.Logger:Log (UnityEngine.LogType,object)
UnityEngine.Debug:Log (object)
ProjectAudit:Record (string) (at Assets/Editor/ProjectAudit.cs:720)
ProjectAudit/<RunScenarios>d__22:MoveNext () (at Assets/Editor/ProjectAudit.cs:524)
ProjectAudit:Tick () (at Assets/Editor/ProjectAudit.cs:490)
UnityEditor.EditorApplication:Internal_CallUpdateFunctions ()

(Filename: Assets/Editor/ProjectAudit.cs Line: 720)

AUDIT PLAYER_HIT hp=173.37 phase=Combat damage=3.315
UnityEngine.Debug:ExtractStackTraceNoAlloc (byte*,int,string)
UnityEngine.StackTraceUtility:ExtractStackTrace ()
UnityEngine.DebugLogHandler:Internal_Log (UnityEngine.LogType,UnityEngine.LogOption,string,UnityEngine.Object)
UnityEngine.DebugLogHandler:LogFormat (UnityEngine.LogType,UnityEngine.Object,string,object[])
UnityEngine.Logger:Log (UnityEngine.LogType,object)
UnityEngine.Debug:Log (object)
ProjectAudit:Record (string) (at Assets/Editor/ProjectAudit.cs:720)
ProjectAudit/<>c__DisplayClass22_0:<RunScenarios>b__0 (Damageable,DamageInfo) (at Assets/Editor/ProjectAudit.cs:511)
Damageable:TakeDamage (single,DamageInfo) (at Assets/Scripts/Combat/Damageable.cs:108)
Projectile:Hit (UnityEngine.Collider,UnityEngine.Vector3) (at Assets/Scripts/Combat/Projectile.cs:82)
Projectile:OnTriggerEnter (UnityEngine.Collider) (at Assets/Scripts/Combat/Projectile.cs:59)

(Filename: Assets/Editor/ProjectAudit.cs Line: 720)

AUDIT PLAYER_HIT hp=170.055 phase=Combat damage=3.315
UnityEngine.Debug:ExtractStackTraceNoAlloc (byte*,int,string)
UnityEngine.StackTraceUtility:ExtractStackTrace ()
UnityEngine.DebugLogHandler:Internal_Log (UnityEngine.LogType,UnityEngine.LogOption,string,UnityEngine.Object)
UnityEngine.DebugLogHandler:LogFormat (UnityEngine.LogType,UnityEngine.Object,string,object[])
UnityEngine.Logger:Log (UnityEngine.LogType,object)
UnityEngine.Debug:Log (object)
ProjectAudit:Record (string) (at Assets/Editor/ProjectAudit.cs:720)
ProjectAudit/<>c__DisplayClass22_0:<RunScenarios>b__0 (Damageable,DamageInfo) (at Assets/Editor/ProjectAudit.cs:511)
Damageable:TakeDamage (single,DamageInfo) (at Assets/Scripts/Combat/Damageable.cs:108)
Projectile:Hit (UnityEngine.Collider,UnityEngine.Vector3) (at Assets/Scripts/Combat/Projectile.cs:82)
Projectile:OnTriggerEnter (UnityEngine.Collider) (at Assets/Scripts/Combat/Projectile.cs:59)

(Filename: Assets/Editor/ProjectAudit.cs Line: 720)

AUDIT FLOW Wave clear // Field repair +10 HP hp=180 kills=72
UnityEngine.Debug:ExtractStackTraceNoAlloc (byte*,int,string)
UnityEngine.StackTraceUtility:ExtractStackTrace ()
UnityEngine.DebugLogHandler:Internal_Log (UnityEngine.LogType,UnityEngine.LogOption,string,UnityEngine.Object)
UnityEngine.DebugLogHandler:LogFormat (UnityEngine.LogType,UnityEngine.Object,string,object[])
UnityEngine.Logger:Log (UnityEngine.LogType,object)
UnityEngine.Debug:Log (object)
ProjectAudit:Record (string) (at Assets/Editor/ProjectAudit.cs:720)
ProjectAudit/<RunScenarios>d__22:MoveNext () (at Assets/Editor/ProjectAudit.cs:524)
ProjectAudit:Tick () (at Assets/Editor/ProjectAudit.cs:490)
UnityEditor.EditorApplication:Internal_CallUpdateFunctions ()

(Filename: Assets/Editor/ProjectAudit.cs Line: 720)

AUDIT FLOW Stage 2 - Wave 3/3 hp=180 kills=72
UnityEngine.Debug:ExtractStackTraceNoAlloc (byte*,int,string)
UnityEngine.StackTraceUtility:ExtractStackTrace ()
UnityEngine.DebugLogHandler:Internal_Log (UnityEngine.LogType,UnityEngine.LogOption,string,UnityEngine.Object)
UnityEngine.DebugLogHandler:LogFormat (UnityEngine.LogType,UnityEngine.Object,string,object[])
UnityEngine.Logger:Log (UnityEngine.LogType,object)
UnityEngine.Debug:Log (object)
ProjectAudit:Record (string) (at Assets/Editor/ProjectAudit.cs:720)
ProjectAudit/<RunScenarios>d__22:MoveNext () (at Assets/Editor/ProjectAudit.cs:524)
ProjectAudit:Tick () (at Assets/Editor/ProjectAudit.cs:490)
UnityEditor.EditorApplication:Internal_CallUpdateFunctions ()

(Filename: Assets/Editor/ProjectAudit.cs Line: 720)

AUDIT FLOW Boss incoming hp=180 kills=75
UnityEngine.Debug:ExtractStackTraceNoAlloc (byte*,int,string)
UnityEngine.StackTraceUtility:ExtractStackTrace ()
UnityEngine.DebugLogHandler:Internal_Log (UnityEngine.LogType,UnityEngine.LogOption,string,UnityEngine.Object)
UnityEngine.DebugLogHandler:LogFormat (UnityEngine.LogType,UnityEngine.Object,string,object[])
UnityEngine.Logger:Log (UnityEngine.LogType,object)
UnityEngine.Debug:Log (object)
ProjectAudit:Record (string) (at Assets/Editor/ProjectAudit.cs:720)
ProjectAudit/<RunScenarios>d__22:MoveNext () (at Assets/Editor/ProjectAudit.cs:524)
ProjectAudit:Tick () (at Assets/Editor/ProjectAudit.cs:490)
UnityEditor.EditorApplication:Internal_CallUpdateFunctions ()

(Filename: Assets/Editor/ProjectAudit.cs Line: 720)

AUDIT FLOW Boss - Phase 1 hp=180 kills=75
UnityEngine.Debug:ExtractStackTraceNoAlloc (byte*,int,string)
UnityEngine.StackTraceUtility:ExtractStackTrace ()
UnityEngine.DebugLogHandler:Internal_Log (UnityEngine.LogType,UnityEngine.LogOption,string,UnityEngine.Object)
UnityEngine.DebugLogHandler:LogFormat (UnityEngine.LogType,UnityEngine.Object,string,object[])
UnityEngine.Logger:Log (UnityEngine.LogType,object)
UnityEngine.Debug:Log (object)
ProjectAudit:Record (string) (at Assets/Editor/ProjectAudit.cs:720)
ProjectAudit/<RunScenarios>d__22:MoveNext () (at Assets/Editor/ProjectAudit.cs:524)
ProjectAudit:Tick () (at Assets/Editor/ProjectAudit.cs:490)
UnityEditor.EditorApplication:Internal_CallUpdateFunctions ()

(Filename: Assets/Editor/ProjectAudit.cs Line: 720)

AUDIT CAPTURE 04_boss colors=168
UnityEngine.Debug:ExtractStackTraceNoAlloc (byte*,int,string)
UnityEngine.StackTraceUtility:ExtractStackTrace ()
UnityEngine.DebugLogHandler:Internal_Log (UnityEngine.LogType,UnityEngine.LogOption,string,UnityEngine.Object)
UnityEngine.DebugLogHandler:LogFormat (UnityEngine.LogType,UnityEngine.Object,string,object[])
UnityEngine.Logger:Log (UnityEngine.LogType,object)
UnityEngine.Debug:Log (object)
ProjectAudit:Record (string) (at Assets/Editor/ProjectAudit.cs:720)
ProjectAudit:Capture (string,int,int,System.Nullable`1<UnityEngine.Rect>) (at Assets/Editor/ProjectAudit.cs:690)
ProjectAudit/<RunScenarios>d__22:MoveNext () (at Assets/Editor/ProjectAudit.cs:529)
ProjectAudit:Tick () (at Assets/Editor/ProjectAudit.cs:490)
UnityEditor.EditorApplication:Internal_CallUpdateFunctions ()

(Filename: Assets/Editor/ProjectAudit.cs Line: 720)

AUDIT FLOW Boss - Phase 2 hp=180 kills=75
UnityEngine.Debug:ExtractStackTraceNoAlloc (byte*,int,string)
UnityEngine.StackTraceUtility:ExtractStackTrace ()
UnityEngine.DebugLogHandler:Internal_Log (UnityEngine.LogType,UnityEngine.LogOption,string,UnityEngine.Object)
UnityEngine.DebugLogHandler:LogFormat (UnityEngine.LogType,UnityEngine.Object,string,object[])
UnityEngine.Logger:Log (UnityEngine.LogType,object)
UnityEngine.Debug:Log (object)
ProjectAudit:Record (string) (at Assets/Editor/ProjectAudit.cs:720)
ProjectAudit/<RunScenarios>d__22:MoveNext () (at Assets/Editor/ProjectAudit.cs:524)
ProjectAudit:Tick () (at Assets/Editor/ProjectAudit.cs:490)
UnityEditor.EditorApplication:Internal_CallUpdateFunctions ()

(Filename: Assets/Editor/ProjectAudit.cs Line: 720)

AUDIT CAPTURE 04b_boss_phase2 colors=218
UnityEngine.Debug:ExtractStackTraceNoAlloc (byte*,int,string)
UnityEngine.StackTraceUtility:ExtractStackTrace ()
UnityEngine.DebugLogHandler:Internal_Log (UnityEngine.LogType,UnityEngine.LogOption,string,UnityEngine.Object)
UnityEngine.DebugLogHandler:LogFormat (UnityEngine.LogType,UnityEngine.Object,string,object[])
UnityEngine.Logger:Log (UnityEngine.LogType,object)
UnityEngine.Debug:Log (object)
ProjectAudit:Record (string) (at Assets/Editor/ProjectAudit.cs:720)
ProjectAudit:Capture (string,int,int,System.Nullable`1<UnityEngine.Rect>) (at Assets/Editor/ProjectAudit.cs:690)
ProjectAudit/<RunScenarios>d__22:MoveNext () (at Assets/Editor/ProjectAudit.cs:530)
ProjectAudit:Tick () (at Assets/Editor/ProjectAudit.cs:490)
UnityEditor.EditorApplication:Internal_CallUpdateFunctions ()

(Filename: Assets/Editor/ProjectAudit.cs Line: 720)

AUDIT PLAYER_HIT hp=175.0275 phase=Combat damage=4.9725
UnityEngine.Debug:ExtractStackTraceNoAlloc (byte*,int,string)
UnityEngine.StackTraceUtility:ExtractStackTrace ()
UnityEngine.DebugLogHandler:Internal_Log (UnityEngine.LogType,UnityEngine.LogOption,string,UnityEngine.Object)
UnityEngine.DebugLogHandler:LogFormat (UnityEngine.LogType,UnityEngine.Object,string,object[])
UnityEngine.Logger:Log (UnityEngine.LogType,object)
UnityEngine.Debug:Log (object)
ProjectAudit:Record (string) (at Assets/Editor/ProjectAudit.cs:720)
ProjectAudit/<>c__DisplayClass22_0:<RunScenarios>b__0 (Damageable,DamageInfo) (at Assets/Editor/ProjectAudit.cs:511)
Damageable:TakeDamage (single,DamageInfo) (at Assets/Scripts/Combat/Damageable.cs:108)
Projectile:Hit (UnityEngine.Collider,UnityEngine.Vector3) (at Assets/Scripts/Combat/Projectile.cs:82)
Projectile:Update () (at Assets/Scripts/Combat/Projectile.cs:51)

(Filename: Assets/Editor/ProjectAudit.cs Line: 720)

AUDIT CAPTURE 05_result colors=105
UnityEngine.Debug:ExtractStackTraceNoAlloc (byte*,int,string)
UnityEngine.StackTraceUtility:ExtractStackTrace ()
UnityEngine.DebugLogHandler:Internal_Log (UnityEngine.LogType,UnityEngine.LogOption,string,UnityEngine.Object)
UnityEngine.DebugLogHandler:LogFormat (UnityEngine.LogType,UnityEngine.Object,string,object[])
UnityEngine.Logger:Log (UnityEngine.LogType,object)
UnityEngine.Debug:Log (object)
ProjectAudit:Record (string) (at Assets/Editor/ProjectAudit.cs:720)
ProjectAudit:Capture (string,int,int,System.Nullable`1<UnityEngine.Rect>) (at Assets/Editor/ProjectAudit.cs:690)
ProjectAudit/<RunScenarios>d__22:MoveNext () (at Assets/Editor/ProjectAudit.cs:560)
ProjectAudit:Tick () (at Assets/Editor/ProjectAudit.cs:490)
UnityEditor.EditorApplication:Internal_CallUpdateFunctions ()

(Filename: Assets/Editor/ProjectAudit.cs Line: 720)

AUDIT LIVE_FIRE_RESULT phase=Result hp=175.0275 kills=78 shots=310 choices=1 kinds=Melee,Elite,Drone,Ranged boss=True phase2=True seconds=95.30416
UnityEngine.Debug:ExtractStackTraceNoAlloc (byte*,int,string)
UnityEngine.StackTraceUtility:ExtractStackTrace ()
UnityEngine.DebugLogHandler:Internal_Log (UnityEngine.LogType,UnityEngine.LogOption,string,UnityEngine.Object)
UnityEngine.DebugLogHandler:LogFormat (UnityEngine.LogType,UnityEngine.Object,string,object[])
UnityEngine.Logger:Log (UnityEngine.LogType,object)
UnityEngine.Debug:Log (object)
ProjectAudit:Record (string) (at Assets/Editor/ProjectAudit.cs:720)
ProjectAudit/<RunScenarios>d__22:MoveNext () (at Assets/Editor/ProjectAudit.cs:561)
ProjectAudit:Tick () (at Assets/Editor/ProjectAudit.cs:490)
UnityEditor.EditorApplication:Internal_CallUpdateFunctions ()

(Filename: Assets/Editor/ProjectAudit.cs Line: 720)

AUDIT COMBAT_BLOCK_PASS phase=Result paused=False
UnityEngine.Debug:ExtractStackTraceNoAlloc (byte*,int,string)
UnityEngine.StackTraceUtility:ExtractStackTrace ()
UnityEngine.DebugLogHandler:Internal_Log (UnityEngine.LogType,UnityEngine.LogOption,string,UnityEngine.Object)
UnityEngine.DebugLogHandler:LogFormat (UnityEngine.LogType,UnityEngine.Object,string,object[])
UnityEngine.Logger:Log (UnityEngine.LogType,object)
UnityEngine.Debug:Log (object)
ProjectAudit:Record (string) (at Assets/Editor/ProjectAudit.cs:720)
ProjectAudit:VerifyBlockedCombat (GameManager) (at Assets/Editor/ProjectAudit.cs:623)
ProjectAudit/<RunScenarios>d__22:MoveNext () (at Assets/Editor/ProjectAudit.cs:563)
ProjectAudit:Tick () (at Assets/Editor/ProjectAudit.cs:490)
UnityEditor.EditorApplication:Internal_CallUpdateFunctions ()

(Filename: Assets/Editor/ProjectAudit.cs Line: 720)

AUDIT FRAME_OBSERVATION samples=467616 avg_ms=0.1995218 p95_ms=0.2774022 note=editor+audit_logic+uncapped_not_benchmark
UnityEngine.Debug:ExtractStackTraceNoAlloc (byte*,int,string)
UnityEngine.StackTraceUtility:ExtractStackTrace ()
UnityEngine.DebugLogHandler:Internal_Log (UnityEngine.LogType,UnityEngine.LogOption,string,UnityEngine.Object)
UnityEngine.DebugLogHandler:LogFormat (UnityEngine.LogType,UnityEngine.Object,string,object[])
UnityEngine.Logger:Log (UnityEngine.LogType,object)
UnityEngine.Debug:Log (object)
ProjectAudit:Record (string) (at Assets/Editor/ProjectAudit.cs:720)
ProjectAudit/<RunScenarios>d__22:MoveNext () (at Assets/Editor/ProjectAudit.cs:565)
ProjectAudit:Tick () (at Assets/Editor/ProjectAudit.cs:490)
UnityEditor.EditorApplication:Internal_CallUpdateFunctions ()

(Filename: Assets/Editor/ProjectAudit.cs Line: 720)

AUDIT UI_CLICK ReturnHangarButton
UnityEngine.Debug:ExtractStackTraceNoAlloc (byte*,int,string)
UnityEngine.StackTraceUtility:ExtractStackTrace ()
UnityEngine.DebugLogHandler:Internal_Log (UnityEngine.LogType,UnityEngine.LogOption,string,UnityEngine.Object)
UnityEngine.DebugLogHandler:LogFormat (UnityEngine.LogType,UnityEngine.Object,string,object[])
UnityEngine.Logger:Log (UnityEngine.LogType,object)
UnityEngine.Debug:Log (object)
ProjectAudit:Record (string) (at Assets/Editor/ProjectAudit.cs:720)
ProjectAudit:Click (string) (at Assets/Editor/ProjectAudit.cs:640)
ProjectAudit/<RunScenarios>d__22:MoveNext () (at Assets/Editor/ProjectAudit.cs:566)
ProjectAudit:Tick () (at Assets/Editor/ProjectAudit.cs:490)
UnityEditor.EditorApplication:Internal_CallUpdateFunctions ()

(Filename: Assets/Editor/ProjectAudit.cs Line: 720)

Unloading 21 Unused Serialized files (Serialized files now loaded: 0)
UnloadTime: 2.441700 ms
Loaded scene 'Temp/__Backupscenes/0.backup'
	Deserialize:            3.405 ms
	Integration:            8.554 ms
	Integration of assets:  0.002 ms
	Thread Wait Time:       0.006 ms
	Total Operation Time:   11.966 ms
Unloading 75 unused Assets / (140.1 KB). Loaded Objects now: 3502.
Memory consumption went from 195.3 MB to 195.2 MB.
Total: 3.053500 ms (FindLiveObjects: 0.094000 ms CreateObjectMapping: 0.015900 ms MarkObjects: 2.888800 ms  DeleteObjects: 0.054400 ms)

AUDIT RESTART hangar=True hp=180 upgrades=Upgrades: none
UnityEngine.Debug:ExtractStackTraceNoAlloc (byte*,int,string)
UnityEngine.StackTraceUtility:ExtractStackTrace ()
UnityEngine.DebugLogHandler:Internal_Log (UnityEngine.LogType,UnityEngine.LogOption,string,UnityEngine.Object)
UnityEngine.DebugLogHandler:LogFormat (UnityEngine.LogType,UnityEngine.Object,string,object[])
UnityEngine.Logger:Log (UnityEngine.LogType,object)
UnityEngine.Debug:Log (object)
ProjectAudit:Record (string) (at Assets/Editor/ProjectAudit.cs:720)
ProjectAudit/<RunScenarios>d__22:MoveNext () (at Assets/Editor/ProjectAudit.cs:570)
ProjectAudit:Tick () (at Assets/Editor/ProjectAudit.cs:490)
UnityEditor.EditorApplication:Internal_CallUpdateFunctions ()

(Filename: Assets/Editor/ProjectAudit.cs Line: 720)

AUDIT UI_CLICK DeployButton
UnityEngine.Debug:ExtractStackTraceNoAlloc (byte*,int,string)
UnityEngine.StackTraceUtility:ExtractStackTrace ()
UnityEngine.DebugLogHandler:Internal_Log (UnityEngine.LogType,UnityEngine.LogOption,string,UnityEngine.Object)
UnityEngine.DebugLogHandler:LogFormat (UnityEngine.LogType,UnityEngine.Object,string,object[])
UnityEngine.Logger:Log (UnityEngine.LogType,object)
UnityEngine.Debug:Log (object)
ProjectAudit:Record (string) (at Assets/Editor/ProjectAudit.cs:720)
ProjectAudit:Click (string) (at Assets/Editor/ProjectAudit.cs:640)
ProjectAudit/<RunScenarios>d__22:MoveNext () (at Assets/Editor/ProjectAudit.cs:572)
ProjectAudit:Tick () (at Assets/Editor/ProjectAudit.cs:490)
UnityEditor.EditorApplication:Internal_CallUpdateFunctions ()

(Filename: Assets/Editor/ProjectAudit.cs Line: 720)

AUDIT COMBAT_BLOCK_PASS phase=Reward paused=False
UnityEngine.Debug:ExtractStackTraceNoAlloc (byte*,int,string)
UnityEngine.StackTraceUtility:ExtractStackTrace ()
UnityEngine.DebugLogHandler:Internal_Log (UnityEngine.LogType,UnityEngine.LogOption,string,UnityEngine.Object)
UnityEngine.DebugLogHandler:LogFormat (UnityEngine.LogType,UnityEngine.Object,string,object[])
UnityEngine.Logger:Log (UnityEngine.LogType,object)
UnityEngine.Debug:Log (object)
ProjectAudit:Record (string) (at Assets/Editor/ProjectAudit.cs:720)
ProjectAudit:VerifyBlockedCombat (GameManager) (at Assets/Editor/ProjectAudit.cs:623)
ProjectAudit/<RunScenarios>d__22:MoveNext () (at Assets/Editor/ProjectAudit.cs:580)
ProjectAudit:Tick () (at Assets/Editor/ProjectAudit.cs:490)
UnityEditor.EditorApplication:Internal_CallUpdateFunctions ()

(Filename: Assets/Editor/ProjectAudit.cs Line: 720)

AUDIT REWARD_PROTECTION hp_before=180 hp_after=180 phase=Reward
UnityEngine.Debug:ExtractStackTraceNoAlloc (byte*,int,string)
UnityEngine.StackTraceUtility:ExtractStackTrace ()
UnityEngine.DebugLogHandler:Internal_Log (UnityEngine.LogType,UnityEngine.LogOption,string,UnityEngine.Object)
UnityEngine.DebugLogHandler:LogFormat (UnityEngine.LogType,UnityEngine.Object,string,object[])
UnityEngine.Logger:Log (UnityEngine.LogType,object)
UnityEngine.Debug:Log (object)
ProjectAudit:Record (string) (at Assets/Editor/ProjectAudit.cs:720)
ProjectAudit/<RunScenarios>d__22:MoveNext () (at Assets/Editor/ProjectAudit.cs:584)
ProjectAudit:Tick () (at Assets/Editor/ProjectAudit.cs:490)
UnityEditor.EditorApplication:Internal_CallUpdateFunctions ()

(Filename: Assets/Editor/ProjectAudit.cs Line: 720)

AUDIT CAPTURE 06_reward_damage colors=128
UnityEngine.Debug:ExtractStackTraceNoAlloc (byte*,int,string)
UnityEngine.StackTraceUtility:ExtractStackTrace ()
UnityEngine.DebugLogHandler:Internal_Log (UnityEngine.LogType,UnityEngine.LogOption,string,UnityEngine.Object)
UnityEngine.DebugLogHandler:LogFormat (UnityEngine.LogType,UnityEngine.Object,string,object[])
UnityEngine.Logger:Log (UnityEngine.LogType,object)
UnityEngine.Debug:Log (object)
ProjectAudit:Record (string) (at Assets/Editor/ProjectAudit.cs:720)
ProjectAudit:Capture (string,int,int,System.Nullable`1<UnityEngine.Rect>) (at Assets/Editor/ProjectAudit.cs:690)
ProjectAudit/<RunScenarios>d__22:MoveNext () (at Assets/Editor/ProjectAudit.cs:586)
ProjectAudit:Tick () (at Assets/Editor/ProjectAudit.cs:490)
UnityEditor.EditorApplication:Internal_CallUpdateFunctions ()

(Filename: Assets/Editor/ProjectAudit.cs Line: 720)

Unloading 1 Unused Serialized files (Serialized files now loaded: 0)
UnloadTime: 0.859700 ms
Loaded scene 'Temp/__Backupscenes/0.backup'
	Deserialize:            3.934 ms
	Integration:            6.648 ms
	Integration of assets:  0.082 ms
	Thread Wait Time:       0.008 ms
	Total Operation Time:   10.672 ms
Unloading 67 unused Assets / (197.2 KB). Loaded Objects now: 3502.
Memory consumption went from 195.1 MB to 195.0 MB.
Total: 3.006500 ms (FindLiveObjects: 0.088300 ms CreateObjectMapping: 0.016900 ms MarkObjects: 2.861600 ms  DeleteObjects: 0.039400 ms)

AUDIT UI_CLICK DeployButton
UnityEngine.Debug:ExtractStackTraceNoAlloc (byte*,int,string)
UnityEngine.StackTraceUtility:ExtractStackTrace ()
UnityEngine.DebugLogHandler:Internal_Log (UnityEngine.LogType,UnityEngine.LogOption,string,UnityEngine.Object)
UnityEngine.DebugLogHandler:LogFormat (UnityEngine.LogType,UnityEngine.Object,string,object[])
UnityEngine.Logger:Log (UnityEngine.LogType,object)
UnityEngine.Debug:Log (object)
ProjectAudit:Record (string) (at Assets/Editor/ProjectAudit.cs:720)
ProjectAudit:Click (string) (at Assets/Editor/ProjectAudit.cs:640)
ProjectAudit/<RunScenarios>d__22:MoveNext () (at Assets/Editor/ProjectAudit.cs:591)
ProjectAudit:Tick () (at Assets/Editor/ProjectAudit.cs:490)
UnityEditor.EditorApplication:Internal_CallUpdateFunctions ()

(Filename: Assets/Editor/ProjectAudit.cs Line: 720)

AUDIT COMBAT_BLOCK_PASS phase=Result paused=False
UnityEngine.Debug:ExtractStackTraceNoAlloc (byte*,int,string)
UnityEngine.StackTraceUtility:ExtractStackTrace ()
UnityEngine.DebugLogHandler:Internal_Log (UnityEngine.LogType,UnityEngine.LogOption,string,UnityEngine.Object)
UnityEngine.DebugLogHandler:LogFormat (UnityEngine.LogType,UnityEngine.Object,string,object[])
UnityEngine.Logger:Log (UnityEngine.LogType,object)
UnityEngine.Debug:Log (object)
ProjectAudit:Record (string) (at Assets/Editor/ProjectAudit.cs:720)
ProjectAudit:VerifyBlockedCombat (GameManager) (at Assets/Editor/ProjectAudit.cs:623)
ProjectAudit/<RunScenarios>d__22:MoveNext () (at Assets/Editor/ProjectAudit.cs:599)
ProjectAudit:Tick () (at Assets/Editor/ProjectAudit.cs:490)
UnityEditor.EditorApplication:Internal_CallUpdateFunctions ()

(Filename: Assets/Editor/ProjectAudit.cs Line: 720)

AUDIT DEFEAT phase=Result hp=0 enemies_before=0 enemies_after=0 hud=False result_buttons=1
UnityEngine.Debug:ExtractStackTraceNoAlloc (byte*,int,string)
UnityEngine.StackTraceUtility:ExtractStackTrace ()
UnityEngine.DebugLogHandler:Internal_Log (UnityEngine.LogType,UnityEngine.LogOption,string,UnityEngine.Object)
UnityEngine.DebugLogHandler:LogFormat (UnityEngine.LogType,UnityEngine.Object,string,object[])
UnityEngine.Logger:Log (UnityEngine.LogType,object)
UnityEngine.Debug:Log (object)
ProjectAudit:Record (string) (at Assets/Editor/ProjectAudit.cs:720)
ProjectAudit/<RunScenarios>d__22:MoveNext () (at Assets/Editor/ProjectAudit.cs:602)
ProjectAudit:Tick () (at Assets/Editor/ProjectAudit.cs:490)
UnityEditor.EditorApplication:Internal_CallUpdateFunctions ()

(Filename: Assets/Editor/ProjectAudit.cs Line: 720)

AUDIT CAPTURE 07_defeat colors=104
UnityEngine.Debug:ExtractStackTraceNoAlloc (byte*,int,string)
UnityEngine.StackTraceUtility:ExtractStackTrace ()
UnityEngine.DebugLogHandler:Internal_Log (UnityEngine.LogType,UnityEngine.LogOption,string,UnityEngine.Object)
UnityEngine.DebugLogHandler:LogFormat (UnityEngine.LogType,UnityEngine.Object,string,object[])
UnityEngine.Logger:Log (UnityEngine.LogType,object)
UnityEngine.Debug:Log (object)
ProjectAudit:Record (string) (at Assets/Editor/ProjectAudit.cs:720)
ProjectAudit:Capture (string,int,int,System.Nullable`1<UnityEngine.Rect>) (at Assets/Editor/ProjectAudit.cs:690)
ProjectAudit/<RunScenarios>d__22:MoveNext () (at Assets/Editor/ProjectAudit.cs:605)
ProjectAudit:Tick () (at Assets/Editor/ProjectAudit.cs:490)
UnityEditor.EditorApplication:Internal_CallUpdateFunctions ()

(Filename: Assets/Editor/ProjectAudit.cs Line: 720)

AUDIT CAPTURE 07b_defeat_1280 colors=68
UnityEngine.Debug:ExtractStackTraceNoAlloc (byte*,int,string)
UnityEngine.StackTraceUtility:ExtractStackTrace ()
UnityEngine.DebugLogHandler:Internal_Log (UnityEngine.LogType,UnityEngine.LogOption,string,UnityEngine.Object)
UnityEngine.DebugLogHandler:LogFormat (UnityEngine.LogType,UnityEngine.Object,string,object[])
UnityEngine.Logger:Log (UnityEngine.LogType,object)
UnityEngine.Debug:Log (object)
ProjectAudit:Record (string) (at Assets/Editor/ProjectAudit.cs:720)
ProjectAudit:Capture (string,int,int,System.Nullable`1<UnityEngine.Rect>) (at Assets/Editor/ProjectAudit.cs:690)
ProjectAudit/<RunScenarios>d__22:MoveNext () (at Assets/Editor/ProjectAudit.cs:606)
ProjectAudit:Tick () (at Assets/Editor/ProjectAudit.cs:490)
UnityEditor.EditorApplication:Internal_CallUpdateFunctions ()

(Filename: Assets/Editor/ProjectAudit.cs Line: 720)

AUDIT UI_CLICK ReturnHangarButton
UnityEngine.Debug:ExtractStackTraceNoAlloc (byte*,int,string)
UnityEngine.StackTraceUtility:ExtractStackTrace ()
UnityEngine.DebugLogHandler:Internal_Log (UnityEngine.LogType,UnityEngine.LogOption,string,UnityEngine.Object)
UnityEngine.DebugLogHandler:LogFormat (UnityEngine.LogType,UnityEngine.Object,string,object[])
UnityEngine.Logger:Log (UnityEngine.LogType,object)
UnityEngine.Debug:Log (object)
ProjectAudit:Record (string) (at Assets/Editor/ProjectAudit.cs:720)
ProjectAudit:Click (string) (at Assets/Editor/ProjectAudit.cs:640)
ProjectAudit/<RunScenarios>d__22:MoveNext () (at Assets/Editor/ProjectAudit.cs:607)
ProjectAudit:Tick () (at Assets/Editor/ProjectAudit.cs:490)
UnityEditor.EditorApplication:Internal_CallUpdateFunctions ()

(Filename: Assets/Editor/ProjectAudit.cs Line: 720)

Unloading 1 Unused Serialized files (Serialized files now loaded: 0)
UnloadTime: 0.773900 ms
Loaded scene 'Temp/__Backupscenes/0.backup'
	Deserialize:            3.612 ms
	Integration:            6.410 ms
	Integration of assets:  0.068 ms
	Thread Wait Time:       0.004 ms
	Total Operation Time:   10.093 ms
Unloading 67 unused Assets / (48.7 KB). Loaded Objects now: 3502.
Memory consumption went from 195.2 MB to 195.2 MB.
Total: 2.944000 ms (FindLiveObjects: 0.094300 ms CreateObjectMapping: 0.015100 ms MarkObjects: 2.794500 ms  DeleteObjects: 0.039700 ms)

AUDIT DEFEAT_RESTART hangar=True
UnityEngine.Debug:ExtractStackTraceNoAlloc (byte*,int,string)
UnityEngine.StackTraceUtility:ExtractStackTrace ()
UnityEngine.DebugLogHandler:Internal_Log (UnityEngine.LogType,UnityEngine.LogOption,string,UnityEngine.Object)
UnityEngine.DebugLogHandler:LogFormat (UnityEngine.LogType,UnityEngine.Object,string,object[])
UnityEngine.Logger:Log (UnityEngine.LogType,object)
UnityEngine.Debug:Log (object)
ProjectAudit:Record (string) (at Assets/Editor/ProjectAudit.cs:720)
ProjectAudit/<RunScenarios>d__22:MoveNext () (at Assets/Editor/ProjectAudit.cs:610)
ProjectAudit:Tick () (at Assets/Editor/ProjectAudit.cs:490)
UnityEditor.EditorApplication:Internal_CallUpdateFunctions ()

(Filename: Assets/Editor/ProjectAudit.cs Line: 720)

AUDIT_FINISHED code=0
UnityEngine.Debug:ExtractStackTraceNoAlloc (byte*,int,string)
UnityEngine.StackTraceUtility:ExtractStackTrace ()
UnityEngine.DebugLogHandler:Internal_Log (UnityEngine.LogType,UnityEngine.LogOption,string,UnityEngine.Object)
UnityEngine.DebugLogHandler:LogFormat (UnityEngine.LogType,UnityEngine.Object,string,object[])
UnityEngine.Logger:Log (UnityEngine.LogType,object)
UnityEngine.Debug:Log (object)
ProjectAudit:Finish (int) (at Assets/Editor/ProjectAudit.cs:730)
ProjectAudit:Tick () (at Assets/Editor/ProjectAudit.cs:490)
UnityEditor.EditorApplication:Internal_CallUpdateFunctions ()

(Filename: Assets/Editor/ProjectAudit.cs Line: 730)

[Physics::Module] Cleanup current backend.
[Physics::Module] Id: 0xf2b8ea05
Input System module state changed to: ShutdownInProgress.
Input System polling thread exited.
Input System module state changed to: Shutdown.
[Licensing::IpcConnector] LicenseClient-yue-notifications channel disconnected successfully.
[Licensing::IpcConnector] LicenseClient-yue channel disconnected successfully.
AcceleratorClientConnectionCallback - disconnected - :0
Cleanup mono
Checking for leaked weakptr:
  Found no leaked weakptrs.
[Package Manager] Server process was shutdown
##utp:{"type":"MemoryLeaks","version":2,"phase":"Immediate","time":1788581997574,"processId":39800,"allocatedMemory":10251789,"memoryLabels":[{"Default":29313},{"Permanent":15236},{"NewDelete":68635},{"Thread":4237960},{"Manager":36844},{"VertexData":8},{"Geometry":816},{"Texture":296},{"Shader":79333},{"Material":24},{"GfxDevice":59232},{"Animation":392},{"Audio":2664},{"FreeType":8},{"FontEngine":736},{"Physics":2146},{"Physics2D":16},{"Serialization":720},{"Input":14984},{"JobScheduler":33024},{"TextLib":216},{"Mono":32},{"ScriptingNativeRuntime":155060},{"BaseObject":1620208},{"Resource":1336},{"Renderer":3000},{"Transform":4685},{"File":3941},{"WebCam":616},{"Culling":32},{"Terrain":11394},{"Wind":24},{"STL":40},{"String":14515},{"DynamicArray":90845},{"HashMap":49172},{"Utility":2661910},{"Curl":3097},{"PoolAlloc":2056},{"AI":80},{"TypeTree":5341},{"ScriptManager":512},{"RuntimeInitializeOnLoadManager":64},{"SpriteAtlas":112},{"GI":7792},{"Director":8240},{"CloudService":6768},{"WebRequest":5835},{"VR":47994},{"SceneManager":504},{"Video":208},{"LazyScriptCache":32},{"Camera":17},{"Secure":2377},{"SerializationCache":1576},{"APIUpdating":10320},{"Subsystems":336},{"VirtualTexturing":57888},{"StaticSafetyDebugInfo":278528},{"Analytics":384},{"Hierarchy":608},{"CoreStats":13112},{"Identifiers":6480},{"Gui":96},{"EditorUtility":89118},{"VersionControl":4},{"Undo":947},{"AssetDatabase":456352},{"EditorGi":328},{"UnityConnect":29232},{"Upm":1896},{"AssetCompliance":64},{"DrivenProperties":72},{"LocalIPC":209},{"ProfilerEditor":9746},{"CoreBusinessMetrics":2859},{"Licensing":1232},{"AssetReference":32},{"IPCStream":32}]}
