[Licensing::Module] Trying to connect to existing licensing client channel...
Built from '6000.3/staging' branch; Version is '6000.3.18f1 (5ebeb53e4c07) revision 6209205'; Using compiler version '194234433'; Build Type 'Release'
[Licensing::IpcConnector] Channel LicenseClient-yue doesn't exist
OS: 'Windows 11  (10.0.22000) Core' Language: 'zh' Physical Memory: 32614 MB
BatchMode: 1, IsHumanControllingUs: 0, StartBugReporterOnCrash: 0, Is64bit: 1
System  architecture: x64
Process architecture: x64
Date: 2026-09-05T02:17:19Z
[Licensing::Module] Successfully launched the LicensingClient (PId: 17200)

COMMAND LINE ARGUMENTS:
D:\Editor\6000.3.18f1\Editor\Unity.exe
-batchmode
-projectPath
C:\Users\yue\.codex\visualizations\2026\06\18\019edb7d-a82a-7601-b667-1e85d8cb52f0\unity-audit-20260905
-executeMethod
ProjectAudit.Run
-logFile
C:\Users\yue\.codex\visualizations\2026\06\18\019edb7d-a82a-7601-b667-1e85d8cb52f0\unity-audit-20260905\AuditBaseline.log
Successfully changed project path to: C:\Users\yue\.codex\visualizations\2026\06\18\019edb7d-a82a-7601-b667-1e85d8cb52f0\unity-audit-20260905
C:/Users/yue/.codex/visualizations/2026/06/18/019edb7d-a82a-7601-b667-1e85d8cb52f0/unity-audit-20260905
[UnityMemory] Configuration Parameters - Can be set up in boot.config
    "memorysetup-temp-allocator-size-nav-mesh-worker=65536"
    "memorysetup-temp-allocator-size-audio-worker=65536"
    "memorysetup-temp-allocator-size-gfx=262144"
    "memorysetup-allocator-temp-initial-block-size-main=262144"
    "memorysetup-allocator-temp-initial-block-size-worker=262144"
    "memorysetup-temp-allocator-size-background-worker=32768"
    "memorysetup-temp-allocator-size-job-worker=262144"
    "memorysetup-temp-allocator-size-preload-manager=33554432"
    "memorysetup-temp-allocator-size-gi-baking-worker=262144"
    "memorysetup-temp-allocator-size-gi-baking-worker=262144"
    "memorysetup-temp-allocator-size-gi-baking-worker=262144"
    "memorysetup-temp-allocator-size-gi-baking-worker=262144"
    "memorysetup-temp-allocator-size-gi-baking-worker=262144"
    "memorysetup-bucket-allocator-granularity=16"
    "memorysetup-bucket-allocator-bucket-count=8"
    "memorysetup-bucket-allocator-block-size=33554432"
    "memorysetup-bucket-allocator-block-count=8"
    "memorysetup-main-allocator-block-size=16777216"
    "memorysetup-thread-allocator-block-size=16777216"
    "memorysetup-gfx-main-allocator-block-size=16777216"
    "memorysetup-gfx-thread-allocator-block-size=16777216"
    "memorysetup-cache-allocator-block-size=4194304"
    "memorysetup-typetree-allocator-block-size=2097152"
    "memorysetup-profiler-bucket-allocator-granularity=16"
    "memorysetup-profiler-bucket-allocator-bucket-count=8"
    "memorysetup-profiler-bucket-allocator-block-size=33554432"
    "memorysetup-profiler-bucket-allocator-block-count=8"
    "memorysetup-profiler-allocator-block-size=16777216"
    "memorysetup-profiler-editor-allocator-block-size=1048576"
    "memorysetup-temp-allocator-size-main=16777216"
    "memorysetup-job-temp-allocator-block-size=2097152"
    "memorysetup-job-temp-allocator-block-size-background=1048576"
    "memorysetup-job-temp-allocator-reduction-small-platforms=262144"
    "memorysetup-temp-allocator-size-cloud-worker=32768"
Player connection [31280]  Target information:

Player connection [31280]  * "[IP] 192.168.5.218 [Port] 55504 [Flags] 2 [Guid] 2049989232 [EditorId] 2049989232 [Version] 1048832 [Id] WindowsEditor(7,Marco) [Debug] 1 [PackageName] WindowsEditor [ProjectName] Editor" 

Player connection [31280]  * "[IP] 172.22.128.1 [Port] 55504 [Flags] 2 [Guid] 2049989232 [EditorId] 2049989232 [Version] 1048832 [Id] WindowsEditor(7,Marco) [Debug] 1 [PackageName] WindowsEditor [ProjectName] Editor" 

Player connection [31280]  * "[IP] 2.0.0.1 [Port] 55504 [Flags] 2 [Guid] 2049989232 [EditorId] 2049989232 [Version] 1048832 [Id] WindowsEditor(7,Marco) [Debug] 1 [PackageName] WindowsEditor [ProjectName] Editor" 

Player connection [31280] Host joined multi-casting on [225.0.0.222:54997]...
Player connection [31280] Host joined alternative multi-casting on [225.0.0.222:34997]...
Input System module state changed to: Initialized.
[Physics::Module] Initialized fallback backend.
[Physics::Module] Id: 0xdecafbad
[Package Manager] Connected to IPC stream "Upm-14044" after 0.3 seconds.
[Licensing::Module] Licensing is not yet initialized.
[Licensing::IpcConnector] Successfully connected to: "LicenseClient-yue" at "2026-09-05T02:17:21.253957Z"
[Licensing::Client] Code 10 while verifying Licensing Client signature (process Id: 17200, path: "D:/Editor/6000.3.18f1/Editor/Data/Resources/Licensing/Client/Unity.Licensing.Client.exe")
[Licensing::Module] LicensingClient has failed validation; ignoring
[Licensing::Client] Handshaking with LicensingClient:
  Version:                 1.18.1+9fbee8e
  Session Id:              c55b611be0fc42809aff7e52a2d10a7d
  Correlation Id:          eb922a9aa40caa64cd8a3507b558e2f6
  External correlation Id: 5059065383410094392
  Machine Id:              XSqKgGWCHqq/Baz2PtSnIVh4W6c=
[Licensing::Module] Successfully connected to LicensingClient on channel: "LicenseClient-yue" (connect: 1.94s, validation: 0.13s, handshake: 0.08s)
[Licensing::IpcConnector] Successfully connected to: "LicenseClient-yue-notifications" at "2026-09-05T02:17:21.4712802Z"
[Licensing::Module] Connected to LicensingClient (PId: 17200, launch time: 0.02, total connection time: 2.15s)
[Licensing::Module] Error: Access token is unavailable; failed to update
[Licensing::Client] Successfully resolved entitlement details
[Licensing::Module] License group:
  Id: 18968449435854-UnityPersXXXX
  Product: Unity Personal
  Type: Assigned
  Expiration: Unlimited
[Licensing::Client] Successfully updated license, isAsync: True, time: 0.01
[Licensing::Client] Successfully resolved entitlement details
[Licensing::Module] Licensing Background thread has ended after 2.21s
[Licensing::Module] Licensing is initialized (took 1.39s).
[Licensing::Client] Successfully resolved entitlement details
Library Redirect Path: Library/
Rebuilding Library because the asset database could not be found!
[Physics::Module] Selected backend.
[Physics::Module] Name: PhysX
[Physics::Module] Id: 0xf2b8ea05
[Physics::Module] SDK Version: 4.1.2
[Physics::Module] Integration Version: 1.0.0
[Physics::Module] Threading Mode: Multi-Threaded
Refreshing native plugins compatible for Editor in 0.00 ms, found 0 plugins.
Preloading 0 native plugins for Editor in 0.00 ms.
Initialize engine version: 6000.3.18f1 (5ebeb53e4c07)
[Subsystems] Discovering subsystems at path D:/Editor/6000.3.18f1/Editor/Data/Resources/UnitySubsystems
[Subsystems] Discovering subsystems at path C:/Users/yue/.codex/visualizations/2026/06/18/019edb7d-a82a-7601-b667-1e85d8cb52f0/unity-audit-20260905/Assets
GfxDevice: creating device client; kGfxThreadingModeNonThreaded
d3d12: failed to query info queue interface (0x80004002).
Direct3D:
    Version:         Direct3D 12 [level 12.2]
    Renderer:        NVIDIA GeForce RTX 4070 Ti (ID=0x2782)
    Vendor:          NVIDIA
    VRAM:            11994 MB
    App VRAM Budget: 11226 MB
    Driver:          32.0.15.9649
Initialize mono
Mono path[0] = 'D:/Editor/6000.3.18f1/Editor/Data/Managed'
Mono path[1] = 'D:/Editor/6000.3.18f1/Editor/Data/MonoBleedingEdge/lib/mono/unityjit-win32'
Mono config path = 'D:/Editor/6000.3.18f1/Editor/Data/MonoBleedingEdge/etc'
Using monoOptions --debugger-agent=transport=dt_socket,embedding=1,server=y,suspend=n,address=127.0.0.1:56044
Using cacheserver namespaces - metadata:defaultmetadata, artifacts:defaultartifacts
Using cacheserver namespaces - metadata:defaultmetadata, artifacts:defaultartifacts
ImportWorker Server TCP listen port: 0
AcceleratorClientConnectionCallback - disconnected - :0
Begin MonoManager ReloadAssembly
Registering precompiled unity dll's ...
Register platform support module: D:/Editor/6000.3.18f1/Editor/Data/PlaybackEngines/WindowsStandaloneSupport/UnityEditor.WindowsStandalone.Extensions.dll
Registered in 0.137835 seconds.
- Loaded All Assemblies, in  5.542 seconds
Native extension for WindowsStandalone target not found
Package Manager log level set to [2]
ScheduleIndexationOnStartup MainProcess:False IndexOnStartup:False
Mono: successfully reloaded assembly
- Finished resetting the current domain, in  0.278 seconds
Domain Reload Profiling: 5820ms
	BeginReloadAssembly (4371ms)
		ExecutionOrderSort (0ms)
		DisableScriptedObjects (0ms)
		BackupInstance (0ms)
		ReleaseScriptingObjects (0ms)
		CreateAndSetChildDomain (14ms)
	RebuildCommonClasses (266ms)
	RebuildNativeTypeToScriptingClass (8ms)
	initialDomainReloadingComplete (169ms)
	LoadAllAssembliesAndSetupDomain (727ms)
		LoadAssemblies (4358ms)
		RebuildTransferFunctionScriptingTraits (0ms)
		AnalyzeDomain (724ms)
			TypeCache.Refresh (723ms)
				TypeCache.ScanAssembly (572ms)
			BuildScriptInfoCaches (0ms)
			ResolveRequiredComponents (1ms)
	FinalizeReload (278ms)
		ReleaseScriptCaches (0ms)
		RebuildScriptCaches (0ms)
		SetupLoadedEditorAssemblies (253ms)
			LogAssemblyErrors (0ms)
			InitializePlatformSupportModulesInManaged (31ms)
			SetLoadedEditorAssemblies (3ms)
			BeforeProcessingInitializeOnLoad (51ms)
			ProcessInitializeOnLoadAttributes (92ms)
			ProcessInitializeOnLoadMethodAttributes (75ms)
			AfterProcessingInitializeOnLoad (0ms)
			EditorAssembliesLoaded (0ms)
		ExecutionOrderSort2 (0ms)
		AwakeInstancesAfterBackupRestoration (0ms)
[Licensing::Client] Successfully resolved entitlement details
Application.AssetDatabase Initial Refresh Start
[Package Manager] Done resolving packages in 4.65 seconds
[Licensing::Client] Successfully resolved entitlement details
[Package Manager] Registered 5 packages:
  Built-in packages:
    com.unity.ugui@2.0.0 (location: C:\Users\yue\.codex\visualizations\2026\06\18\019edb7d-a82a-7601-b667-1e85d8cb52f0\unity-audit-20260905\Library\PackageCache\com.unity.ugui@2e4da8434a5c)
    com.unity.modules.audio@1.0.0 (location: C:\Users\yue\.codex\visualizations\2026\06\18\019edb7d-a82a-7601-b667-1e85d8cb52f0\unity-audit-20260905\Library\PackageCache\com.unity.modules.audio)
    com.unity.modules.physics@1.0.0 (location: C:\Users\yue\.codex\visualizations\2026\06\18\019edb7d-a82a-7601-b667-1e85d8cb52f0\unity-audit-20260905\Library\PackageCache\com.unity.modules.physics)
    com.unity.modules.ui@1.0.0 (location: C:\Users\yue\.codex\visualizations\2026\06\18\019edb7d-a82a-7601-b667-1e85d8cb52f0\unity-audit-20260905\Library\PackageCache\com.unity.modules.ui)
    com.unity.modules.imgui@1.0.0 (location: C:\Users\yue\.codex\visualizations\2026\06\18\019edb7d-a82a-7601-b667-1e85d8cb52f0\unity-audit-20260905\Library\PackageCache\com.unity.modules.imgui)
[Subsystems] No new subsystems found in resolved package list.
[Package Manager] Done registering packages in 0.00 seconds
[ScriptCompilation] Requested script compilation because: Assembly Definition File(s) changed
[ScriptCompilation] Requested script compilation because: Assetdatabase observed changes in script compilation related files
Starting: D:\Editor\6000.3.18f1\Editor\Data\Tools\BuildPipeline\bee_backend.exe --ipc --defer-dag-verification --dagfile="Library/Bee/1900b0aE.dag" --continue-on-failure --profile="Library/Bee/backend1.traceevents" ScriptAssemblies
WorkingDir: C:/Users/yue/.codex/visualizations/2026/06/18/019edb7d-a82a-7601-b667-1e85d8cb52f0/unity-audit-20260905
ExitCode: 4 Duration: 0s50ms
[             ] Require frontend run.  Library/Bee/1900b0aE.dag couldn't be loaded
DisplayProgressbar: Compiling Scripts
Starting: D:\Editor\6000.3.18f1\Editor\Data\netcorerun\netcorerun.exe "D:\Editor\6000.3.18f1\Editor\Data\Tools\BuildPipeline\ScriptCompilationBuildProgram.exe" "Library/Bee/1900b0aE.dag.json" "Library/Bee/1900b0aE-inputdata.json" "Library\Bee\buildprogram0.traceevents"
WorkingDir: C:/Users/yue/.codex/visualizations/2026/06/18/019edb7d-a82a-7601-b667-1e85d8cb52f0/unity-audit-20260905
ExitCode: 0 Duration: 1s107ms
Starting: D:\Editor\6000.3.18f1\Editor\Data\Tools\BuildPipeline\bee_backend.exe --ipc --defer-dag-verification --dagfile="Library/Bee/1900b0aE.dag" --continue-on-failure --dagfilejson="Library\Bee\1900b0aE.dag.json" --profile="Library/Bee/backend2.traceevents" ScriptAssemblies
WorkingDir: C:/Users/yue/.codex/visualizations/2026/06/18/019edb7d-a82a-7601-b667-1e85d8cb52f0/unity-audit-20260905
ExitCode: 0 Duration: 6s242ms
Finished compiling graph: 212 nodes, 1544 flattened edges (1450 ToBuild, 16 ToUse), maximum node priority 108
[  1/209    0s] MovedFromExtractor Library/Bee/artifacts/mvdfrm/UnityEditor.UmbraModule.dll_53B628E70A45B86D.mvfrm
[  2/209    0s] MovedFromExtractor Library/Bee/artifacts/mvdfrm/UnityEditor.XRModule.dll_EB27922667E70B7A.mvfrm
[  3/209    0s] MovedFromExtractor Library/Bee/artifacts/mvdfrm/UnityEngine.GIModule.dll_40CDE50BE7D74EDD.mvfrm
[  4/209    0s] MovedFromExtractor Library/Bee/artifacts/mvdfrm/UnityEditor.UIAutomationModule.dll_E22876D0FC69462B.mvfrm
[  5/209    0s] MovedFromExtractor Library/Bee/artifacts/mvdfrm/UnityEditor.VectorGraphicsModule.dll_ECA3804B6505691E.mvfrm
[  6/209    0s] MovedFromExtractor Library/Bee/artifacts/mvdfrm/UnityEngine.GraphicsStateCollectionSerializerModule.dll_7E6E77C612F5ADEF.mvfrm
[  7/209    0s] MovedFromExtractor Library/Bee/artifacts/mvdfrm/UnityEngine.GameCenterModule.dll_33B11F1AC1707EF2.mvfrm
[  8/209    0s] MovedFromExtractor Library/Bee/artifacts/mvdfrm/UnityEditor.dll_8698A133D8DCCC16.mvfrm
[  9/209    0s] MovedFromExtractor Library/Bee/artifacts/mvdfrm/UnityEditor.UIElementsModule.dll_8B1AEC2CB2101F2B.mvfrm
[ 10/209    0s] MovedFromExtractor Library/Bee/artifacts/mvdfrm/UnityEngine.ClusterRendererModule.dll_7B5567AED88A0926.mvfrm
[ 11/209    0s] MovedFromExtractor Library/Bee/artifacts/mvdfrm/UnityEngine.DSPGraphModule.dll_896759206BDF2538.mvfrm
[ 12/209    0s] MovedFromExtractor Library/Bee/artifacts/mvdfrm/UnityEngine.AudioModule.dll_9F0E3932AE9C3D9F.mvfrm
[ 13/209    0s] MovedFromExtractor Library/Bee/artifacts/mvdfrm/UnityEngine.CrashReportingModule.dll_BD6E626580D9FB52.mvfrm
[ 14/209    0s] MovedFromExtractor Library/Bee/artifacts/mvdfrm/UnityEditor.VideoModule.dll_FDEB01393FB1289F.mvfrm
[ 15/209    0s] MovedFromExtractor Library/Bee/artifacts/mvdfrm/UnityEditor.VFXModule.dll_48C94C20EC0EFA8C.mvfrm
[ 16/209    0s] MovedFromExtractor Library/Bee/artifacts/mvdfrm/UnityEngine.ContentLoadModule.dll_E368E8FCCCECCEA8.mvfrm
[ 17/209    0s] MovedFromExtractor Library/Bee/artifacts/mvdfrm/UnityEditor.UIBuilderModule.dll_D9F8D51CCC37C47B.mvfrm
[ 18/209    0s] MovedFromExtractor Library/Bee/artifacts/mvdfrm/UnityEngine.ARModule.dll_62046101A945C58C.mvfrm
[ 19/209    0s] MovedFromExtractor Library/Bee/artifacts/mvdfrm/UnityEditor.UnityConnectModule.dll_2CC1955684D96285.mvfrm
[ 20/209    0s] MovedFromExtractor Library/Bee/artifacts/mvdfrm/UnityEditor.UIToolkitAuthoringModule.dll_35282A917DB59CAD.mvfrm
[ 21/209    0s] MovedFromExtractor Library/Bee/artifacts/mvdfrm/UnityEditor.UIElementsSamplesModule.dll_2D3C37E3F9D7BDF2.mvfrm
[ 22/209    0s] MovedFromExtractor Library/Bee/artifacts/mvdfrm/UnityEngine.GridModule.dll_A9479AF9D1DF8D71.mvfrm
[ 23/209    0s] MovedFromExtractor Library/Bee/artifacts/mvdfrm/UnityEngine.CoreModule.dll_CBD67F0BB98AF77A.mvfrm
[ 24/209    0s] MovedFromExtractor Library/Bee/artifacts/mvdfrm/UnityEngine.ClusterInputModule.dll_AC5E0A6C3661354B.mvfrm
[ 25/209    0s] MovedFromExtractor Library/Bee/artifacts/mvdfrm/UnityEditor.SketchUpModule.dll_71141A86C0E518A7.mvfrm
[ 26/209    0s] MovedFromExtractor Library/Bee/artifacts/mvdfrm/UnityEditor.TextCoreFontEngineModule.dll_01D196045F2F18ED.mvfrm
[ 27/209    0s] MovedFromExtractor Library/Bee/artifacts/mvdfrm/UnityEditor.SafeModeModule.dll_88FF353675B37C90.mvfrm
[ 28/209    0s] MovedFromExtractor Library/Bee/artifacts/mvdfrm/UnityEditor.TilemapModule.dll_0461068F35DCA502.mvfrm
[ 29/209    0s] MovedFromExtractor Library/Bee/artifacts/mvdfrm/UnityEditor.TreeModule.dll_0661A0C7994B218E.mvfrm
[ 30/209    0s] MovedFromExtractor Library/Bee/artifacts/mvdfrm/UnityEditor.SceneTemplateModule.dll_EAF5455251DDB36A.mvfrm
[ 31/209    0s] MovedFromExtractor Library/Bee/artifacts/mvdfrm/UnityEditor.TextRenderingModule.dll_3498678DA43A64C3.mvfrm
[ 32/209    0s] MovedFromExtractor Library/Bee/artifacts/mvdfrm/UnityEditor.SpriteMaskModule.dll_1C2F2462E09BFB21.mvfrm
[ 33/209    0s] MovedFromExtractor Library/Bee/artifacts/mvdfrm/UnityEditor.SubstanceModule.dll_2F4FB4D9E9372354.mvfrm
[ 34/209    0s] MovedFromExtractor Library/Bee/artifacts/mvdfrm/UnityEditor.TextCoreTextEngineModule.dll_49B9CC75EEB2D20B.mvfrm
[ 35/209    0s] MovedFromExtractor Library/Bee/artifacts/mvdfrm/UnityEditor.SpriteShapeModule.dll_5DEDED87A1D24E40.mvfrm
[ 36/209    0s] MovedFromExtractor Library/Bee/artifacts/mvdfrm/UnityEditor.SceneViewModule.dll_C4200B084EA21855.mvfrm
[ 37/209    0s] MovedFromExtractor Library/Bee/artifacts/mvdfrm/UnityEditor.ShaderCompilationModule.dll_390A9A5BDCDBB2C2.mvfrm
[ 38/209    0s] MovedFromExtractor Library/Bee/artifacts/mvdfrm/UnityEditor.ShaderBuildSettingsModule.dll_BBF5A97B74F150B0.mvfrm
[ 39/209    0s] MovedFromExtractor Library/Bee/artifacts/mvdfrm/UnityEditor.PropertiesModule.dll_603DF1113217C9E3.mvfrm
[ 40/209    0s] MovedFromExtractor Library/Bee/artifacts/mvdfrm/UnityEditor.PresetsUIModule.dll_40D660E25BD7A34C.mvfrm
[ 41/209    0s] MovedFromExtractor Library/Bee/artifacts/mvdfrm/UnityEditor.PlayModeModule.dll_CEF326F0147C8BF7.mvfrm
[ 42/209    0s] WriteText Library/Bee/artifacts/1900b0aE.dag/UnityEngine.UI.rsp2
[ 43/209    0s] MovedFromExtractor Library/Bee/artifacts/mvdfrm/UnityEditor.Physics2DModule.dll_EAB5A330EF59659D.mvfrm
[ 44/209    0s] WriteText Library/Bee/artifacts/1900b0aE.dag/UnityEngine.UI.UnityAdditionalFile.txt
[ 45/209    0s] MovedFromExtractor Library/Bee/artifacts/mvdfrm/UnityEditor.QuickInstallModule.dll_1066D61FA17BEB9E.mvfrm
[ 46/209    0s] MovedFromExtractor Library/Bee/artifacts/mvdfrm/UnityEditor.MultiplayerModule.dll_C434DCB9A4F7A3AE.mvfrm
[ 47/209    0s] MovedFromExtractor Library/Bee/artifacts/mvdfrm/UnityEditor.ShaderFoundryModule.dll_29D51595748D2FF8.mvfrm
[ 48/209    0s] MovedFromExtractor Library/Bee/artifacts/mvdfrm/UnityEditor.MediaModule.dll_A4A1965FFB6B9588.mvfrm
[ 49/209    0s] MovedFromExtractor Library/Bee/artifacts/mvdfrm/UnityEditor.QuickSearchModule.dll_06695CCA9C0371C9.mvfrm
[ 50/209    0s] MovedFromExtractor Library/Bee/artifacts/mvdfrm/UnityEditor.TerrainModule.dll_65649F0E1E1FC3F9.mvfrm
[ 51/209    0s] MovedFromExtractor Library/Bee/artifacts/mvdfrm/UnityEditor.HierarchyModule.dll_72E42EDC175E8A09.mvfrm
[ 52/209    0s] MovedFromExtractor Library/Bee/artifacts/mvdfrm/UnityEditor.GraphViewModule.dll_85702800597F4B47.mvfrm
[ 53/209    0s] MovedFromExtractor Library/Bee/artifacts/mvdfrm/UnityEditor.DiagnosticsModule.dll_7B59DBBD432C7570.mvfrm
[ 54/209    0s] MovedFromExtractor Library/Bee/artifacts/mvdfrm/UnityEditor.GraphicsStateCollectionSerializerModule.dll_757AAAD645F6648A.mvfrm
[ 55/209    0s] MovedFromExtractor Library/Bee/artifacts/mvdfrm/UnityEngine.dll_B93CE80C375058FB.mvfrm
[ 56/209    0s] MovedFromExtractor Library/Bee/artifacts/mvdfrm/UnityEditor.EditorToolbarModule.dll_C755D49452F10932.mvfrm
[ 57/209    0s] MovedFromExtractor Library/Bee/artifacts/mvdfrm/UnityEditor.ClothModule.dll_3FC9D9C9573BEBDE.mvfrm
[ 58/209    0s] MovedFromExtractor Library/Bee/artifacts/mvdfrm/UnityEditor.CoreBusinessMetricsModule.dll_33BA5C4CC8394E68.mvfrm
[ 59/209    0s] MovedFromExtractor Library/Bee/artifacts/mvdfrm/UnityEditor.DeviceSimulatorModule.dll_75A8A53D68CEFBA2.mvfrm
[ 60/209    0s] MovedFromExtractor Library/Bee/artifacts/mvdfrm/UnityEngine.SharedInternalsModule.dll_6B58A434D1DCBC6A.mvfrm
[ 61/209    0s] MovedFromExtractor Library/Bee/artifacts/mvdfrm/UnityEditor.BuildProfileModule.dll_318787E05FF57D6B.mvfrm
[ 62/209    0s] MovedFromExtractor Library/Bee/artifacts/mvdfrm/UnityEditor.GridModule.dll_8626C7A729DA2246.mvfrm
[ 63/209    0s] MovedFromExtractor Library/Bee/artifacts/mvdfrm/UnityEditor.GridAndSnapModule.dll_8512C23EC691325F.mvfrm
[ 64/209    0s] MovedFromExtractor Library/Bee/artifacts/mvdfrm/UnityEngine.UnityCurlModule.dll_8712455AA3F011DA.mvfrm
[ 65/209    0s] MovedFromExtractor Library/Bee/artifacts/mvdfrm/UnityEditor.GIModule.dll_025F537C7C5A1B12.mvfrm
[ 66/209    0s] MovedFromExtractor Library/Bee/artifacts/mvdfrm/UnityEditor.EmbreeModule.dll_4B8145359E762478.mvfrm
[ 67/209    0s] MovedFromExtractor Library/Bee/artifacts/mvdfrm/UnityEditor.AccessibilityModule.dll_9159BEC1D95B57E2.mvfrm
[ 68/209    0s] MovedFromExtractor Library/Bee/artifacts/mvdfrm/UnityEngine.VirtualTexturingModule.dll_05DA313D1AB1CD98.mvfrm
[ 69/209    0s] MovedFromExtractor Library/Bee/artifacts/mvdfrm/UnityEngine.UnityConsentModule.dll_EBC6B0918C6BF980.mvfrm
[ 70/209    0s] MovedFromExtractor Library/Bee/artifacts/mvdfrm/UnityEngine.UnityConnectModule.dll_1A2119657F616330.mvfrm
[ 71/209    0s] MovedFromExtractor Library/Bee/artifacts/mvdfrm/UnityEditor.AdaptivePerformanceModule.dll_B3CF62D2A1F21F6E.mvfrm
[ 72/209    0s] MovedFromExtractor Library/Bee/artifacts/mvdfrm/UnityEngine.VFXModule.dll_54EAEE745BBF0891.mvfrm
[ 73/209    0s] MovedFromExtractor Library/Bee/artifacts/mvdfrm/UnityEditor.CoreModule.dll_A8B5ABB911858C4F.mvfrm
[ 74/209    0s] MovedFromExtractor Library/Bee/artifacts/mvdfrm/UnityEditor.AssetComplianceModule.dll_AE83B52BE38ADFCF.mvfrm
[ 75/209    0s] MovedFromExtractor Library/Bee/artifacts/mvdfrm/UnityEngine.UnityAnalyticsCommonModule.dll_761E37F06A4D2497.mvfrm
[ 76/209    0s] MovedFromExtractor Library/Bee/artifacts/mvdfrm/UnityEngine.TLSModule.dll_D40C560585519F24.mvfrm
[ 77/209    0s] MovedFromExtractor Library/Bee/artifacts/mvdfrm/UnityEngine.ShaderVariantAnalyticsModule.dll_B0187DEB6F34D641.mvfrm
[ 78/209    0s] MovedFromExtractor Library/Bee/artifacts/mvdfrm/UnityEngine.TextCoreFontEngineModule.dll_80311157722CD7B8.mvfrm
[ 79/209    0s] MovedFromExtractor Library/Bee/artifacts/mvdfrm/UnityEngine.UIModule.dll_A4053A2BA86F6C6F.mvfrm
[ 80/209    0s] MovedFromExtractor Library/Bee/artifacts/mvdfrm/UnityEngine.ShaderRuntimeModule.dll_AD725A17A257457C.mvfrm
[ 81/209    0s] MovedFromExtractor Library/Bee/artifacts/mvdfrm/UnityEngine.StreamingModule.dll_088A91798363D72B.mvfrm
[ 82/209    0s] MovedFromExtractor Library/Bee/artifacts/mvdfrm/UnityEngine.RuntimeInitializeOnLoadManagerInitializerModule.dll_8D1EBDD5AFD88C4B.mvfrm
[ 83/209    0s] WriteText Library/Bee/artifacts/1900b0aE.dag/UnityEngine.UI.dll.mvfrm.rsp
[ 84/209    0s] MovedFromExtractor Library/Bee/artifacts/mvdfrm/UnityEngine.TextRenderingModule.dll_C0D959B51D32E7E8.mvfrm
[ 85/209    0s] WriteText Library/Bee/artifacts/1900b0aE.dag/UnityEngine.UI.rsp
[ 86/209    0s] WriteText Library/Bee/artifacts/1900b0aE.dag/UnityEditor.UI.rsp2
[ 87/209    0s] WriteText Library/Bee/artifacts/1900b0aE.dag/UnityEditor.UI.UnityAdditionalFile.txt
[ 88/209    0s] MovedFromExtractor Library/Bee/artifacts/mvdfrm/UnityEngine.PhysicsBackendPhysXModule.dll_4E72DF15BFF3B532.mvfrm
[ 89/209    0s] MovedFromExtractor Library/Bee/artifacts/mvdfrm/UnityEngine.RenderAs2DModule.dll_A22420DF13B62D65.mvfrm
[ 90/209    0s] MovedFromExtractor Library/Bee/artifacts/mvdfrm/UnityEngine.PhysicsModule.dll_3D98DC49AD706250.mvfrm
[ 91/209    0s] MovedFromExtractor Library/Bee/artifacts/mvdfrm/UnityEngine.SpriteShapeModule.dll_63B3BD16B40C5EC5.mvfrm
[ 92/209    0s] MovedFromExtractor Library/Bee/artifacts/mvdfrm/UnityEditor.PhysicsModule.dll_4B1E239F48617B0B.mvfrm
[ 93/209    0s] MovedFromExtractor Library/Bee/artifacts/mvdfrm/UnityEngine.SpriteMaskModule.dll_1CDD91AAE2E0146C.mvfrm
[ 94/209    0s] MovedFromExtractor Library/Bee/artifacts/mvdfrm/UnityEngine.LocalizationModule.dll_EAAAD4BECDDD2844.mvfrm
[ 95/209    0s] MovedFromExtractor Library/Bee/artifacts/mvdfrm/UnityEngine.TextCoreTextEngineModule.dll_C81947C901B090D6.mvfrm
[ 96/209    0s] MovedFromExtractor Library/Bee/artifacts/mvdfrm/UnityEngine.PropertiesModule.dll_60EC5E59345BE32E.mvfrm
[ 97/209    0s] MovedFromExtractor Library/Bee/artifacts/mvdfrm/UnityEngine.InsightsModule.dll_1DDCC04783FBA396.mvfrm
[ 98/209    0s] MovedFromExtractor Library/Bee/artifacts/mvdfrm/UnityEngine.PerformanceReportingModule.dll_DADF7AAC50648639.mvfrm
[ 99/209    0s] MovedFromExtractor Library/Bee/artifacts/mvdfrm/UnityEngine.SubstanceModule.dll_E535A5C2CEB6D539.mvfrm
[100/209    0s] MovedFromExtractor Library/Bee/artifacts/mvdfrm/UnityEngine.MarshallingModule.dll_F2BB2E50E292540D.mvfrm
[101/209    0s] MovedFromExtractor Library/Bee/artifacts/mvdfrm/UnityEngine.InputModule.dll_058400E324D46243.mvfrm
[102/209    0s] MovedFromExtractor Library/Bee/artifacts/mvdfrm/UnityEngine.MultiplayerModule.dll_C9FAAC48B731B433.mvfrm
[103/209    0s] MovedFromExtractor Library/Bee/artifacts/mvdfrm/UnityEngine.InputLegacyModule.dll_DB97AADA965BDCAC.mvfrm
[104/209    0s] MovedFromExtractor Library/Bee/artifacts/mvdfrm/UnityEngine.IMGUIModule.dll_D76DD89974CDD180.mvfrm
[105/209    0s] MovedFromExtractor Library/Bee/artifacts/mvdfrm/UnityEngine.JSONSerializeModule.dll_7DB23A25518F3B91.mvfrm
[106/209    0s] MovedFromExtractor Library/Bee/artifacts/mvdfrm/UnityEngine.ScreenCaptureModule.dll_9799E7AA65FB67F3.mvfrm
[107/209    0s] MovedFromExtractor Library/Bee/artifacts/mvdfrm/UnityEngine.IdentifiersModule.dll_22DC17B1C0E2F4D3.mvfrm
[108/209    0s] MovedFromExtractor Library/Bee/artifacts/mvdfrm/UnityEngine.InputForUIModule.dll_3663793421911BAE.mvfrm
[109/209    0s] MovedFromExtractor Library/Bee/artifacts/mvdfrm/UnityEngine.Physics2DModule.dll_A09B9419D4D91782.mvfrm
[110/209    0s] MovedFromExtractor Library/Bee/artifacts/mvdfrm/UnityEngine.TerrainModule.dll_57DF57B8832EAB3E.mvfrm
[111/209    0s] MovedFromExtractor Library/Bee/artifacts/mvdfrm/UnityEngine.HotReloadModule.dll_D53E622F0F0F3B6F.mvfrm
[112/209    0s] MovedFromExtractor Library/Bee/artifacts/mvdfrm/UnityEngine.NVIDIAModule.dll_A3925D1CFC133F26.mvfrm
[113/209    0s] MovedFromExtractor Library/Bee/artifacts/mvdfrm/UnityEditor.Graphs.dll_2A4A0FEF9D5D0781.mvfrm
[114/209    0s] MovedFromExtractor Library/Bee/artifacts/mvdfrm/UnityEditor.WindowsStandalone.Extensions.dll_4E75C8D1E87E0141.mvfrm
[115/209    0s] MovedFromExtractor Library/Bee/artifacts/mvdfrm/UnityEngine.UnityWebRequestAudioModule.dll_52DBCE8AD6CF50D1.mvfrm
[116/209    0s] MovedFromExtractor Library/Bee/artifacts/mvdfrm/UnityEngine.TerrainPhysicsModule.dll_10FB5485082E816D.mvfrm
[117/209    0s] MovedFromExtractor Library/Bee/artifacts/mvdfrm/UnityEngine.ImageConversionModule.dll_E747655F5AAEC11A.mvfrm
[118/209    0s] MovedFromExtractor Library/Bee/artifacts/mvdfrm/UnityEngine.UmbraModule.dll_19E2E54B3BC2E912.mvfrm
[119/209    0s] MovedFromExtractor Library/Bee/artifacts/mvdfrm/UnityEngine.ParticleSystemModule.dll_1080ABB1EEEB86E0.mvfrm
[120/209    0s] MovedFromExtractor Library/Bee/artifacts/mvdfrm/UnityEngine.HierarchyModule.dll_28CA1FC4FCDE3BEE.mvfrm
[121/209    0s] MovedFromExtractor Library/Bee/artifacts/mvdfrm/UnityEngine.UnityWebRequestAssetBundleModule.dll_06070E5E480240AD.mvfrm
[122/209    0s] MovedFromExtractor Library/Bee/artifacts/mvdfrm/UnityEngine.SubsystemsModule.dll_878AF80CB127FC7F.mvfrm
[123/209    0s] WriteText Library/Bee/artifacts/1900b0aE.dag/UnityEditor.UI.dll.mvfrm.rsp
[124/209    0s] WriteText Library/Bee/artifacts/1900b0aE.dag/UnityEditor.UI.rsp
[125/209    0s] WriteText Library/Bee/artifacts/1900b0aE.dag/Unity.InternalAPIEngineBridge.004.UnityAdditionalFile.txt
[126/209    0s] WriteText Library/Bee/artifacts/1900b0aE.dag/Unity.InternalAPIEngineBridge.004.rsp2
[127/209    0s] WriteText Library/Bee/artifacts/1900b0aE.dag/Unity.InternalAPIEngineBridge.004.dll.mvfrm.rsp
[128/209    0s] WriteText Library/Bee/artifacts/1900b0aE.dag/Unity.InternalAPIEngineBridge.004.rsp
[129/209    0s] WriteText Library/Bee/artifacts/1900b0aE.dag/Unity.TextMeshPro.UnityAdditionalFile.txt
[130/209    0s] WriteText Library/Bee/artifacts/1900b0aE.dag/Unity.TextMeshPro.rsp2
[131/209    0s] MovedFromExtractor Library/Bee/artifacts/mvdfrm/UnityEngine.UnityWebRequestTextureModule.dll_EF5E603AC3689AC6.mvfrm
[132/209    0s] WriteText Library/Bee/artifacts/1900b0aE.dag/Unity.TextMeshPro.rsp
[133/209    0s] WriteText Library/Bee/artifacts/1900b0aE.dag/Unity.TextMeshPro.Editor.rsp2
[134/209    0s] WriteText Library/Bee/artifacts/1900b0aE.dag/UnityEditor.UI.Analytics.UnityAdditionalFile.txt
[135/209    0s] WriteText Library/Bee/artifacts/1900b0aE.dag/UnityEditor.UI.Analytics.rsp2
[136/209    0s] WriteText Library/Bee/artifacts/1900b0aE.dag/Unity.TextMeshPro.dll.mvfrm.rsp
[137/209    0s] MovedFromExtractor Library/Bee/artifacts/mvdfrm/UnityEngine.UnityWebRequestModule.dll_F8E66D0965A35B99.mvfrm
[138/209    0s] WriteText Library/Bee/artifacts/1900b0aE.dag/Unity.TextMeshPro.Editor.UnityAdditionalFile.txt
[139/209    0s] WriteText Library/Bee/artifacts/1900b0aE.dag/Unity.TextMeshPro.Editor.dll.mvfrm.rsp
[140/209    0s] WriteText Library/Bee/artifacts/1900b0aE.dag/UnityEditor.UI.Analytics.dll.mvfrm.rsp
[141/209    0s] WriteText Library/Bee/artifacts/1900b0aE.dag/Unity.TextMeshPro.Editor.rsp
[142/209    0s] WriteText Library/Bee/artifacts/1900b0aE.dag/UnityEditor.UI.Analytics.rsp
[143/209    0s] WriteText Library/Bee/artifacts/1900b0aE.dag/Assembly-CSharp.UnityAdditionalFile.txt
[144/209    0s] WriteText Library/Bee/artifacts/1900b0aE.dag/Assembly-CSharp.dll.mvfrm.rsp
[145/209    0s] WriteText Library/Bee/artifacts/1900b0aE.dag/Assembly-CSharp.rsp
[146/209    0s] WriteText Library/Bee/artifacts/1900b0aE.dag/Assembly-CSharp-Editor.rsp2
[147/209    0s] WriteText Library/Bee/artifacts/1900b0aE.dag/Assembly-CSharp-Editor.UnityAdditionalFile.txt
[148/209    0s] WriteText Library/Bee/artifacts/1900b0aE.dag/Assembly-CSharp.rsp2
[149/209    0s] MovedFromExtractor Library/Bee/artifacts/mvdfrm/UnityEngine.UnityAnalyticsModule.dll_30201C7B9B12D8DC.mvfrm
[150/209    0s] WriteText Library/Bee/artifacts/1900b0aE.dag/Assembly-CSharp-Editor.dll.mvfrm.rsp
[151/209    0s] WriteText Library/Bee/artifacts/1900b0aE.dag/Assembly-CSharp-Editor.rsp
[152/209    0s] MovedFromExtractor Library/Bee/artifacts/mvdfrm/UnityEngine.UIElementsModule.dll_8BC95974B4543876.mvfrm
[153/209    0s] MovedFromExtractor Library/Bee/artifacts/mvdfrm/UnityEngine.TilemapModule.dll_F6DBBF399AEB8C47.mvfrm
[154/209    0s] MovedFromExtractor Library/Bee/artifacts/mvdfrm/UnityEngine.UnityWebRequestWWWModule.dll_92DB8D24F1704D42.mvfrm
[155/209    0s] MovedFromExtractor Library/Bee/artifacts/mvdfrm/UnityEngine.WindModule.dll_42255A344AC175E3.mvfrm
[156/209    0s] MovedFromExtractor Library/Bee/artifacts/mvdfrm/UnityEngine.AssetBundleModule.dll_4A528FBBFE6A26BB.mvfrm
[157/209    0s] MovedFromExtractor Library/Bee/artifacts/mvdfrm/UnityEngine.VehiclesModule.dll_FBD8F13673A823B2.mvfrm
[158/209    0s] MovedFromExtractor Library/Bee/artifacts/mvdfrm/UnityEngine.VideoModule.dll_C417BD9D712E5944.mvfrm
[159/209    0s] MovedFromExtractor Library/Bee/artifacts/mvdfrm/UnityEngine.XRModule.dll_299623B5D3643F45.mvfrm
[160/209    0s] MovedFromExtractor Library/Bee/artifacts/mvdfrm/UnityEngine.VectorGraphicsModule.dll_A7C7E1E680F1FD29.mvfrm
[161/209    0s] MovedFromExtractor Library/Bee/artifacts/mvdfrm/UnityEngine.VRModule.dll_F6D760B14A29F1E7.mvfrm
[162/209    0s] MovedFromExtractor Library/Bee/artifacts/mvdfrm/UnityEngine.AccessibilityModule.dll_1D9AB0E95253DB07.mvfrm
[163/209    0s] MovedFromExtractor Library/Bee/artifacts/mvdfrm/UnityEngine.AndroidJNIModule.dll_0963D4FFFB2F8E01.mvfrm
[164/209    0s] MovedFromExtractor Library/Bee/artifacts/mvdfrm/UnityEngine.AnimationModule.dll_53F5A42933DC1FED.mvfrm
[165/209    0s] MovedFromExtractor-Combine Library/Bee/artifacts/1900b0aE.dag/UnityEngine.UI.dll.mvfrm
[166/209    0s] MovedFromExtractor Library/Bee/artifacts/mvdfrm/UnityEngine.HierarchyCoreModule.dll_94B54DC3C10133FD.mvfrm
[167/209    0s] MovedFromExtractor Library/Bee/artifacts/mvdfrm/UnityEngine.DirectorModule.dll_8415F7B6F97E5417.mvfrm
[168/209    0s] MovedFromExtractor Library/Bee/artifacts/mvdfrm/UnityEngine.AIModule.dll_A8919BFE4C2866C3.mvfrm
[169/209    0s] MovedFromExtractor Library/Bee/artifacts/mvdfrm/UnityEngine.AMDModule.dll_D57C92A05E2123D1.mvfrm
[170/209    0s] MovedFromExtractor Library/Bee/artifacts/mvdfrm/UnityEngine.ClothModule.dll_05F6962D88B91C83.mvfrm
[171/209    0s] MovedFromExtractor Library/Bee/artifacts/mvdfrm/UnityEngine.AdaptivePerformanceModule.dll_745EF788DD377273.mvfrm
[171/209    0s] Csc Library/Bee/artifacts/1900b0aE.dag/UnityEngine.UI.dll (+2 others) [CacheHit fbbb302fde2d5b395bccdaf5f99cc25e00000000000000000000000000000005]
[172/209   1788574658s] Csc Library/Bee/artifacts/1900b0aE.dag/UnityEngine.UI.dll (+2 others)
[174/209    0s] CopyFiles Library/ScriptAssemblies/UnityEngine.UI.pdb
[175/209    0s] CopyFiles Library/ScriptAssemblies/UnityEngine.UI.dll
[176/209    0s] MovedFromExtractor Library/Bee/artifacts/mvdfrm/UnityEngine.UI.ref.dll_08FEAA520A2EFD60.mvfrm
[177/209    0s] MovedFromExtractor-Combine Library/Bee/artifacts/1900b0aE.dag/UnityEditor.UI.dll.mvfrm
[176/209    0s] Csc Library/Bee/artifacts/1900b0aE.dag/UnityEditor.UI.dll (+2 others) [CacheHit 96b218a44ad6155dd2f8121c097cc19700000000000000000000000000000005]
[178/209   1788574659s] Csc Library/Bee/artifacts/1900b0aE.dag/UnityEditor.UI.dll (+2 others)
[180/209    0s] CopyFiles Library/ScriptAssemblies/UnityEditor.UI.pdb
[181/209    0s] MovedFromExtractor Library/Bee/artifacts/mvdfrm/UnityEditor.UI.ref.dll_4C98D3F7040CD4F5.mvfrm
[182/209    0s] CopyFiles Library/ScriptAssemblies/UnityEditor.UI.dll
[183/209    0s] MovedFromExtractor-Combine Library/Bee/artifacts/1900b0aE.dag/Unity.InternalAPIEngineBridge.004.dll.mvfrm
[181/209    0s] Csc Library/Bee/artifacts/1900b0aE.dag/Unity.InternalAPIEngineBridge.004.dll (+2 others) [CacheHit 5cce9b7cb95f8340bc455bafc4b8e28f00000000000000000000000000000005]
[184/209   1788574659s] Csc Library/Bee/artifacts/1900b0aE.dag/Unity.InternalAPIEngineBridge.004.dll (+2 others)
[186/209    0s] CopyFiles Library/ScriptAssemblies/Unity.InternalAPIEngineBridge.004.pdb
[187/209    0s] CopyFiles Library/ScriptAssemblies/Unity.InternalAPIEngineBridge.004.dll
[188/209    0s] MovedFromExtractor Library/Bee/artifacts/mvdfrm/Unity.InternalAPIEngineBridge.004.ref.dll_9F91F1CFF2D20E26.mvfrm
[189/209    0s] MovedFromExtractor-Combine Library/Bee/artifacts/1900b0aE.dag/Unity.TextMeshPro.dll.mvfrm
[186/209    0s] Csc Library/Bee/artifacts/1900b0aE.dag/Unity.TextMeshPro.dll (+2 others) [CacheHit 5724ded11dc9406aece12b2717e4bab600000000000000000000000000000005]
[190/209   1788574660s] Csc Library/Bee/artifacts/1900b0aE.dag/Unity.TextMeshPro.dll (+2 others)
[192/209    0s] CopyFiles Library/ScriptAssemblies/Unity.TextMeshPro.pdb
[193/209    0s] CopyFiles Library/ScriptAssemblies/Unity.TextMeshPro.dll
[194/209    0s] MovedFromExtractor Library/Bee/artifacts/mvdfrm/Unity.TextMeshPro.ref.dll_84A4293DBDD182DB.mvfrm
[195/209    0s] MovedFromExtractor-Combine Library/Bee/artifacts/1900b0aE.dag/Unity.TextMeshPro.Editor.dll.mvfrm
[196/209    0s] MovedFromExtractor-Combine Library/Bee/artifacts/1900b0aE.dag/UnityEditor.UI.Analytics.dll.mvfrm
[192/209    0s] Csc Library/Bee/artifacts/1900b0aE.dag/UnityEditor.UI.Analytics.dll (+2 others) [CacheHit 745f3485ab3f5e879f89eb26bd12aa1e00000000000000000000000000000005]
[197/209   1788574660s] Csc Library/Bee/artifacts/1900b0aE.dag/UnityEditor.UI.Analytics.dll (+2 others)
[199/209    0s] CopyFiles Library/ScriptAssemblies/UnityEditor.UI.Analytics.pdb
[194/209    0s] Csc Library/Bee/artifacts/1900b0aE.dag/Unity.TextMeshPro.Editor.dll (+2 others) [CacheHit b79b4c1bde6904539a617dd79011ee8e00000000000000000000000000000005]
[200/209   1788574660s] Csc Library/Bee/artifacts/1900b0aE.dag/Unity.TextMeshPro.Editor.dll (+2 others)
[202/209    0s] CopyFiles Library/ScriptAssemblies/Unity.TextMeshPro.Editor.pdb
[203/209    0s] CopyFiles Library/ScriptAssemblies/UnityEditor.UI.Analytics.dll
[204/209    0s] MovedFromExtractor Library/Bee/artifacts/mvdfrm/UnityEditor.UI.Analytics.ref.dll_3B64A5A3A726AD5D.mvfrm
[205/209    0s] MovedFromExtractor Library/Bee/artifacts/mvdfrm/Unity.TextMeshPro.Editor.ref.dll_159E061D77A10B86.mvfrm
[206/209    0s] MovedFromExtractor-Combine Library/Bee/artifacts/1900b0aE.dag/Assembly-CSharp.dll.mvfrm
[207/209    0s] MovedFromExtractor-Combine Library/Bee/artifacts/1900b0aE.dag/Assembly-CSharp-Editor.dll.mvfrm
[208/209    0s] CopyFiles Library/ScriptAssemblies/Unity.TextMeshPro.Editor.dll
[209/209    1s] Csc Library/Bee/artifacts/1900b0aE.dag/Assembly-CSharp.dll (+2 others)
[210/209    0s] CopyFiles Library/ScriptAssemblies/Assembly-CSharp.pdb
[211/209    0s] CopyFiles Library/ScriptAssemblies/Assembly-CSharp.dll
[212/209    0s] Csc Library/Bee/artifacts/1900b0aE.dag/Assembly-CSharp-Editor.dll (+2 others)
[213/209    0s] CopyFiles Library/ScriptAssemblies/Assembly-CSharp-Editor.pdb
[214/209    0s] CopyFiles Library/ScriptAssemblies/Assembly-CSharp-Editor.dll
*** Tundra build success (6.22 seconds), 202 items updated, 209 evaluated
AssetDatabase: script compilation time: 9.123794s
Begin MonoManager ReloadAssembly
- Loaded All Assemblies, in  0.936 seconds
Start importing Assets using Guid(00000000000000001000000000000000) (DefaultImporter) -> (artifact id: '4b55c7cb15071bfc086d0e52a7664a41') in 0.0135698 seconds
Start importing ProjectSettings/InputManager.asset using Guid(00000000000000002000000000000000) (LibraryAssetImporter) -> (artifact id: '2285e38fbefe4885a128d33e5b78ca26') in 0.0022024 seconds
Start importing ProjectSettings/TagManager.asset using Guid(00000000000000003000000000000000) (LibraryAssetImporter) -> (artifact id: '4aa03ef27a83f311e598313a3ec2fbc3') in 0.0017859 seconds
Start importing ProjectSettings/ProjectSettings.asset using Guid(00000000000000004000000000000000) (LibraryAssetImporter) -> (artifact id: '32fc0b92df9207895c8413722bdfd267') in 0.0035965 seconds
Start importing ProjectSettings/AudioManager.asset using Guid(00000000000000006000000000000000) (LibraryAssetImporter) -> (artifact id: '7bb8de31f311db17f0fefe3abfd595f1') in 0.0017505 seconds
Start importing ProjectSettings/TimeManager.asset using Guid(00000000000000007000000000000000) (LibraryAssetImporter) -> (artifact id: '52c307e924e96ceef905bcc2cea85a00') in 0.0017203 seconds
Start importing ProjectSettings/DynamicsManager.asset using Guid(00000000000000008000000000000000) (LibraryAssetImporter) -> (artifact id: '0e8be9c96597b88fc6bed8247175ee5d') in 0.0017796 seconds
Start importing ProjectSettings/QualitySettings.asset using Guid(00000000000000009000000000000000) (LibraryAssetImporter) -> (artifact id: '3d22d777d340243128ed3ffa349fb55a') in 0.0018875 seconds
Start importing ProjectSettings/EditorBuildSettings.asset using Guid(0000000000000000b000000000000000) (LibraryAssetImporter) -> (artifact id: '803feb278abe7011c34fdf04062e85fa') in 0.0016609 seconds
Start importing ProjectSettings/EditorSettings.asset using Guid(0000000000000000c000000000000000) (LibraryAssetImporter) -> (artifact id: 'fdcca38f5f1944c9bec0b9f00395ab39') in 0.001825 seconds
Start importing ProjectSettings/NavMeshAreas.asset using Guid(00000000000000004100000000000000) (LibraryAssetImporter) -> (artifact id: '4ba0a6bb5cc18b1619eb3b3f4ce570d1') in 0.001686 seconds
Start importing ProjectSettings/Physics2DSettings.asset using Guid(00000000000000005100000000000000) (LibraryAssetImporter) -> (artifact id: 'bb8ce7f5b2d944741959db20200075a7') in 0.00174 seconds
Start importing ProjectSettings/GraphicsSettings.asset using Guid(00000000000000006100000000000000) (LibraryAssetImporter) -> (artifact id: 'e6c7fc7cc0a606dfa1bb85dfd29f0813') in 0.001712 seconds
Start importing ProjectSettings/ClusterInputManager.asset using Guid(00000000000000007100000000000000) (LibraryAssetImporter) -> (artifact id: '5a028a71a6163b7bc9a46219c48662ec') in 0.0016461 seconds
Start importing ProjectSettings/UnityConnectSettings.asset using Guid(0000000000000000a100000000000000) (LibraryAssetImporter) -> (artifact id: '5a6e69f8200d884ded3f19f546ea756a') in 0.0018088 seconds
Start importing ProjectSettings/PresetManager.asset using Guid(0000000000000000b100000000000000) (LibraryAssetImporter) -> (artifact id: '669bd2cb5cdf99ef516d1350fa42393e') in 0.0016547 seconds
Start importing ProjectSettings/VFXManager.asset using Guid(0000000000000000c100000000000000) (LibraryAssetImporter) -> (artifact id: 'dd6732d958402095937fd19a0cecb735') in 0.0015655 seconds
Start importing ProjectSettings/VersionControlSettings.asset using Guid(0000000000000000d100000000000000) (LibraryAssetImporter) -> (artifact id: 'b89f810c452b248c014f182ae5caa680') in 0.0017903 seconds
Start importing ProjectSettings/MemorySettings.asset using Guid(0000000000000000f100000000000000) (LibraryAssetImporter) -> (artifact id: '19f032dc933bd79e61da5c81f7ddd1ac') in 0.0017675 seconds
Start importing ProjectSettings/MultiplayerManager.asset using Guid(00000000000000000200000000000000) (LibraryAssetImporter) -> (artifact id: 'f060d13f2990d90fc35c577bb4111c66') in 0.0016612 seconds
Start importing Library/BuildInstructions using Guid(00000000000000002300000000000000) (DefaultImporter) -> (artifact id: 'ade3aeda13ad9960ede0e143cb33502a') in 0.0004377 seconds
Start importing Packages/com.unity.modules.imgui using Guid(c060426bfd6e82575228df6656368eaa) (DefaultImporter) -> (artifact id: '7d484ab5933192f91b6a2fb9f7498a1e') in 0.000378 seconds
Start importing Assets/Scripts using Guid(b3cd64d720ef16a409018eeae12cca86) (DefaultImporter) -> (artifact id: '920bfedb97e2fbd7c3f53189260a5b89') in 0.0005304 seconds
Start importing Assets/Prefabs using Guid(c5d8a24ab0643bd46b6d901fe0a77af1) (DefaultImporter) -> (artifact id: 'd7d7476c22eebf8a9da48b80dd357af2') in 0.0005124 seconds
Start importing Packages/com.unity.ugui using Guid(f50467b720c46ab73d0dbfcc417006b9) (DefaultImporter) -> (artifact id: '0f036f782eac091c4cbc6ec884d9f9e8') in 0.0003712 seconds
Start importing Packages/com.unity.modules.physics using Guid(d6db7caf2e852b75ebb9c6098418179c) (DefaultImporter) -> (artifact id: 'b562405fb5bd1c9305c356f8cfe7a672') in 0.0003576 seconds
Start importing Assets/Editor using Guid(87f472f6bcd72f24fa00ee92c552c907) (DefaultImporter) -> (artifact id: '2ec028ac4019cabc0cc5efb955553e99') in 0.0004895 seconds
Start importing Assets/ScriptableObjects using Guid(9787ef77c4955f54d94f103d880a9297) (DefaultImporter) -> (artifact id: 'e6e7eece1d11da7861275ea8f95bdd28') in 0.000478 seconds
Start importing Packages/com.unity.modules.ui using Guid(39728903e57c60021f80449a8bbc0096) (DefaultImporter) -> (artifact id: '9ba448b29b75a8a1f5c4c31201266424') in 0.0003536 seconds
Start importing Assets/Scenes using Guid(9acf0f537e7768a48b5a92e40c031986) (DefaultImporter) -> (artifact id: 'aeac50b1605c8dcd60a2ba8d410b44bc') in 0.0004784 seconds
Start importing Packages/com.unity.modules.audio using Guid(2d6ba5cbe47e6ad3c87474c56174d4e0) (DefaultImporter) -> (artifact id: '2ad5535b0c9fde796c0a268a703c42c8') in 0.0005199 seconds
Start importing Assets/Materials using Guid(bda50bd8696fd744192f79575d6ab83b) (DefaultImporter) -> (artifact id: '10e24a94d6492992700945390b79602c') in 0.000498 seconds
Start importing Assets/UserContent using Guid(bde51e1b281bf8343b7ee168439e40af) (DefaultImporter) -> (artifact id: '07256d56b0ca49c306f783bcce711a67') in 0.0004866 seconds
Start importing Assets/Prefabs/Projectiles using Guid(705375a01fb81eb419ef4d107b77cefc) (DefaultImporter) -> (artifact id: '316032cfcd6e062f24f92120310a5d3d') in 0.000487 seconds
Start importing Assets/Scripts/Combat using Guid(112c8ea766f039e44b89dc45578c9de9) (DefaultImporter) -> (artifact id: '041871181dd4f0b517eb4aea1df6eef4') in 0.0004767 seconds
Start importing Packages/com.unity.ugui/Editor Resources using Guid(d1a0a27327b54c3bac52a08929c33f81) (DefaultImporter) -> (artifact id: '89d4bdf381a63d2d738dcc151e624513') in 0.0004956 seconds
Start importing Assets/Scripts/Equipment using Guid(e270d00af1758b54ea03232304aa6dcf) (DefaultImporter) -> (artifact id: 'aeea32370d73c6ac4a3afc08cbb9f28e') in 0.000474 seconds
Start importing Assets/Scripts/Player using Guid(a427cb8b871cac347900b765fc73e191) (DefaultImporter) -> (artifact id: '5eb98cc226f543859161e7b4cec18ce8') in 0.0004637 seconds
Start importing Assets/ScriptableObjects/Equipment using Guid(354a18af999fbe24fbcc419475831009) (DefaultImporter) -> (artifact id: 'd18c95b34b0d7a2d428039d8d6cd0553') in 0.0004924 seconds
Start importing Assets/Prefabs/Equipment using Guid(75a584954e8d6be4d8a085b2cb8a75c6) (DefaultImporter) -> (artifact id: '943dbeefeb8ea2c723b7bc0da28e8251') in 0.0004677 seconds
Start importing Assets/Prefabs/Player using Guid(3696d94bf17d89a419365cb4ce07d9c3) (DefaultImporter) -> (artifact id: 'f91559afad419f38e40e9a4b55c383ee') in 0.000484 seconds
Start importing Assets/UserContent/PlayerMech using Guid(77a2d1dc64221fb428697fc64535e1d2) (DefaultImporter) -> (artifact id: 'd32e3ccd679ba2d5192d1b3d3058c661') in 0.0004716 seconds
Start importing Packages/com.unity.ugui/Tests using Guid(d850db319a63d2546932ff76fe55a498) (DefaultImporter) -> (artifact id: '87ed2bbc25b91c58b304abd09ed3aaba') in 0.0004811 seconds
Start importing Packages/com.unity.ugui/Runtime using Guid(aa14b70e6a58c5b4fa6663623e3dca91) (DefaultImporter) -> (artifact id: 'fa7aa1d533b272bf79afdbd5404453cd') in 0.0004891 seconds
Start importing Assets/Scripts/Enemy using Guid(2b7e403207abc5043ba70b6817cd6dca) (DefaultImporter) -> (artifact id: '4116f72bf0e1d5f9423482acb332562c') in 0.0004625 seconds
Start importing Assets/Scripts/UI using Guid(fb162935d7e3f514e8ac16462c89437f) (DefaultImporter) -> (artifact id: '31dbda280ef1478533299cfa903c2c93') in 0.0004572 seconds
Start importing Assets/Scripts/Core using Guid(7d11bbceadba0b34a96608bdebed6976) (DefaultImporter) -> (artifact id: '18a43f222e12434e55ff5c5ddee5622e') in 0.0004823 seconds
Start importing Assets/Prefabs/Enemies using Guid(ad9687a6bdee62b4ea5c9ba1df66ef21) (DefaultImporter) -> (artifact id: 'f27a964c9ccdd8711e64fc72269d6512') in 0.0004704 seconds
Start importing Packages/com.unity.ugui/Package Resources using Guid(5ec95f4d5b2d1f14e9ff8682562553f9) (DefaultImporter) -> (artifact id: '20161e53e484de6465e75d382f9dbde6') in 0.0004794 seconds
Start importing Packages/com.unity.ugui/Editor using Guid(bee384ad5b4d1a843a018082e7db53cd) (DefaultImporter) -> (artifact id: 'cc2ff2381a5068f9e19e880ea4d9c9b1') in 0.0004954 seconds
Start importing Packages/com.unity.ugui/Editor/TMP using Guid(10d1425d9e87841d9a9deafe9e93a6f2) (DefaultImporter) -> (artifact id: 'b78a297ad64c4d78728ae683af3e5658') in 0.0004849 seconds
Start importing Assets/UserContent/PlayerMech/Decimated using Guid(50afcf2cd72faf0469ace18375bf57f0) (DefaultImporter) -> (artifact id: '15c968d4eb795d739dc34c0aac23f79e') in 0.0004855 seconds
Start importing Packages/com.unity.ugui/Runtime/TMP using Guid(619aadd8f276341ca84d7ad5a9c6db21) (DefaultImporter) -> (artifact id: '5308cedcd74d43682790fc7238a9d1e2') in 0.0004918 seconds
Start importing Packages/com.unity.ugui/Tests/Editor using Guid(936bea4b2545c4a4fad2e623b0f6371f) (DefaultImporter) -> (artifact id: '75f26d3f4c8aedba3eb80398ab395bd8') in 0.0004787 seconds
Start importing Packages/com.unity.ugui/Tests/Runtime using Guid(c545241cf2e56ec4997d7677f01ef43d) (DefaultImporter) -> (artifact id: '88e2b3e1f7bbb56cb1f91f83f053765b') in 0.0004983 seconds
Start importing Packages/com.unity.ugui/Editor/Analytics using Guid(c52726d811a9f66459355df6b0c3977b) (DefaultImporter) -> (artifact id: '4154f772d9b7cf6fccdb594f4e326893') in 0.0004822 seconds
Start importing Packages/com.unity.ugui/Editor/UGUI using Guid(278b6073a5bdd4362acd72ca43ff9e0d) (DefaultImporter) -> (artifact id: 'abf9fbf9f7c10d2af702b2e8085d3ed6') in 0.0004746 seconds
Start importing Packages/com.unity.ugui/Runtime/UGUI using Guid(1817d28a5343b4ec19b4ec7903730e2c) (DefaultImporter) -> (artifact id: 'd27c003f26a5bcc4ae0be188e216ff3a') in 0.0005175 seconds
Start importing Packages/com.unity.ugui/Editor Resources/Textures using Guid(f8e6a2d47aba4c6c9b3c5a72d9f48da5) (DefaultImporter) -> (artifact id: '41714146c3f223570fca541b52f7c091') in 0.0004833 seconds
Start importing Packages/com.unity.ugui/Editor Resources/Gizmos using Guid(e93ec7eb6de342aabd156833e253f838) (DefaultImporter) -> (artifact id: 'e3065312f331f86c187a2c34400b2ab5') in 0.0004812 seconds
Start importing Packages/com.unity.ugui/Runtime/InternalBridge using Guid(bab3a29ab4f214742a44add41efffb7d) (DefaultImporter) -> (artifact id: 'b8ae5a4142d7b3ff7433a144e13442a5') in 0.0006303 seconds
Start importing Packages/com.unity.ugui/Editor Resources/Shaders using Guid(2da27f5fe80a3a549ac7331d9f52f5f0) (DefaultImporter) -> (artifact id: '8ba95b6473bead211c52ddc79ac818a9') in 0.0006859 seconds
Start importing Packages/com.unity.ugui/Tests/Runtime/TMP using Guid(914613548ded44a43a59eb9852503f18) (DefaultImporter) -> (artifact id: '477b4938addb883f7857c7245a542f61') in 0.0005217 seconds
Start importing Packages/com.unity.ugui/Runtime/UGUI/Properties using Guid(32e2186f4598cff489784aae586f2215) (DefaultImporter) -> (artifact id: 'd945312145ac0c9dd7a3598fc5b82f23') in 0.0005145 seconds
Start importing Packages/com.unity.ugui/Tests/Runtime/UGUI using Guid(53caebc5909234b4ebe1fcaf3dc913a5) (DefaultImporter) -> (artifact id: '6cea7121aaed435492ec2cc2e4bf06a4') in 0.0004855 seconds
Start importing Packages/com.unity.ugui/Runtime/UGUI/UI using Guid(742654cad2425334696ba6ed4495cfef) (DefaultImporter) -> (artifact id: 'd1046547fc52369f9a3a8f6b662ded51') in 0.0004833 seconds
Start importing Packages/com.unity.ugui/Editor/UGUI/UI using Guid(853edc343b78a7c4c81cbb3851d48c0a) (DefaultImporter) -> (artifact id: '773a517afa854ab194e9e6794bc9a1cf') in 0.0004999 seconds
Start importing Packages/com.unity.ugui/Editor/UGUI/EventSystem using Guid(f525580684527b147b70cf94aaa70dbc) (DefaultImporter) -> (artifact id: '35f8d6adc1fe92d630cb18996309700e') in 0.0004783 seconds
Start importing Packages/com.unity.ugui/Editor/Analytics/IAnalytic using Guid(77417b0f4cf6d334f916c64448d24133) (DefaultImporter) -> (artifact id: 'a22d0db8c8eb6d464d1b5bd50a6655ab') in 0.0005046 seconds
Start importing Packages/com.unity.ugui/Editor/TMP/PropertyDrawers using Guid(ea7c31b5b377c314db28ad3fabbbd38d) (DefaultImporter) -> (artifact id: 'ebc92ba84e6406c25f912a00cf612866') in 0.0005027 seconds
Start importing Packages/com.unity.ugui/Tests/Editor/UGUI using Guid(fae3ac1997e164d1eba5fa5c417cbefd) (DefaultImporter) -> (artifact id: 'a65f00dcb82f453aab04a0f34c97e4e8') in 0.0004856 seconds
Start importing Packages/com.unity.ugui/Tests/Editor/TMP using Guid(3ddaad49a7bcb4087b403f2225d54840) (DefaultImporter) -> (artifact id: 'dc3536d35fb2a75d225a6a19a3e6094d') in 0.0004681 seconds
Start importing Packages/com.unity.ugui/Editor/TMP/HDRP using Guid(eecc124dc0b994047aac97ccf8c8ed0a) (DefaultImporter) -> (artifact id: '5b5397f7d63b0f449a7a5706eccb0297') in 0.000508 seconds
Start importing Packages/com.unity.ugui/Runtime/UGUI/EventSystem using Guid(7f27709c942d91541be1fd6aa5cb3d78) (DefaultImporter) -> (artifact id: 'f0d60c8b7f149f215e5d223617964474') in 0.0004768 seconds
Start importing Packages/com.unity.ugui/Editor/UGUI/Properties using Guid(cf97e54bcd5479a46bdbade48da047cc) (DefaultImporter) -> (artifact id: 'bcc5e4cf73302b79631566aee946fa3b') in 0.0004833 seconds
Start importing Packages/com.unity.ugui/Tests/Runtime/UGUI/Image using Guid(1091bc2ad06e3234aac2b2fa2841c09d) (DefaultImporter) -> (artifact id: '94034d6d07fdc201b83d5943f5af1dca') in 0.0005093 seconds
Start importing Packages/com.unity.ugui/Tests/Editor/UGUI/RectMask2D using Guid(305ca32be1aa5504aa182f583895dfe4) (DefaultImporter) -> (artifact id: '5feb8431e6a2647400681c0df4eb4982') in 0.0004902 seconds
Start importing Packages/com.unity.ugui/Tests/Editor/UGUI/InputField using Guid(c16c54fe03afb5740bcc0a2a295cb79d) (DefaultImporter) -> (artifact id: 'f2549288d5f830259850c3bed852b8b1') in 0.0004702 seconds
Start importing Packages/com.unity.ugui/Runtime/UGUI/UI/Core using Guid(12c42068351bb084abde965d725b9887) (DefaultImporter) -> (artifact id: 'cacc7f0504c10a89d30473ce3cb13775') in 0.0004859 seconds
Start importing Packages/com.unity.ugui/Tests/Runtime/UGUI/Toggle using Guid(e210c8bf2e9c6514d90a1bd77586af1f) (DefaultImporter) -> (artifact id: 'dbc3a78b1232d980c5eec42316701d59') in 0.0004784 seconds
Start importing Packages/com.unity.ugui/Tests/Runtime/UGUI/Button using Guid(239dd6edc8e5cd14585c03e09e86a747) (DefaultImporter) -> (artifact id: 'ac27d701a2faade0a9eb1621f0aeec9d') in 0.0004769 seconds
Start importing Packages/com.unity.ugui/Tests/Runtime/UGUI/ScrollBar using Guid(43b1467da3d29ae4597a733828cdd84a) (DefaultImporter) -> (artifact id: '9d24d5339ee40185803e2696afc4766b') in 0.0004843 seconds
Start importing Packages/com.unity.ugui/Tests/Runtime/UGUI/Graphic using Guid(8313ea704470a264295ec9e09aec6ebc) (DefaultImporter) -> (artifact id: '08e82deac7b1e19a2c784e9398edc209') in 0.0004834 seconds
Start importing Packages/com.unity.ugui/Tests/Runtime/UGUI/TextEditor using Guid(93effba7cf7f3824ab0bd048a27a9c02) (DefaultImporter) -> (artifact id: '8eef0647cc6fb4855db6a46795a64f66') in 0.0004791 seconds
Start importing Packages/com.unity.ugui/Runtime/UGUI/EventSystem/EventData using Guid(b3cdabf2f1e76854d8aab5930305d70d) (DefaultImporter) -> (artifact id: '8277f8c996e87ca284549912a55a6cd9') in 0.0004745 seconds
Start importing Packages/com.unity.ugui/Runtime/UGUI/UI/Animation using Guid(5472815444de2ce45bf2053a4af04b9d) (DefaultImporter) -> (artifact id: '41463e8550df76b3752941ecf4af4827') in 0.0004926 seconds
Start importing Packages/com.unity.ugui/Tests/Runtime/UGUI/Slider using Guid(850af9f3bf6d14143baf2ecfbf25db52) (DefaultImporter) -> (artifact id: '437630b46a69623334e22a1b4d23d60a') in 0.0004781 seconds
Start importing Packages/com.unity.ugui/Runtime/UGUI/EventSystem/Raycasters using Guid(46646a5562f14984690c85ee7b946bc9) (DefaultImporter) -> (artifact id: 'e72938d8295fecfa581dc14542b5af2f') in 0.0005087 seconds
Start importing Packages/com.unity.ugui/Tests/Runtime/UGUI/CanvasRenderer using Guid(a69b08936f9f74179ae333a4bebe7c54) (DefaultImporter) -> (artifact id: '7671a1463691e0f5dc1af47c30eb63be') in 0.0005001 seconds
Start importing Packages/com.unity.ugui/Tests/Editor/UGUI/UI using Guid(e7689eda3a8b1a847a8b197dbe90d9a6) (DefaultImporter) -> (artifact id: '5d2bcf29f5611fa4f2365298e1243e46') in 0.0004786 seconds
Start importing Packages/com.unity.ugui/Tests/Editor/UGUI/EventSystem using Guid(98d14ab1acf42df4f88a0561822ac807) (DefaultImporter) -> (artifact id: 'bcce928e3f5b35dd22455a42941bc8ae') in 0.0004686 seconds
Start importing Packages/com.unity.ugui/Tests/Editor/UGUI/Canvas using Guid(b86b117346968ac4d9cc63e4385becb7) (DefaultImporter) -> (artifact id: '62133acf800fdf2d38044a65fa104ffd') in 0.0004888 seconds
Start importing Packages/com.unity.ugui/Tests/Editor/UGUI/UnityEvent using Guid(e90cc37a5ccf4a44dbecc5b7172ec512) (DefaultImporter) -> (artifact id: 'a0ce3d4c23b3d1b988cb587e10b1d85e') in 0.0004696 seconds
Start importing Packages/com.unity.ugui/Tests/Runtime/UGUI/InputField using Guid(2a28c2fab6b1bb745a844ef6b908e7ee) (DefaultImporter) -> (artifact id: '9dad4aba2acb736bb41bd9f498f4a598') in 0.0004851 seconds
Start importing Packages/com.unity.ugui/Tests/Runtime/UGUI/Canvas using Guid(9a3557da07c729b4eb774b8e30e157a4) (DefaultImporter) -> (artifact id: '81331dc77753752598b07804ea4cff62') in 0.0004838 seconds
Start importing Packages/com.unity.ugui/Tests/Runtime/UGUI/Dropdown using Guid(bae197be297529d4fa735fbe7c91828d) (DefaultImporter) -> (artifact id: '2aa66bb1fd732c209bdffd9958207bc3') in 0.0004697 seconds
Start importing Packages/com.unity.ugui/Tests/Runtime/UGUI/MaskClipping using Guid(2bc8a181dfd9de24388de89bb8db7713) (DefaultImporter) -> (artifact id: '0a0c449a5ca7d42ce0c9a97eda0d4d04') in 0.0004854 seconds
Start importing Packages/com.unity.ugui/Tests/Runtime/UGUI/ScrollRect using Guid(9bedab6f9886aee42b33e424bffdb640) (DefaultImporter) -> (artifact id: 'a0e08ced210bbca101c3d35c258f23e3') in 0.0004784 seconds
Start importing Packages/com.unity.ugui/Tests/Runtime/UGUI/EventSystem using Guid(ab93e1a81defc3243a6e9cd0df3cb443) (DefaultImporter) -> (artifact id: '642b7155e0374f42426082344e328a0f') in 0.0004871 seconds
Start importing Packages/com.unity.ugui/Tests/Editor/UGUI/Slider using Guid(4cfe5ade9a1375e40aed87618b92bd12) (DefaultImporter) -> (artifact id: '91a2980309d6499d37b364770f3dc35d') in 0.0004794 seconds
Start importing Packages/com.unity.ugui/Editor/UGUI/UI/PropertyDrawers using Guid(bc9aa6d5a7945f34882c442e9e201537) (DefaultImporter) -> (artifact id: '270b585cc009643c70718bcb5358bab0') in 0.0005064 seconds
Start importing Packages/com.unity.ugui/Tests/Runtime/UGUI/Layout using Guid(cc313cc004395df4a9884390556690a5) (DefaultImporter) -> (artifact id: '563d44d617bb73e3ce0b9367beb9f7f6') in 0.0004956 seconds
Start importing Packages/com.unity.ugui/Tests/Runtime/UGUI/LayoutGroup using Guid(2d9b6ff056b6f484ba6500aa8e06bcf3) (DefaultImporter) -> (artifact id: '1c3147b292d515aadba03fbf6013744b') in 0.0004799 seconds
Start importing Packages/com.unity.ugui/Runtime/UGUI/EventSystem/UIElements using Guid(5dc64c943466a44498be3b620c743b45) (DefaultImporter) -> (artifact id: '96c94b86d87620112b8e860f107d8e93') in 0.000479 seconds
Start importing Packages/com.unity.ugui/Runtime/UGUI/EventSystem/InputModules using Guid(8e78f8a8575e4a04f8337a54e241cdc5) (DefaultImporter) -> (artifact id: 'cf1e069480532a8f3dc9085bfcf71e39') in 0.0004799 seconds
Start importing Packages/com.unity.ugui/Tests/Editor/UGUI/CanvasRenderer using Guid(ae242449e9279d44789513b922d3178a) (DefaultImporter) -> (artifact id: 'ee5d432a1318ff51cc5f0f75759cfc19') in 0.0004714 seconds
Start importing Packages/com.unity.ugui/Tests/Editor/UGUI/Dropdown using Guid(1f71aeacc4a9f1a40b22a1a590331f6b) (DefaultImporter) -> (artifact id: 'f07cb706910528267c831c49a6968d8c') in 0.0004944 seconds
Start importing Packages/com.unity.ugui/Tests/Editor/UGUI/Text using Guid(4f9ac6e545d53f94b9f09c85b9576f36) (DefaultImporter) -> (artifact id: '5f05d186dcb1976da8af0bac527eb730') in 0.0004752 seconds
Start importing Packages/com.unity.ugui/Tests/Runtime/UGUI/Util using Guid(af30a361ab68260438b6ec3fb7e64500) (DefaultImporter) -> (artifact id: '2b58310aa8804f03a037a2d47189a1c9') in 0.000485 seconds
Start importing Packages/com.unity.ugui/Tests/Runtime/UGUI/NestedLayout using Guid(efad3ddb7270ac241b9b1357ec5ee2f2) (DefaultImporter) -> (artifact id: '8bbb7177cd104b80d48b4cfb1dc88884') in 0.0004832 seconds
Start importing Packages/com.unity.ugui/Tests/Editor/UGUI/UI/PropertyDrawers using Guid(24333a116497b144f9782b1160984b57) (DefaultImporter) -> (artifact id: '38a6a8db8e66efb4b3e00b0b49edce4d') in 0.000471 seconds
Start importing Packages/com.unity.ugui/Runtime/UGUI/UI/Core/Utility using Guid(d63dd1a776d383248a21ec2a8a6e7868) (DefaultImporter) -> (artifact id: 'ddf4baa864d390cb48033641e93bc3ab') in 0.0004851 seconds
Start importing Packages/com.unity.ugui/Runtime/UGUI/UI/Core/Culling using Guid(27ed3e221887b3544bd9d6505d4a789f) (DefaultImporter) -> (artifact id: 'a8414d4e7a7ce3589ca9a54f2895a3ea') in 0.0004845 seconds
Start importing Packages/com.unity.ugui/Runtime/UGUI/UI/Core/SpecializedCollections using Guid(f8ed4321a98682942b9980996131cf26) (DefaultImporter) -> (artifact id: '5a5ef29bec25f7a3bf7676116a5962c1') in 0.0004733 seconds
Start importing Packages/com.unity.ugui/Runtime/UGUI/UI/Core/Layout using Guid(1999349e7f492c947bb6eb70f624382e) (DefaultImporter) -> (artifact id: 'a8e41ce3a6fccc9c9b78c2afb86f94a6') in 0.0005743 seconds
Start importing Packages/com.unity.ugui/Tests/Runtime/UGUI/EventSystem/InputModuleTests using Guid(7a892c920c8ad2848b469ec9579c5219) (DefaultImporter) -> (artifact id: 'ddbbd39c1ecedea9952da13283fac82b') in 0.0005251 seconds
Start importing Packages/com.unity.ugui/Runtime/UGUI/UI/Core/MaterialModifiers using Guid(7c6295db74da28645bf49db58b7c9c65) (DefaultImporter) -> (artifact id: 'c8309270d25389008b80d2680377db3a') in 0.0005596 seconds
Start importing Packages/com.unity.ugui/Runtime/UGUI/UI/Core/VertexModifiers using Guid(cfa73a847eeff06448bb50a8ac6a94e0) (DefaultImporter) -> (artifact id: '4854c52cecabffb60fdd5ed9e9763c1c') in 0.000493 seconds
Start importing Packages/com.unity.ugui/Runtime/TMP/Unity.TextMeshPro.asmdef using Guid(6055be8ebefd69e48b49212b09b47b2f) (AssemblyDefinitionImporter) -> (artifact id: '755faf4d872606cabacec4dfdc775f71') in 0.0017963 seconds
Start importing Packages/com.unity.ugui/Runtime/InternalBridge/Unity.InternalAPIEngineBridge.004.asmdef using Guid(43b111c4a445f446abd2c02e77750ff5) (AssemblyDefinitionImporter) -> (artifact id: '7768f0299b485d6ebc39eb408ad5c375') in 0.0015611 seconds
Start importing Packages/com.unity.ugui/Editor/Analytics/UnityEditor.UI.Analytics.asmdef using Guid(8394c018a82352f41ae354f7bdad54e3) (AssemblyDefinitionImporter) -> (artifact id: '51a42a6dc598d685998182f7c5c967c4') in 0.0016885 seconds
Start importing Packages/com.unity.ugui/Editor/UGUI/UnityEditor.UI.asmdef using Guid(343deaaf83e0cee4ca978e7df0b80d21) (AssemblyDefinitionImporter) -> (artifact id: 'af08ec8d4d031bbff740ba61300146c5') in 0.0017773 seconds
Start importing Packages/com.unity.ugui/Editor/TMP/Unity.TextMeshPro.Editor.asmdef using Guid(6546d7765b4165b40850b3667f981c26) (AssemblyDefinitionImporter) -> (artifact id: '9560f464d4c68b2cd231f1d640031561') in 0.0017607 seconds
Start importing Packages/com.unity.ugui/Tests/Editor/TMP/Unity.TextMeshPro.Editor.Tests.asmdef using Guid(656e461844099ae43a609ff6109b0877) (AssemblyDefinitionImporter) -> (artifact id: '30072da98643a3dd2fb6cd04c1e7f82b') in 0.0016752 seconds
Start importing Packages/com.unity.ugui/Tests/Runtime/UGUI/UnityEngine.UI.Tests.asmdef using Guid(e9745f6a32442194c8dc5a43e9ab86f9) (AssemblyDefinitionImporter) -> (artifact id: '671361ac3978847d29e63ee1cf5da131') in 0.0016588 seconds
Start importing Packages/com.unity.ugui/Runtime/UGUI/UnityEngine.UI.asmdef using Guid(2bafac87e7f4b9b418d9448d219b01ab) (AssemblyDefinitionImporter) -> (artifact id: '535f7aafa4dd215a60024f56978e8d8a') in 0.0017597 seconds
Start importing Packages/com.unity.ugui/Tests/Runtime/TMP/Unity.TextMeshPro.Tests.asmdef using Guid(bb05cab7d802aa5468f8f2f86840d984) (AssemblyDefinitionImporter) -> (artifact id: '89d48fa439e205f5072672939dd03b3e') in 0.0017354 seconds
Start importing Packages/com.unity.ugui/Tests/Editor/UGUI/UnityEditor.UI.EditorTests.asmdef using Guid(7c04f0dfa9243c04681a55d90d3ff3fc) (AssemblyDefinitionImporter) -> (artifact id: 'b0030b2b8f67d12eacbc22c1af1fbac4') in 0.0016342 seconds
Start importing Packages/com.unity.modules.ui/package.ModuleCompilationTrigger using Guid(51fa60bb2bd1e5bc74e8cc95a7bfd5b7) (DefaultImporter) -> (artifact id: '237e32f9541121b786ca4b06eace0dfe') in 0.0311909 seconds
Start importing Packages/com.unity.modules.audio/package.ModuleCompilationTrigger using Guid(042dc296246916648e55a43d0eeb2036) (DefaultImporter) -> (artifact id: '93cfeb7be8bf6df4dc4fc167223dc2d5') in 0.0007054 seconds
Start importing Packages/com.unity.modules.physics/package.ModuleCompilationTrigger using Guid(5c1ee4056d0ac7ad3c5a16597fcaa38a) (DefaultImporter) -> (artifact id: '288b7a03d6481d4e92cee0ae908758ad') in 0.0006088 seconds
Start importing Packages/com.unity.modules.imgui/package.ModuleCompilationTrigger using Guid(be13c398521e3c1ad21fb9da30ab2ab6) (DefaultImporter) -> (artifact id: 'ea0574aa05344c7e80357502346d73fc') in 0.0005632 seconds
Refreshing native plugins compatible for Editor in 0.00 ms, found 0 plugins.
Native extension for WindowsStandalone target not found
ScheduleIndexationOnStartup MainProcess:True IndexOnStartup:True
Mono: successfully reloaded assembly
- Finished resetting the current domain, in  0.263 seconds
Domain Reload Profiling: 1199ms
	BeginReloadAssembly (249ms)
		ExecutionOrderSort (0ms)
		DisableScriptedObjects (18ms)
		BackupInstance (0ms)
		ReleaseScriptingObjects (0ms)
		CreateAndSetChildDomain (122ms)
	RebuildCommonClasses (25ms)
	RebuildNativeTypeToScriptingClass (8ms)
	initialDomainReloadingComplete (12ms)
	LoadAllAssembliesAndSetupDomain (641ms)
		LoadAssemblies (717ms)
		RebuildTransferFunctionScriptingTraits (0ms)
		AnalyzeDomain (11ms)
			TypeCache.Refresh (6ms)
				TypeCache.ScanAssembly (3ms)
			BuildScriptInfoCaches (2ms)
			ResolveRequiredComponents (1ms)
	FinalizeReload (264ms)
		ReleaseScriptCaches (0ms)
		RebuildScriptCaches (0ms)
		SetupLoadedEditorAssemblies (175ms)
			LogAssemblyErrors (0ms)
			InitializePlatformSupportModulesInManaged (14ms)
			SetLoadedEditorAssemblies (3ms)
			BeforeProcessingInitializeOnLoad (68ms)
			ProcessInitializeOnLoadAttributes (67ms)
			ProcessInitializeOnLoadMethodAttributes (22ms)
			AfterProcessingInitializeOnLoad (1ms)
			EditorAssembliesLoaded (0ms)
		ExecutionOrderSort2 (0ms)
		AwakeInstancesAfterBackupRestoration (22ms)
Start importing Library/BuildPlayer.prefs using Guid(00000000000000005000000000000000) (DefaultImporter) -> (artifact id: '083d37eb6b0e82b8f5c1ec86344d848d') in 0.0077415 seconds
Start importing Assets/Scenes/Demo_Main.unity using Guid(8f44937ba19466c40907b57aef208a5f) (DefaultImporter) -> (artifact id: '535b047b669b440d8272a0116f0e35d8') in 0.000716 seconds
Start importing Assets/UserContent/PlayerMech/Meshy_AI_Rose_Gold_Sentinel_0618172915_texture.glb using Guid(838a06b75f9555c48bea317f4537794a) (DefaultImporter) -> (artifact id: 'a5a94c73279c2ee7c068b89f0a343075') in 0.0035267 seconds
Start importing Packages/com.unity.ugui/Package Resources/TMP Examples & Extras.unitypackage using Guid(bc00e25696e4132499f56528d3fed2e3) (DefaultImporter) -> (artifact id: '36912524d77e494bff28eadb6545a86b') in 0.0018443 seconds
Start importing Packages/com.unity.ugui/Package Resources/TMP Essential Resources.unitypackage using Guid(ce4ff17ca867d2b48b5c8a4181611901) (DefaultImporter) -> (artifact id: 'c9b9d0e8e0d8a5df2fad0e13885ca7c4') in 0.0006158 seconds
Start importing Assets/UserContent/PlayerMech/Decimated/RoseGoldSentinel_LOD.mtl using Guid(d21c72d8aa102e8459af39d9096975ee) (DefaultImporter) -> (artifact id: '70d9192b1caedfec6900c49ff42be855') in 0.0035243 seconds
Start importing Assets/UserContent/PlayerMech/Decimated/RoseGoldSentinel_LOD_Medium.mtl using Guid(9563b74a283bff447a5878f516de329d) (DefaultImporter) -> (artifact id: '97ecdd531be3e1797ed02e585fc869a3') in 0.0005682 seconds
Start importing Assets/UserContent/PlayerMech/Decimated/RoseGoldSentinel_LOD_High.mtl using Guid(0f35909bd757f2a4f9a65369ca482c14) (DefaultImporter) -> (artifact id: '422a4790ca3db17b9e71b4662792582c') in 0.0005635 seconds
Start importing Packages/com.unity.ugui/Editor Resources/Textures/btn_AlignRight_Light.psd using Guid(e05ace3bd15740cda0bad60d89092a5b) (TextureImporter) -> (artifact id: 'bd0db8a7b34401e17fac70f14aa1c16f') in 0.0044001 seconds
Start importing Packages/com.unity.ugui/Editor Resources/Textures/btn_AlignMiddle.psd using Guid(41b96614b2e6494ba995ddcd252d11ae) (TextureImporter) -> (artifact id: 'ce7dc7ca52b4ffb152f8b3f720e7655e') in 0.0020708 seconds
Start importing Packages/com.unity.ugui/Editor Resources/Textures/btn_AlignCenter.psd using Guid(81ed8c76d2bc4a4c95d092c98af4e58f) (TextureImporter) -> (artifact id: '659ce4a5c7b7f0d81f5e876ee23d6432') in 0.0020213 seconds
Start importing Assets/UserContent/PlayerMech/Decimated/RoseGoldSentinel_LOD_Medium_baseColor.jpg using Guid(024a0aee7a71f1644ae01d0f17eba289) (TextureImporter) -> (artifact id: '93a51c109edda3c169bc5d15bbde8fe3') in 0.0817186 seconds
Start importing Packages/com.unity.ugui/Editor Resources/Textures/btn_AlignLeft_Light.psd using Guid(12736c98af174f91827a26b66d2b01b9) (TextureImporter) -> (artifact id: '2d70984b740b32048b9ab2eae573a49a') in 0.0021639 seconds
Start importing Packages/com.unity.ugui/Editor Resources/Textures/btn_AlignJustified.psd using Guid(92027f7f8cfc4feaa477da0dc38d3d46) (TextureImporter) -> (artifact id: '06fa44ae0418e7d82a00dc15bf3cc972') in 0.0020471 seconds
Start importing Packages/com.unity.ugui/Editor Resources/Textures/btn_AlignLeft.psd using Guid(9288066c33474b94b6ee5465f4df1cc0) (TextureImporter) -> (artifact id: '44890d6cf6f152813a6508f9468437b5') in 0.0019716 seconds
Start importing Packages/com.unity.ugui/Editor Resources/Textures/btn_AlignMidLine.psd using Guid(c2f7f6a88b4c4f20a53deb72f3d9144c) (TextureImporter) -> (artifact id: '91c0f1a64b37da4684aafc07251704ce') in 0.0021739 seconds
Start importing Packages/com.unity.ugui/Editor Resources/Textures/SectionHeader_Light.psd using Guid(e3b0f810fdea84e40ab4ba20f256f7e8) (TextureImporter) -> (artifact id: '5e8eaa9a3c233ca77e7cc25cd93cc406') in 0.0020277 seconds
Start importing Packages/com.unity.ugui/Editor Resources/Textures/btn_AlignRight.psd using Guid(342a0f8aca7f4f0691338912faec0494) (TextureImporter) -> (artifact id: '2e46f5000a9a97dad533dd5a5352b03d') in 0.0020495 seconds
Start importing Packages/com.unity.ugui/Editor Resources/Textures/btn_AlignFlush_Light.psd using Guid(64b9fad609434c489c32b1cdf2004a1c) (TextureImporter) -> (artifact id: 'ab200197f3b3ef1688706cf99ad90a46') in 0.0020582 seconds
Start importing Packages/com.unity.ugui/Editor Resources/Textures/btn_AlignCenterGeo_Light.psd using Guid(35ff0937876540d3bd4b6a941df62a92) (TextureImporter) -> (artifact id: 'aca0d852c9a08345e1e638a441592706') in 0.0019681 seconds
Start importing Packages/com.unity.ugui/Editor Resources/Textures/btn_AlignMiddle_Light.psd using Guid(066619c9c9c84f89acb1b48c11a7efe2) (TextureImporter) -> (artifact id: 'e48c818ae4404b865ea2b9585426d05c') in 0.0019648 seconds
Start importing Assets/UserContent/PlayerMech/Decimated/RoseGoldSentinel_LOD_baseColor.jpg using Guid(b6e1780014271be4db2afe62f3ae0057) (TextureImporter) -> (artifact id: '247ae4308f16b519d3a572a7071db89d') in 0.1216867 seconds
Start importing Packages/com.unity.ugui/Editor Resources/Gizmos/TMP - Dropdown Icon.psd using Guid(a7ec9e7ad8b847b7ae4510af83c5d868) (TextureImporter) -> (artifact id: '7e1882bee782464aa59eb0594b60f6f5') in 0.0027271 seconds
Start importing Packages/com.unity.ugui/Editor Resources/Textures/btn_AlignCenterGeo.psd using Guid(c76700ea0062413d9f69409b4e9e151b) (TextureImporter) -> (artifact id: '056c83fafe135eac44bb89b8e0849e7e') in 0.0023027 seconds
Start importing Packages/com.unity.ugui/Editor Resources/Textures/btn_AlignBaseLine_Light.psd using Guid(18775b51e3bd42299fd30bd036ea982f) (TextureImporter) -> (artifact id: 'd3f6574098cbd7890f64c4c6a5a44e02') in 0.0026142 seconds
Start importing Packages/com.unity.ugui/Editor Resources/Textures/btn_AlignTop.psd using Guid(48d034c499ee4697af9dd6e327110249) (TextureImporter) -> (artifact id: '967aa5640759c1d8bb9da284c44c8a40') in 0.0023049 seconds
Start importing Packages/com.unity.ugui/Editor Resources/Textures/btn_AlignBottom_Light.psd using Guid(585b70cb75dd43efbfead809c30a1731) (TextureImporter) -> (artifact id: 'd558aedbde7f50453fc4cd307ea07817') in 0.0022007 seconds
Start importing Packages/com.unity.ugui/Editor Resources/Textures/btn_AlignCapLine_Light.psd using Guid(49679f302ac6408697f6b9314a38985c) (TextureImporter) -> (artifact id: '35d31ca26e61c4bfdda1fc343e3eafb9') in 0.0021266 seconds
Start importing Packages/com.unity.ugui/Editor Resources/Textures/btn_AlignFlush.psd using Guid(691475c57a824010be0c6f474caeb7e1) (TextureImporter) -> (artifact id: 'bee2dc78543db0aeef652a5f2e485818') in 0.0022038 seconds
Start importing Assets/UserContent/PlayerMech/Decimated/RoseGoldSentinel_LOD_High_emissive.jpg using Guid(1a654edffc521014689b2ddf67ea5406) (TextureImporter) -> (artifact id: 'c30e8a47578c0c88cbbfbe70bf89892e') in 0.0535095 seconds
Start importing Packages/com.unity.ugui/Editor Resources/Textures/btn_AlignCenter_Light.psd using Guid(6ace62d30f494c948b71d5594afce11d) (TextureImporter) -> (artifact id: '0820c086eb2231f8398c705980fd7261') in 0.002228 seconds
Start importing Packages/com.unity.ugui/Editor Resources/Textures/btn_AlignBottom.psd using Guid(ca51b19024094d1b87f3e07edb0a75fb) (TextureImporter) -> (artifact id: '7eddcac00ea901512f581eb8442d9da2') in 0.00224 seconds
Start importing Packages/com.unity.ugui/Editor Resources/Textures/btn_AlignJustified_Light.psd using Guid(fa6bd40a216346b783a4cce741d277a5) (TextureImporter) -> (artifact id: '2a8ace8a350a8ad5587fa734a958a593') in 0.002131 seconds
Start importing Packages/com.unity.ugui/Editor Resources/Textures/btn_AlignBaseLine.psd using Guid(8bc445bb79654bf496c92d0407840a92) (TextureImporter) -> (artifact id: '8a6f53f4dfb5395c2242ad524cecfafa') in 0.0020973 seconds
Start importing Packages/com.unity.ugui/Editor Resources/Textures/btn_AlignMidline_Light.psd using Guid(bb42b2d967d6427983c901a4ffc8ecd9) (TextureImporter) -> (artifact id: 'e75ff28b961f5309520c216915b7c2fa') in 0.0021976 seconds
Start importing Assets/UserContent/PlayerMech/Decimated/RoseGoldSentinel_LOD_High_metallicSmoothness.png using Guid(db98db7b1b5d56141817d1bbcada13aa) (TextureImporter) -> (artifact id: '54f7860c26802ca4fc3d9fb032ff8bd5') in 0.0761685 seconds
Start importing Packages/com.unity.ugui/Editor Resources/Textures/SectionHeader_Dark.psd using Guid(fb5730e24283d0c489e5c7d0bee023d9) (TextureImporter) -> (artifact id: '9da7a9d672c089e353d0f893275b0a63') in 0.0023412 seconds
Start importing Assets/UserContent/PlayerMech/Decimated/RoseGoldSentinel_LOD_High_normal.jpg using Guid(7cd80c24a55e58247bf0887dc8bd0d69) (TextureImporter) -> (artifact id: '8dac2c941529cf7cba39c90b11069ec4') in 0.0778598 seconds
Start importing Packages/com.unity.ugui/Editor Resources/Gizmos/TMP - Sprite Asset Icon.psd using Guid(ec7c645d93308c04d8840982af12101e) (TextureImporter) -> (artifact id: '5019163a9106cc515f738a0940735ada') in 0.0026857 seconds
Start importing Packages/com.unity.ugui/Editor Resources/Textures/btn_AlignCapLine.psd using Guid(0d9a36012a224080966c7b55896aa0f9) (TextureImporter) -> (artifact id: '7d2332acd44796d1b9ff3dff2395ce26') in 0.0020836 seconds
Start importing Packages/com.unity.ugui/Editor Resources/Textures/btn_AlignTop_Light.psd using Guid(ed041e68439749a69d0efa0e3d896c2e) (TextureImporter) -> (artifact id: '4e8924e1423eeb510721205cb49c111c') in 0.0021134 seconds
Start importing Assets/UserContent/PlayerMech/Decimated/RoseGoldSentinel_LOD_High_baseColor.jpg using Guid(edf6052c1d8098e4980aa26725a3b1dc) (TextureImporter) -> (artifact id: '61627285197b10985907e8fec11fc3e8') in 0.0816652 seconds
Start importing Packages/com.unity.ugui/Editor Resources/Gizmos/TMP - Input Field Icon.psd using Guid(3ee40aa79cd242a5b53b0b0ca4f13f0f) (TextureImporter) -> (artifact id: '721dd97e9d8da55538e973695f303bc1') in 0.0026391 seconds
Start importing Packages/com.unity.ugui/Editor Resources/Gizmos/TMP - Font Asset Icon.psd using Guid(ee148e281f3c41c5b4ff5f8a5afe5a6c) (TextureImporter) -> (artifact id: 'ed4e5906c8b52fa8050754598dd6d2c6') in 0.0026874 seconds
Start importing Packages/com.unity.ugui/Editor Resources/Gizmos/TMP - Text Component Icon.psd using Guid(2fd6421f253b4ef1a19526541f9ffc0c) (TextureImporter) -> (artifact id: 'f7b6f73ea6c33c228f602d9b619bad42') in 0.0026095 seconds
Start importing Packages/com.unity.ugui/Editor Resources/Shaders/TMP_SDF_SSD.cginc using Guid(abe6991365a27d341a10580f3b7c0f44) (ShaderIncludeImporter) -> (artifact id: '6210c9b75bcff879a66d3acd3c6dd96f') in 0.0018639 seconds
Start importing Packages/com.unity.ugui/Editor Resources/Shaders/TMP_Properties.cginc using Guid(3c6c403084eacec478a1129ce20061ea) (ShaderIncludeImporter) -> (artifact id: '0b6510a7584c4ccb00079dbc08b3b282') in 0.0016767 seconds
Start importing Packages/com.unity.ugui/Editor Resources/Shaders/TMP_SDF Internal Editor.shader using Guid(9c442dc870b456e48b615cd8add0e9ef) (ShaderImporter)Launched and connected shader compiler UnityShaderCompiler.exe after 0.04 seconds
 -> (artifact id: '1d84de99b17eddc779fc1f69810430fa') in 0.1593876 seconds
Start importing Assets/Materials/MR_FrameGrey.mat using Guid(f05c42b0b981c0c4ca921eeb2d79106b) (NativeFormatImporter) -> (artifact id: 'fa1f79a7457faad151375c6630a13f0b') in 0.0021586 seconds
Start importing Assets/Materials/MR_ArmorWhite.mat using Guid(21f047f2282da0c42acba0d7b54b4044) (NativeFormatImporter) -> (artifact id: '655913dbb446f2883944e12a3d06d360') in 0.001912 seconds
Start importing Assets/Materials/MR_DarkMetal.mat using Guid(32f6ed5de27009d45a4f7a5d18197194) (NativeFormatImporter) -> (artifact id: '226988eeccb4b3c4f2eb6c90f7bb4acc') in 0.001723 seconds
Start importing Assets/Materials/MR_Grid.mat using Guid(e240a17667aff2d49ab9c028e978a83b) (NativeFormatImporter) -> (artifact id: '72586c05f59ae2a5555083cbbe80da96') in 0.0016817 seconds
Start importing Assets/Materials/MR_DroneGlow.mat using Guid(f3791675486de474491db50c417e0149) (NativeFormatImporter) -> (artifact id: '77e6c3f6ba0a81162067b664399ba7f0') in 0.001646 seconds
Start importing Assets/Materials/MR_EnemyRed.mat using Guid(3420d388acca57a40a4f7a7ea2805de1) (NativeFormatImporter) -> (artifact id: '5558d82cc2c59ae592b40170e45e338d') in 0.0016776 seconds
Start importing Assets/Materials/MR_Ground.mat using Guid(74f5c527bc19be24aa6e7fa70adfc344) (NativeFormatImporter) -> (artifact id: 'cd133d62688d9e05c1f16dc455ad1c74') in 0.0016633 seconds
Start importing Assets/Materials/MR_EnergyCyan.mat using Guid(f5ffb142fac6dd34cb11dbfff082851b) (NativeFormatImporter) -> (artifact id: 'b9e6c8f64587a19f6658904ffa4b6742') in 0.0016264 seconds
Start importing Assets/Materials/MR_ArmorBlue.mat using Guid(76b40db084488ca488df06136175de32) (NativeFormatImporter) -> (artifact id: '29150393fea928846685ce1b62fefec7') in 0.001651 seconds
Start importing Assets/Materials/MR_AccentRed.mat using Guid(c68b9064cd503bb4b91b25a48cb8d73c) (NativeFormatImporter) -> (artifact id: '45072b826bcec99ad920abd022d5f6ee') in 0.0015907 seconds
Start importing Assets/Materials/MR_RoseGoldSentinel_PBR.mat using Guid(f694e71e3d49af640b873e43e14fd7b6) (NativeFormatImporter) -> (artifact id: '6d1d21e8b71a076223bb21600b10344e') in 0.0016309 seconds
Start importing Assets/Materials/MR_HangarPadLight.mat using Guid(1703836e091eb414d92ee81253ac998d) (NativeFormatImporter) -> (artifact id: 'bbefcdca5ba480145467313899d6594e') in 0.0016667 seconds
Start importing Assets/Materials/MR_GoldPlaceholder.mat using Guid(1737f80dea806b64e8dbeeceaa70c06d) (NativeFormatImporter) -> (artifact id: 'f0042aa786071f7f2a420bf9c2040403') in 0.0016387 seconds
Start importing Assets/Materials/MR_HangarPad.mat using Guid(5a9c249caf25fb34cbe9307afb5e7c14) (NativeFormatImporter) -> (artifact id: '27b6d1893105cc34a97ded2c203b323d') in 0.0015907 seconds
Start importing Assets/Materials/MR_WingNavy.mat using Guid(6ad51aacb9626bc44a5e0157ed7959c9) (NativeFormatImporter) -> (artifact id: '80ba76c8644782884cf9272b58589c85') in 0.001556 seconds
Start importing Assets/Materials/MR_AntennaYellow.mat using Guid(bad0f17ae120b6f4aafccb1b924985f2) (NativeFormatImporter) -> (artifact id: '69aa148281b5c97ff4734ecfa22f78bb') in 0.0016945 seconds
Start importing Assets/Materials/MR_EnemySteel.mat using Guid(8c329d8409a61c444b5bc925212e5390) (NativeFormatImporter) -> (artifact id: '14ce7eb3c7023bfe2af7718ad2c74351') in 0.0016442 seconds
Start importing Assets/Materials/MR_EnemyGlow.mat using Guid(edf1ac6243715224fb498c48c5a4920a) (NativeFormatImporter) -> (artifact id: '62e4d09015aa40d436159fad749b3111') in 0.0016193 seconds
Start importing Assets/Materials/MR_EliteGlow.mat using Guid(fd25af442294047418547b4097d46ad5) (NativeFormatImporter) -> (artifact id: '659818146778ab5d8ee8777a032b99d2') in 0.0016986 seconds
Start importing Assets/Materials/MR_EnemyDark.mat using Guid(2eb5732528f0b4148bb7557c2581c266) (NativeFormatImporter) -> (artifact id: 'bb1a82430ffa07aa87357cd10f455ece') in 0.0016821 seconds
Start importing Assets/Materials/MR_RoseGoldPlaceholder.mat using Guid(3fbe15274164d0b4cbc046fa920a920d) (NativeFormatImporter) -> (artifact id: '90115717156a7b410056fba9bd36897e') in 0.0016557 seconds
Start importing Assets/Materials/MR_ArenaBoundary.mat using Guid(cf5d0b65bc08bd44c991ca99078932f7) (NativeFormatImporter) -> (artifact id: '4860231339fc5f1473c3b08992eb1124') in 0.001819 seconds
Start importing Assets/UserContent/PlayerMech/Decimated/RoseGoldSentinel_LOD_High.obj using Guid(d365525b64630ad43be7d9d5ca6f11b9) (FBXImporter) -> (artifact id: '5823509e45a2ac183112690486351af4') in 0.6787908 seconds
Start importing Assets/UserContent/PlayerMech/Decimated/RoseGoldSentinel_LOD_Medium.obj using Guid(149ea6c2b78a0d749b91cdc6a8c0f1f9) (FBXImporter) -> (artifact id: '754a53a7de728eb661b6f1e75d98356a') in 0.132088 seconds
Start importing Assets/UserContent/PlayerMech/Decimated/RoseGoldSentinel_LOD.obj using Guid(be8bdcbe193e9a840a3b83ead6de1df7) (FBXImporter) -> (artifact id: '32b9bac37efb0762a10ca3e04337b4f2') in 0.0465315 seconds
Start importing Assets/ScriptableObjects/Equipment/BeamRifle.asset using Guid(e1792d61152b4b14fada996ad62ff19d) (NativeFormatImporter) -> (artifact id: 'f04f6ebb9800522ff7ed4f5feaaf252d') in 0.0023408 seconds
Start importing Assets/ScriptableObjects/Equipment/MissilePod.asset using Guid(75092606de4092c48bca236d7e745e87) (NativeFormatImporter) -> (artifact id: 'a35a86e59e4451f8ef060a1450c913bb') in 0.0017743 seconds
Start importing Assets/ScriptableObjects/Equipment/Shield.asset using Guid(27e662b45d0a28a4eb16931a4ac94fcb) (NativeFormatImporter) -> (artifact id: '16dbf97b783e05012a33fb2c2a507c19') in 0.0017685 seconds
Start importing Assets/ScriptableObjects/Equipment/BoosterPack.asset using Guid(9f23857b923c9c849bf93dd560f7d560) (NativeFormatImporter) -> (artifact id: '59fdf593c60a3493e2dd4327027a91d4') in 0.0017311 seconds
Start importing Packages/com.unity.ugui/README.md using Guid(e0ae6629cc70b514889df37fccb76832) (TextScriptImporter) -> (artifact id: '44afeb028f510a9f4544ce88fd1cf112') in 0.0020284 seconds
Start importing Packages/com.unity.ugui/package.json using Guid(319b8889f363f5947acf209c17a94149) (PackageManifestImporter) -> (artifact id: '97692a42b9fe4cc4531487c49182523b') in 0.0020526 seconds
Start importing Packages/com.unity.modules.imgui/package.json using Guid(42fe78c8fe682715a2cb531422e6ccb3) (PackageManifestImporter) -> (artifact id: 'b643c636c8e55776455f8adce1983951') in 0.0018564 seconds
Start importing Packages/com.unity.ugui/PackageConversionData.json using Guid(05f5bfd584002f948982a1498890f9a9) (TextScriptImporter) -> (artifact id: 'd9e43e27959cd399247c69832ab9dc4f') in 0.0018884 seconds
Start importing Packages/com.unity.ugui/CHANGELOG.md using Guid(c851bee4305bddf438cc6ffc515991ce) (TextScriptImporter) -> (artifact id: '80aa7e1c8215b9d3824af55dd65c9c21') in 0.0018528 seconds
Start importing Packages/com.unity.modules.audio/package.json using Guid(e9df95f53f1c1d0c9199e235d6c42b50) (PackageManifestImporter) -> (artifact id: '14bdb854ae6daae762f5873a0a889a4a') in 0.0018821 seconds
Start importing Packages/com.unity.modules.physics/package.json using Guid(1a4266815e998967becf686f9c71f0a6) (PackageManifestImporter) -> (artifact id: '4fbeefd29956a8cb2b920ec02d72eda6') in 0.0019081 seconds
Start importing Assets/UserContent/PlayerMech/README_CustomMechImport.md using Guid(aa2cfc1468dee9c419905a1b59c32ae5) (TextScriptImporter) -> (artifact id: 'f7572b71487e273b2b08df36f3179511') in 0.0019452 seconds
Start importing Packages/com.unity.ugui/LICENSE.md using Guid(4d3d51749e989f747b2674e0b4d9b3d7) (TextScriptImporter) -> (artifact id: 'ae566241d6b201e35280c27d51ece7ee') in 0.0019585 seconds
Start importing Packages/com.unity.ugui/PackageConversionData_Assets.json using Guid(0e0afa652c0031c48896a97b424d027b) (TextScriptImporter) -> (artifact id: '804ed7b65d087f01b748fb71ecdd6f77') in 0.0017803 seconds
Start importing Packages/com.unity.modules.ui/package.json using Guid(bfd567a3d1631a761bca9e99fa53d86d) (PackageManifestImporter) -> (artifact id: 'b6a9b41c4f747864b57f61357f87e39b') in 0.0018424 seconds
Start importing Assets/Prefabs/Enemies/Enemy_Elite.prefab using Guid(7054ab7917ace4d4d89fdca9cc5a110f) (PrefabImporter) -> (artifact id: '5d57b7d71c102425abd6922f21db05c2') in 0.0050625 seconds
Start importing Assets/Prefabs/Enemies/Enemy_Melee.prefab using Guid(41d2ac74dcd832648830cfb2d922db1a) (PrefabImporter) -> (artifact id: 'd247594fa4930ecd47a82db14025dd6a') in 0.0034631 seconds
Start importing Assets/Prefabs/Equipment/BeamRifle_Lv3.prefab using Guid(225b2f765b71a0f498cc1e6a85cd0783) (PrefabImporter) -> (artifact id: '19c409597135ac4aa9c7bca732632f09') in 0.0027758 seconds
Start importing Assets/Prefabs/Equipment/MissilePod_Lv1.prefab using Guid(920b03e7936caa2448ec3ce7c9e9ad32) (PrefabImporter) -> (artifact id: '1bdfd1eaf266640c037d2584f683280c') in 0.0028497 seconds
Start importing Assets/Prefabs/Equipment/Shield_Lv1.prefab using Guid(b25af1a1e52af7247825820610512d77) (PrefabImporter) -> (artifact id: '71ded38fa7c7545aae4b5f8d80181235') in 0.0025181 seconds
Start importing Assets/Prefabs/Equipment/BeamRifle_Lv2.prefab using Guid(03213fd4d54c4664586465982f4844e0) (PrefabImporter) -> (artifact id: '5f7ab18773102ce6e344ec668d80b08a') in 0.0027876 seconds
Start importing Assets/Prefabs/Equipment/Shield_Lv2.prefab using Guid(63f6e323f618c9d4eaba1723ebb5d7f7) (PrefabImporter) -> (artifact id: 'e17640eae4fc8c0774ddef38b2db8e48') in 0.0025392 seconds
Start importing Assets/Prefabs/Equipment/BeamRifle_Lv1.prefab using Guid(e512600b4325ab842af017486cef6daf) (PrefabImporter) -> (artifact id: 'fded8ee0c3491e4bb7accb75e0b7fff4') in 0.0025615 seconds
Start importing Assets/Prefabs/Player/PlayerMech_Default.prefab using Guid(0638d18c88f7a974db1d8fd82f8835d2) (PrefabImporter) -> (artifact id: '582152b8f0481125848d6e581d02e6fc') in 0.0054189 seconds
Start importing Assets/Prefabs/Player/PlayerMechRoot.prefab using Guid(7669c43f8f72e1b45945f4e87fdb8973) (PrefabImporter) -> (artifact id: '4dd3007c97eda297f1607571fa7bc46a') in 0.006532 seconds
Start importing Assets/Prefabs/Enemies/Enemy_Drone.prefab using Guid(e7c2740ad51cfa843a0758ddf035ef3d) (PrefabImporter) -> (artifact id: '6559d7e6bc05401c7cacd8e2ec407838') in 0.0036165 seconds
Start importing Assets/Prefabs/Equipment/MissilePod_Lv2.prefab using Guid(a885e5a6865dcc04a931a2cbad6df5a2) (PrefabImporter) -> (artifact id: '27caae833f0fddee8dc88faede6e9665') in 0.0028034 seconds
Start importing Assets/Prefabs/Player/PlayerMech_Guest.prefab using Guid(b8d623d37cda35046b167e4cdec5b548) (PrefabImporter) -> (artifact id: 'c328f6b7acd2d0856259b661972e7c73') in 0.0033007 seconds
Start importing Assets/Prefabs/Equipment/BoosterPack_Lv2.prefab using Guid(e8f4a22e3ba8705439f29c21faba35dd) (PrefabImporter) -> (artifact id: 'c12da84ef5338038ec00e8e8c1291c6e') in 0.0027941 seconds
Start importing Assets/Prefabs/Player/RoseGoldSentinelVisual.prefab using Guid(89cb6f9139b1a7247949c8343c619fa9) (PrefabImporter) -> (artifact id: 'c801a751a020266fed02a8a09113224b') in 0.0069565 seconds
Start importing Assets/Prefabs/Equipment/Shield_Lv3.prefab using Guid(0af4f0f923569de488fc8b3d73cfd104) (PrefabImporter) -> (artifact id: 'd90c730091882665b4edd1145b39e806') in 0.0026411 seconds
Start importing Assets/Prefabs/Enemies/Enemy_Ranged.prefab using Guid(6b23af525fc086c4b8cfe3343baa6d18) (PrefabImporter) -> (artifact id: 'cc036df0be5fbe93c25fbef84792e994') in 0.0032587 seconds
Start importing Assets/Prefabs/Enemies/Boss_HeavyMech.prefab using Guid(eb503850249c7e940bcc01e60902d575) (PrefabImporter) -> (artifact id: '365abbcf3920ebbdf58c9db21ff86cd1') in 0.0039626 seconds
Start importing Assets/Prefabs/Equipment/BoosterPack_Lv3.prefab using Guid(0d2eea75ae8209e4596715f455828ea9) (PrefabImporter) -> (artifact id: '55a52a3018547c2df212f771f9d39b5a') in 0.0027093 seconds
Start importing Assets/Prefabs/Equipment/MissilePod_Lv3.prefab using Guid(0f8b9da6c514b1b40ac0527391781651) (PrefabImporter) -> (artifact id: '84017c31da3c0e28e7c4f73304217aa6') in 0.0029196 seconds
Start importing Assets/Prefabs/Equipment/BoosterPack_Lv1.prefab using Guid(7fc9e2269d906504c840f99df12d347d) (PrefabImporter) -> (artifact id: '42add7c6c4ec04c2e9a3aca224a9ad53') in 0.0025743 seconds
Launched and connected shader compiler UnityShaderCompiler.exe after 0.01 seconds
Launched and connected shader compiler UnityShaderCompiler.exe after 0.01 seconds
Loading style catalogs (6)
	StyleSheets/Extensions/base/common.uss
	UIPackageResources/StyleSheets/Default/Variables/Public/common.uss
	StyleSheets/Northstar/common.uss
	StyleSheets/Extensions/fonts/inter.uss
	StyleSheets/Extensions/base/dark.uss
	UIPackageResources/StyleSheets/Default/Northstar/Palette/dark.uss
Refreshing native plugins compatible for Editor in 0.00 ms, found 0 plugins.
Preloading 0 native plugins for Editor in 0.00 ms.
Asset Pipeline Refresh (id=9896108dfe66d8648937cf466bf3ea7f): Total: 17.748 seconds - Initiated by InitialRefreshV2(ForceSynchronousImport)
	Summary:
		Imports: total=241 (actual=241, local cache=0, cache server=0)
		Asset DB Process Time: managed=14 ms, native=2579 ms
		Asset DB Callback time: managed=97 ms, native=4988 ms
		Scripting: domain reloads=1, domain reload time=936 ms, compile time=9125 ms, other=6 ms
		Project Asset Count: scripts=132, non-scripts=109
		Asset File Changes: new=636, changed=636, moved=0, deleted=0
		Scan Filter Count: 0
	InvokeCustomDependenciesCallbacks: 0.001ms
	InvokePackagesCallback: 4665.877ms
	ApplyChangesToAssetFolders: 0.465ms
	Scan: 323.364ms
	OnSourceAssetsModified: 2.031ms
	CategorizeAssetsWithTransientArtifact: 1.032ms
	ProcessAssetsWithTransientArtifactChanges: 3.970ms
	CategorizeAssets: 1.038ms
	ImportOutOfDateAssets: 2193.478ms (-8854.567ms without children)
		ImportManagerImport: 1922.636ms (13.023ms without children)
			ImportInProcess: 1909.238ms
			UpdateCategorizedAssets: 0.375ms
		CompileScripts: 9124.963ms
		ReloadNativeAssets: 0.001ms
		UnloadImportedAssets: 0.069ms
		ReloadImportedAssets: 0.014ms
		EnsureUptoDateAssetsAreRegisteredWithGuidPM: 0.035ms
		InitializingProgressBar: 0.005ms
		PostProcessAllAssetNotificationsAddChangedAssets: 0.001ms
		OnDemandSchedulerStart: 0.323ms
	PostProcessAllAssets: 428.914ms
	Hotreload: 1.075ms
	GatherAllCurrentPrimaryArtifactRevisions: 0.022ms
	UnloadStreamsBegin: 0.954ms
	PersistCurrentRevisions: 0.127ms
	UnloadStreamsEnd: 0.022ms
	GenerateScriptTypeHashes: 0.041ms
	Untracked: 10125.146ms

Application.AssetDatabase Initial Refresh End
Scanning for USB devices : 3.766ms
Initializing Unity extensions:
[MODES] ModeService[none].Initialize
[MODES] ModeService[none].LoadModes
[MODES] Loading mode Default (0) for mode-current-id-MECH ROUGE
Unloading 3 Unused Serialized files (Serialized files now loaded: 0)
Unloading 412 unused Assets / (0.7 MB). Loaded Objects now: 1051.
Memory consumption went from 99.0 MB to 98.2 MB.
Total: 3.274600 ms (FindLiveObjects: 0.051500 ms CreateObjectMapping: 0.012300 ms MarkObjects: 2.978800 ms  DeleteObjects: 0.231100 ms)

Opening scene 'Assets/Scenes/Demo_Main.unity'
Unloading 5 Unused Serialized files (Serialized files now loaded: 0)
Loaded scene 'Assets/Scenes/Demo_Main.unity'
	Deserialize:            4.925 ms
	Integration:            9.230 ms
	Integration of assets:  0.189 ms
	Thread Wait Time:       0.010 ms
	Total Operation Time:   14.354 ms
Unloading 1 unused Assets / (0.5 KB). Loaded Objects now: 1784.
Memory consumption went from 105.0 MB to 105.0 MB.
Total: 2.849400 ms (FindLiveObjects: 0.055100 ms CreateObjectMapping: 0.014200 ms MarkObjects: 2.770100 ms  DeleteObjects: 0.009500 ms)

AUDIT_INVENTORY: 76 entries; broken=0
UnityEngine.Debug:ExtractStackTraceNoAlloc (byte*,int,string)
UnityEngine.StackTraceUtility:ExtractStackTrace ()
UnityEngine.DebugLogHandler:Internal_Log (UnityEngine.LogType,UnityEngine.LogOption,string,UnityEngine.Object)
UnityEngine.DebugLogHandler:LogFormat (UnityEngine.LogType,UnityEngine.Object,string,object[])
UnityEngine.Logger:Log (UnityEngine.LogType,object)
UnityEngine.Debug:Log (object)
ProjectAudit:Inventory () (at Assets/Editor/ProjectAudit.cs:78)
ProjectAudit:Run () (at Assets/Editor/ProjectAudit.cs:44)

(Filename: Assets/Editor/ProjectAudit.cs Line: 78)

Opening scene 'Assets/Scenes/Demo_Main.unity'
Unloading 42 Unused Serialized files (Serialized files now loaded: 0)
Loaded scene 'Assets/Scenes/Demo_Main.unity'
	Deserialize:            1.772 ms
	Integration:            3.001 ms
	Integration of assets:  0.001 ms
	Thread Wait Time:       0.009 ms
	Total Operation Time:   4.783 ms
Unloading 643 unused Assets / (0.6 MB). Loaded Objects now: 1823.
Memory consumption went from 107.8 MB to 107.2 MB.
Total: 3.079100 ms (FindLiveObjects: 0.069700 ms CreateObjectMapping: 0.020100 ms MarkObjects: 2.804500 ms  DeleteObjects: 0.184400 ms)

[Project] Loading completed in 27.130 seconds
	Project init time: 				26.709 seconds
		Template init time: 		0.000 seconds
		Package Manager init time: 		1.683 seconds
		Asset Database init time: 		0.300 seconds
		Global illumination init time: 	0.015 seconds
		Assemblies load time: 			5.854 seconds
		Unity extensions init time: 	0.000 seconds
		Asset Database refresh time: 	17.748 seconds
	Scene opening time: 			0.224 seconds
##utp:{"type":"ProjectInfo","version":2,"phase":"Immediate","time":1788574666412,"processId":14044,"projectLoad":27.130133,"projectInit":26.7089658,"templateInit":0.0,"packageManagerInit":1.6833633,"assetDatabaseInit":0.2999491,"globalIlluminationInit":0.01522,"assembliesLoad":5.8538259,"unityExtensionsInit":0.0004467,"assetDatabaseRefresh":17.7476118,"sceneOpening":0.2236258}
##utp:{"type":"EditorInfo","version":2,"phase":"Immediate","time":1788574666412,"processId":14044,"editorVersion":"6000.3.18f1 (5ebeb53e4c07)","branch":"6000.3/staging","buildType":"Release","platform":"Windows"}
Reloading assemblies for play mode.
Reloading assemblies after forced synchronous recompile.
Begin MonoManager ReloadAssembly
- Loaded All Assemblies, in  0.208 seconds
Refreshing native plugins compatible for Editor in 0.00 ms, found 0 plugins.
Native extension for WindowsStandalone target not found
ScheduleIndexationOnStartup MainProcess:True IndexOnStartup:True
Mono: successfully reloaded assembly
- Finished resetting the current domain, in  0.315 seconds
Domain Reload Profiling: 523ms
	BeginReloadAssembly (151ms)
		ExecutionOrderSort (0ms)
		DisableScriptedObjects (16ms)
		BackupInstance (0ms)
		ReleaseScriptingObjects (0ms)
		CreateAndSetChildDomain (38ms)
	RebuildCommonClasses (24ms)
	RebuildNativeTypeToScriptingClass (8ms)
	initialDomainReloadingComplete (11ms)
	LoadAllAssembliesAndSetupDomain (14ms)
		LoadAssemblies (86ms)
		RebuildTransferFunctionScriptingTraits (0ms)
		AnalyzeDomain (8ms)
			TypeCache.Refresh (2ms)
				TypeCache.ScanAssembly (0ms)
			BuildScriptInfoCaches (4ms)
			ResolveRequiredComponents (1ms)
	FinalizeReload (316ms)
		ReleaseScriptCaches (0ms)
		RebuildScriptCaches (0ms)
		SetupLoadedEditorAssemblies (190ms)
			LogAssemblyErrors (0ms)
			InitializePlatformSupportModulesInManaged (15ms)
			SetLoadedEditorAssemblies (3ms)
			BeforeProcessingInitializeOnLoad (68ms)
			ProcessInitializeOnLoadAttributes (67ms)
			ProcessInitializeOnLoadMethodAttributes (35ms)
			AfterProcessingInitializeOnLoad (1ms)
			EditorAssembliesLoaded (0ms)
		ExecutionOrderSort2 (0ms)
		AwakeInstancesAfterBackupRestoration (15ms)
Asset Pipeline Refresh (id=94c2d71552b88f94aa97b76916c9e2d4): Total: 0.555 seconds - Initiated by StopAssetImportingV2(ForceSynchronousImport | ForceDomainReload)
	Summary:
		Imports: total=0 (actual=0, local cache=0, cache server=0)
		Asset DB Process Time: managed=0 ms, native=334 ms
		Asset DB Callback time: managed=8 ms, native=0 ms
		Scripting: domain reloads=1, domain reload time=210 ms, compile time=1 ms, other=0 ms
		Project Asset Count: scripts=132, non-scripts=109
		Asset File Changes: new=0, changed=0, moved=0, deleted=0
		Scan Filter Count: 0
	InvokeCustomDependenciesCallbacks: 0.000ms
	InvokePackagesCallback: 2.629ms
	ApplyChangesToAssetFolders: 0.033ms
	Scan: 0.000ms
	OnSourceAssetsModified: 0.001ms
	CategorizeAssetsWithTransientArtifact: 0.001ms
	ProcessAssetsWithTransientArtifactChanges: 0.087ms
	CategorizeAssets: 0.759ms
	ImportOutOfDateAssets: 315.997ms (314.762ms without children)
		CompileScripts: 1.060ms
		CollectScriptTypesHashes: 0.005ms
		ReloadNativeAssets: 0.011ms
		UnloadImportedAssets: 0.029ms
		EnsureUptoDateAssetsAreRegisteredWithGuidPM: 0.022ms
		InitializingProgressBar: 0.000ms
		PostProcessAllAssetNotificationsAddChangedAssets: 0.000ms
		OnDemandSchedulerStart: 0.108ms
	PostProcessAllAssets: 8.223ms
	GatherAllCurrentPrimaryArtifactRevisions: 0.010ms
	UnloadStreamsBegin: 0.033ms
	PersistCurrentRevisions: 0.007ms
	UnloadStreamsEnd: 0.001ms
	GenerateScriptTypeHashes: 0.046ms
	Untracked: 227.182ms

Loaded scene 'Temp/__Backupscenes/0.backup'
	Deserialize:            1.285 ms
	Integration:            43.065 ms
	Integration of assets:  0.001 ms
	Thread Wait Time:       0.008 ms
	Total Operation Time:   44.359 ms
[MODES] ModeService[none].Initialize
[MODES] ModeService[none].LoadModes
[Licensing::Client] Successfully resolved entitlement details
Start Indexing on Editor startup
ArgumentOutOfRangeException: Index was out of range. Must be non-negative and less than the size of the collection.
Parameter name: index
  at System.Collections.Generic.List`1[T].get_Item (System.Int32 index) [0x00009] in <41d29b352f6a475ab1bf7c6628b82790>:0 
  at UnityEditor.Search.SearchDatabase+<EnumerateAll>d__80.MoveNext () [0x00106] in <8bfcebed71804a0bbd899b4f1cf32116>:0 
  at System.Linq.Enumerable.TryGetFirst[TSource] (System.Collections.Generic.IEnumerable`1[T] source, System.Boolean& found) [0x00045] in <80564d689e48448fa2a7101993ee7201>:0 
  at System.Linq.Enumerable.First[TSource] (System.Collections.Generic.IEnumerable`1[T] source) [0x00000] in <80564d689e48448fa2a7101993ee7201>:0 
  at UnityEditor.Search.SearchDatabase.GetDefaultSearchDatabase () [0x00006] in <8bfcebed71804a0bbd899b4f1cf32116>:0 
  at UnityEditor.Search.SearchInit.IndexationOnStartup () [0x0000c] in <8bfcebed71804a0bbd899b4f1cf32116>:0 
  at UnityEditor.EditorApplication.Internal_CallDelayFunctions () [0x0002c] in <bc66d607b6974f3a8652f3c90b953d89>:0 

Created GICache directory at C:/Users/yue/AppData/LocalLow/Unity/Caches/GiCache. Took: 0.036s, timestamps: [28.830 - 28.866]
AUDIT START hangar=True hud=False equipment=0
UnityEngine.Debug:ExtractStackTraceNoAlloc (byte*,int,string)
UnityEngine.StackTraceUtility:ExtractStackTrace ()
UnityEngine.DebugLogHandler:Internal_Log (UnityEngine.LogType,UnityEngine.LogOption,string,UnityEngine.Object)
UnityEngine.DebugLogHandler:LogFormat (UnityEngine.LogType,UnityEngine.Object,string,object[])
UnityEngine.Logger:Log (UnityEngine.LogType,object)
UnityEngine.Debug:Log (object)
ProjectAudit:Record (string) (at Assets/Editor/ProjectAudit.cs:267)
ProjectAudit/<RunScenarios>d__12:MoveNext () (at Assets/Editor/ProjectAudit.cs:122)
ProjectAudit:Tick () (at Assets/Editor/ProjectAudit.cs:109)
UnityEditor.EditorApplication:Internal_CallUpdateFunctions ()

(Filename: Assets/Editor/ProjectAudit.cs Line: 267)

AUDIT CAPTURE 01_hangar colors=180
UnityEngine.Debug:ExtractStackTraceNoAlloc (byte*,int,string)
UnityEngine.StackTraceUtility:ExtractStackTrace ()
UnityEngine.DebugLogHandler:Internal_Log (UnityEngine.LogType,UnityEngine.LogOption,string,UnityEngine.Object)
UnityEngine.DebugLogHandler:LogFormat (UnityEngine.LogType,UnityEngine.Object,string,object[])
UnityEngine.Logger:Log (UnityEngine.LogType,object)
UnityEngine.Debug:Log (object)
ProjectAudit:Record (string) (at Assets/Editor/ProjectAudit.cs:267)
ProjectAudit:Capture (string) (at Assets/Editor/ProjectAudit.cs:249)
ProjectAudit/<RunScenarios>d__12:MoveNext () (at Assets/Editor/ProjectAudit.cs:123)
ProjectAudit:Tick () (at Assets/Editor/ProjectAudit.cs:109)
UnityEditor.EditorApplication:Internal_CallUpdateFunctions ()

(Filename: Assets/Editor/ProjectAudit.cs Line: 267)

AUDIT UI_CLICK DeployButton
UnityEngine.Debug:ExtractStackTraceNoAlloc (byte*,int,string)
UnityEngine.StackTraceUtility:ExtractStackTrace ()
UnityEngine.DebugLogHandler:Internal_Log (UnityEngine.LogType,UnityEngine.LogOption,string,UnityEngine.Object)
UnityEngine.DebugLogHandler:LogFormat (UnityEngine.LogType,UnityEngine.Object,string,object[])
UnityEngine.Logger:Log (UnityEngine.LogType,object)
UnityEngine.Debug:Log (object)
ProjectAudit:Record (string) (at Assets/Editor/ProjectAudit.cs:267)
ProjectAudit:Click (string) (at Assets/Editor/ProjectAudit.cs:223)
ProjectAudit/<RunScenarios>d__12:MoveNext () (at Assets/Editor/ProjectAudit.cs:124)
ProjectAudit:Tick () (at Assets/Editor/ProjectAudit.cs:109)
UnityEditor.EditorApplication:Internal_CallUpdateFunctions ()

(Filename: Assets/Editor/ProjectAudit.cs Line: 267)

AUDIT FLOW Stage 1 - Wave 1/3 hp=180 kills=0
UnityEngine.Debug:ExtractStackTraceNoAlloc (byte*,int,string)
UnityEngine.StackTraceUtility:ExtractStackTrace ()
UnityEngine.DebugLogHandler:Internal_Log (UnityEngine.LogType,UnityEngine.LogOption,string,UnityEngine.Object)
UnityEngine.DebugLogHandler:LogFormat (UnityEngine.LogType,UnityEngine.Object,string,object[])
UnityEngine.Logger:Log (UnityEngine.LogType,object)
UnityEngine.Debug:Log (object)
ProjectAudit:Record (string) (at Assets/Editor/ProjectAudit.cs:267)
ProjectAudit/<RunScenarios>d__12:MoveNext () (at Assets/Editor/ProjectAudit.cs:140)
ProjectAudit:Tick () (at Assets/Editor/ProjectAudit.cs:109)
UnityEditor.EditorApplication:Internal_CallUpdateFunctions ()

(Filename: Assets/Editor/ProjectAudit.cs Line: 267)

AUDIT CAPTURE 02_combat colors=196
UnityEngine.Debug:ExtractStackTraceNoAlloc (byte*,int,string)
UnityEngine.StackTraceUtility:ExtractStackTrace ()
UnityEngine.DebugLogHandler:Internal_Log (UnityEngine.LogType,UnityEngine.LogOption,string,UnityEngine.Object)
UnityEngine.DebugLogHandler:LogFormat (UnityEngine.LogType,UnityEngine.Object,string,object[])
UnityEngine.Logger:Log (UnityEngine.LogType,object)
UnityEngine.Debug:Log (object)
ProjectAudit:Record (string) (at Assets/Editor/ProjectAudit.cs:267)
ProjectAudit:Capture (string) (at Assets/Editor/ProjectAudit.cs:249)
ProjectAudit/<RunScenarios>d__12:MoveNext () (at Assets/Editor/ProjectAudit.cs:171)
ProjectAudit:Tick () (at Assets/Editor/ProjectAudit.cs:109)
UnityEditor.EditorApplication:Internal_CallUpdateFunctions ()

(Filename: Assets/Editor/ProjectAudit.cs Line: 267)

AUDIT PLAYER_HIT hp=176.1325 phase=Combat damage=3.8675
UnityEngine.Debug:ExtractStackTraceNoAlloc (byte*,int,string)
UnityEngine.StackTraceUtility:ExtractStackTrace ()
UnityEngine.DebugLogHandler:Internal_Log (UnityEngine.LogType,UnityEngine.LogOption,string,UnityEngine.Object)
UnityEngine.DebugLogHandler:LogFormat (UnityEngine.LogType,UnityEngine.Object,string,object[])
UnityEngine.Logger:Log (UnityEngine.LogType,object)
UnityEngine.Debug:Log (object)
ProjectAudit:Record (string) (at Assets/Editor/ProjectAudit.cs:267)
ProjectAudit/<>c__DisplayClass12_0:<RunScenarios>b__0 (Damageable,DamageInfo) (at Assets/Editor/ProjectAudit.cs:126)
Damageable:TakeDamage (single,DamageInfo) (at Assets/Scripts/Combat/Damageable.cs:90)
EnemyBase:UpdateMelee (UnityEngine.Vector3,single) (at Assets/Scripts/Enemy/EnemyBase.cs:124)
EnemyBase:Update () (at Assets/Scripts/Enemy/EnemyBase.cs:87)

(Filename: Assets/Editor/ProjectAudit.cs Line: 267)

AUDIT PLAYER_HIT hp=172.265 phase=Combat damage=3.8675
UnityEngine.Debug:ExtractStackTraceNoAlloc (byte*,int,string)
UnityEngine.StackTraceUtility:ExtractStackTrace ()
UnityEngine.DebugLogHandler:Internal_Log (UnityEngine.LogType,UnityEngine.LogOption,string,UnityEngine.Object)
UnityEngine.DebugLogHandler:LogFormat (UnityEngine.LogType,UnityEngine.Object,string,object[])
UnityEngine.Logger:Log (UnityEngine.LogType,object)
UnityEngine.Debug:Log (object)
ProjectAudit:Record (string) (at Assets/Editor/ProjectAudit.cs:267)
ProjectAudit/<>c__DisplayClass12_0:<RunScenarios>b__0 (Damageable,DamageInfo) (at Assets/Editor/ProjectAudit.cs:126)
Damageable:TakeDamage (single,DamageInfo) (at Assets/Scripts/Combat/Damageable.cs:90)
EnemyBase:UpdateMelee (UnityEngine.Vector3,single) (at Assets/Scripts/Enemy/EnemyBase.cs:124)
EnemyBase:Update () (at Assets/Scripts/Enemy/EnemyBase.cs:87)

(Filename: Assets/Editor/ProjectAudit.cs Line: 267)

AUDIT PLAYER_HIT hp=168.3975 phase=Combat damage=3.8675
UnityEngine.Debug:ExtractStackTraceNoAlloc (byte*,int,string)
UnityEngine.StackTraceUtility:ExtractStackTrace ()
UnityEngine.DebugLogHandler:Internal_Log (UnityEngine.LogType,UnityEngine.LogOption,string,UnityEngine.Object)
UnityEngine.DebugLogHandler:LogFormat (UnityEngine.LogType,UnityEngine.Object,string,object[])
UnityEngine.Logger:Log (UnityEngine.LogType,object)
UnityEngine.Debug:Log (object)
ProjectAudit:Record (string) (at Assets/Editor/ProjectAudit.cs:267)
ProjectAudit/<>c__DisplayClass12_0:<RunScenarios>b__0 (Damageable,DamageInfo) (at Assets/Editor/ProjectAudit.cs:126)
Damageable:TakeDamage (single,DamageInfo) (at Assets/Scripts/Combat/Damageable.cs:90)
EnemyBase:UpdateMelee (UnityEngine.Vector3,single) (at Assets/Scripts/Enemy/EnemyBase.cs:124)
EnemyBase:Update () (at Assets/Scripts/Enemy/EnemyBase.cs:87)

(Filename: Assets/Editor/ProjectAudit.cs Line: 267)

AUDIT PLAYER_HIT hp=164.53 phase=Combat damage=3.8675
UnityEngine.Debug:ExtractStackTraceNoAlloc (byte*,int,string)
UnityEngine.StackTraceUtility:ExtractStackTrace ()
UnityEngine.DebugLogHandler:Internal_Log (UnityEngine.LogType,UnityEngine.LogOption,string,UnityEngine.Object)
UnityEngine.DebugLogHandler:LogFormat (UnityEngine.LogType,UnityEngine.Object,string,object[])
UnityEngine.Logger:Log (UnityEngine.LogType,object)
UnityEngine.Debug:Log (object)
ProjectAudit:Record (string) (at Assets/Editor/ProjectAudit.cs:267)
ProjectAudit/<>c__DisplayClass12_0:<RunScenarios>b__0 (Damageable,DamageInfo) (at Assets/Editor/ProjectAudit.cs:126)
Damageable:TakeDamage (single,DamageInfo) (at Assets/Scripts/Combat/Damageable.cs:90)
EnemyBase:UpdateMelee (UnityEngine.Vector3,single) (at Assets/Scripts/Enemy/EnemyBase.cs:124)
EnemyBase:Update () (at Assets/Scripts/Enemy/EnemyBase.cs:87)

(Filename: Assets/Editor/ProjectAudit.cs Line: 267)

AUDIT PLAYER_HIT hp=160.6625 phase=Combat damage=3.8675
UnityEngine.Debug:ExtractStackTraceNoAlloc (byte*,int,string)
UnityEngine.StackTraceUtility:ExtractStackTrace ()
UnityEngine.DebugLogHandler:Internal_Log (UnityEngine.LogType,UnityEngine.LogOption,string,UnityEngine.Object)
UnityEngine.DebugLogHandler:LogFormat (UnityEngine.LogType,UnityEngine.Object,string,object[])
UnityEngine.Logger:Log (UnityEngine.LogType,object)
UnityEngine.Debug:Log (object)
ProjectAudit:Record (string) (at Assets/Editor/ProjectAudit.cs:267)
ProjectAudit/<>c__DisplayClass12_0:<RunScenarios>b__0 (Damageable,DamageInfo) (at Assets/Editor/ProjectAudit.cs:126)
Damageable:TakeDamage (single,DamageInfo) (at Assets/Scripts/Combat/Damageable.cs:90)
EnemyBase:UpdateMelee (UnityEngine.Vector3,single) (at Assets/Scripts/Enemy/EnemyBase.cs:124)
EnemyBase:Update () (at Assets/Scripts/Enemy/EnemyBase.cs:87)

(Filename: Assets/Editor/ProjectAudit.cs Line: 267)

AUDIT PLAYER_HIT hp=156.795 phase=Combat damage=3.8675
UnityEngine.Debug:ExtractStackTraceNoAlloc (byte*,int,string)
UnityEngine.StackTraceUtility:ExtractStackTrace ()
UnityEngine.DebugLogHandler:Internal_Log (UnityEngine.LogType,UnityEngine.LogOption,string,UnityEngine.Object)
UnityEngine.DebugLogHandler:LogFormat (UnityEngine.LogType,UnityEngine.Object,string,object[])
UnityEngine.Logger:Log (UnityEngine.LogType,object)
UnityEngine.Debug:Log (object)
ProjectAudit:Record (string) (at Assets/Editor/ProjectAudit.cs:267)
ProjectAudit/<>c__DisplayClass12_0:<RunScenarios>b__0 (Damageable,DamageInfo) (at Assets/Editor/ProjectAudit.cs:126)
Damageable:TakeDamage (single,DamageInfo) (at Assets/Scripts/Combat/Damageable.cs:90)
EnemyBase:UpdateMelee (UnityEngine.Vector3,single) (at Assets/Scripts/Enemy/EnemyBase.cs:124)
EnemyBase:Update () (at Assets/Scripts/Enemy/EnemyBase.cs:87)

(Filename: Assets/Editor/ProjectAudit.cs Line: 267)

AUDIT PLAYER_HIT hp=152.9276 phase=Combat damage=3.8675
UnityEngine.Debug:ExtractStackTraceNoAlloc (byte*,int,string)
UnityEngine.StackTraceUtility:ExtractStackTrace ()
UnityEngine.DebugLogHandler:Internal_Log (UnityEngine.LogType,UnityEngine.LogOption,string,UnityEngine.Object)
UnityEngine.DebugLogHandler:LogFormat (UnityEngine.LogType,UnityEngine.Object,string,object[])
UnityEngine.Logger:Log (UnityEngine.LogType,object)
UnityEngine.Debug:Log (object)
ProjectAudit:Record (string) (at Assets/Editor/ProjectAudit.cs:267)
ProjectAudit/<>c__DisplayClass12_0:<RunScenarios>b__0 (Damageable,DamageInfo) (at Assets/Editor/ProjectAudit.cs:126)
Damageable:TakeDamage (single,DamageInfo) (at Assets/Scripts/Combat/Damageable.cs:90)
EnemyBase:UpdateMelee (UnityEngine.Vector3,single) (at Assets/Scripts/Enemy/EnemyBase.cs:124)
EnemyBase:Update () (at Assets/Scripts/Enemy/EnemyBase.cs:87)

(Filename: Assets/Editor/ProjectAudit.cs Line: 267)

AUDIT PLAYER_HIT hp=149.0601 phase=Combat damage=3.8675
UnityEngine.Debug:ExtractStackTraceNoAlloc (byte*,int,string)
UnityEngine.StackTraceUtility:ExtractStackTrace ()
UnityEngine.DebugLogHandler:Internal_Log (UnityEngine.LogType,UnityEngine.LogOption,string,UnityEngine.Object)
UnityEngine.DebugLogHandler:LogFormat (UnityEngine.LogType,UnityEngine.Object,string,object[])
UnityEngine.Logger:Log (UnityEngine.LogType,object)
UnityEngine.Debug:Log (object)
ProjectAudit:Record (string) (at Assets/Editor/ProjectAudit.cs:267)
ProjectAudit/<>c__DisplayClass12_0:<RunScenarios>b__0 (Damageable,DamageInfo) (at Assets/Editor/ProjectAudit.cs:126)
Damageable:TakeDamage (single,DamageInfo) (at Assets/Scripts/Combat/Damageable.cs:90)
EnemyBase:UpdateMelee (UnityEngine.Vector3,single) (at Assets/Scripts/Enemy/EnemyBase.cs:124)
EnemyBase:Update () (at Assets/Scripts/Enemy/EnemyBase.cs:87)

(Filename: Assets/Editor/ProjectAudit.cs Line: 267)

AUDIT PLAYER_HIT hp=145.1926 phase=Combat damage=3.8675
UnityEngine.Debug:ExtractStackTraceNoAlloc (byte*,int,string)
UnityEngine.StackTraceUtility:ExtractStackTrace ()
UnityEngine.DebugLogHandler:Internal_Log (UnityEngine.LogType,UnityEngine.LogOption,string,UnityEngine.Object)
UnityEngine.DebugLogHandler:LogFormat (UnityEngine.LogType,UnityEngine.Object,string,object[])
UnityEngine.Logger:Log (UnityEngine.LogType,object)
UnityEngine.Debug:Log (object)
ProjectAudit:Record (string) (at Assets/Editor/ProjectAudit.cs:267)
ProjectAudit/<>c__DisplayClass12_0:<RunScenarios>b__0 (Damageable,DamageInfo) (at Assets/Editor/ProjectAudit.cs:126)
Damageable:TakeDamage (single,DamageInfo) (at Assets/Scripts/Combat/Damageable.cs:90)
EnemyBase:UpdateMelee (UnityEngine.Vector3,single) (at Assets/Scripts/Enemy/EnemyBase.cs:124)
EnemyBase:Update () (at Assets/Scripts/Enemy/EnemyBase.cs:87)

(Filename: Assets/Editor/ProjectAudit.cs Line: 267)

AUDIT PLAYER_HIT hp=141.3251 phase=Combat damage=3.8675
UnityEngine.Debug:ExtractStackTraceNoAlloc (byte*,int,string)
UnityEngine.StackTraceUtility:ExtractStackTrace ()
UnityEngine.DebugLogHandler:Internal_Log (UnityEngine.LogType,UnityEngine.LogOption,string,UnityEngine.Object)
UnityEngine.DebugLogHandler:LogFormat (UnityEngine.LogType,UnityEngine.Object,string,object[])
UnityEngine.Logger:Log (UnityEngine.LogType,object)
UnityEngine.Debug:Log (object)
ProjectAudit:Record (string) (at Assets/Editor/ProjectAudit.cs:267)
ProjectAudit/<>c__DisplayClass12_0:<RunScenarios>b__0 (Damageable,DamageInfo) (at Assets/Editor/ProjectAudit.cs:126)
Damageable:TakeDamage (single,DamageInfo) (at Assets/Scripts/Combat/Damageable.cs:90)
EnemyBase:UpdateMelee (UnityEngine.Vector3,single) (at Assets/Scripts/Enemy/EnemyBase.cs:124)
EnemyBase:Update () (at Assets/Scripts/Enemy/EnemyBase.cs:87)

(Filename: Assets/Editor/ProjectAudit.cs Line: 267)

AUDIT PLAYER_HIT hp=137.4576 phase=Combat damage=3.8675
UnityEngine.Debug:ExtractStackTraceNoAlloc (byte*,int,string)
UnityEngine.StackTraceUtility:ExtractStackTrace ()
UnityEngine.DebugLogHandler:Internal_Log (UnityEngine.LogType,UnityEngine.LogOption,string,UnityEngine.Object)
UnityEngine.DebugLogHandler:LogFormat (UnityEngine.LogType,UnityEngine.Object,string,object[])
UnityEngine.Logger:Log (UnityEngine.LogType,object)
UnityEngine.Debug:Log (object)
ProjectAudit:Record (string) (at Assets/Editor/ProjectAudit.cs:267)
ProjectAudit/<>c__DisplayClass12_0:<RunScenarios>b__0 (Damageable,DamageInfo) (at Assets/Editor/ProjectAudit.cs:126)
Damageable:TakeDamage (single,DamageInfo) (at Assets/Scripts/Combat/Damageable.cs:90)
EnemyBase:UpdateMelee (UnityEngine.Vector3,single) (at Assets/Scripts/Enemy/EnemyBase.cs:124)
EnemyBase:Update () (at Assets/Scripts/Enemy/EnemyBase.cs:87)

(Filename: Assets/Editor/ProjectAudit.cs Line: 267)

AUDIT PLAYER_HIT hp=133.5901 phase=Combat damage=3.8675
UnityEngine.Debug:ExtractStackTraceNoAlloc (byte*,int,string)
UnityEngine.StackTraceUtility:ExtractStackTrace ()
UnityEngine.DebugLogHandler:Internal_Log (UnityEngine.LogType,UnityEngine.LogOption,string,UnityEngine.Object)
UnityEngine.DebugLogHandler:LogFormat (UnityEngine.LogType,UnityEngine.Object,string,object[])
UnityEngine.Logger:Log (UnityEngine.LogType,object)
UnityEngine.Debug:Log (object)
ProjectAudit:Record (string) (at Assets/Editor/ProjectAudit.cs:267)
ProjectAudit/<>c__DisplayClass12_0:<RunScenarios>b__0 (Damageable,DamageInfo) (at Assets/Editor/ProjectAudit.cs:126)
Damageable:TakeDamage (single,DamageInfo) (at Assets/Scripts/Combat/Damageable.cs:90)
EnemyBase:UpdateMelee (UnityEngine.Vector3,single) (at Assets/Scripts/Enemy/EnemyBase.cs:124)
EnemyBase:Update () (at Assets/Scripts/Enemy/EnemyBase.cs:87)

(Filename: Assets/Editor/ProjectAudit.cs Line: 267)

AUDIT PLAYER_HIT hp=129.7226 phase=Combat damage=3.8675
UnityEngine.Debug:ExtractStackTraceNoAlloc (byte*,int,string)
UnityEngine.StackTraceUtility:ExtractStackTrace ()
UnityEngine.DebugLogHandler:Internal_Log (UnityEngine.LogType,UnityEngine.LogOption,string,UnityEngine.Object)
UnityEngine.DebugLogHandler:LogFormat (UnityEngine.LogType,UnityEngine.Object,string,object[])
UnityEngine.Logger:Log (UnityEngine.LogType,object)
UnityEngine.Debug:Log (object)
ProjectAudit:Record (string) (at Assets/Editor/ProjectAudit.cs:267)
ProjectAudit/<>c__DisplayClass12_0:<RunScenarios>b__0 (Damageable,DamageInfo) (at Assets/Editor/ProjectAudit.cs:126)
Damageable:TakeDamage (single,DamageInfo) (at Assets/Scripts/Combat/Damageable.cs:90)
EnemyBase:UpdateMelee (UnityEngine.Vector3,single) (at Assets/Scripts/Enemy/EnemyBase.cs:124)
EnemyBase:Update () (at Assets/Scripts/Enemy/EnemyBase.cs:87)

(Filename: Assets/Editor/ProjectAudit.cs Line: 267)

AUDIT PLAYER_HIT hp=125.8551 phase=Combat damage=3.8675
UnityEngine.Debug:ExtractStackTraceNoAlloc (byte*,int,string)
UnityEngine.StackTraceUtility:ExtractStackTrace ()
UnityEngine.DebugLogHandler:Internal_Log (UnityEngine.LogType,UnityEngine.LogOption,string,UnityEngine.Object)
UnityEngine.DebugLogHandler:LogFormat (UnityEngine.LogType,UnityEngine.Object,string,object[])
UnityEngine.Logger:Log (UnityEngine.LogType,object)
UnityEngine.Debug:Log (object)
ProjectAudit:Record (string) (at Assets/Editor/ProjectAudit.cs:267)
ProjectAudit/<>c__DisplayClass12_0:<RunScenarios>b__0 (Damageable,DamageInfo) (at Assets/Editor/ProjectAudit.cs:126)
Damageable:TakeDamage (single,DamageInfo) (at Assets/Scripts/Combat/Damageable.cs:90)
EnemyBase:UpdateMelee (UnityEngine.Vector3,single) (at Assets/Scripts/Enemy/EnemyBase.cs:124)
EnemyBase:Update () (at Assets/Scripts/Enemy/EnemyBase.cs:87)

(Filename: Assets/Editor/ProjectAudit.cs Line: 267)

AUDIT PLAYER_HIT hp=121.9876 phase=Combat damage=3.8675
UnityEngine.Debug:ExtractStackTraceNoAlloc (byte*,int,string)
UnityEngine.StackTraceUtility:ExtractStackTrace ()
UnityEngine.DebugLogHandler:Internal_Log (UnityEngine.LogType,UnityEngine.LogOption,string,UnityEngine.Object)
UnityEngine.DebugLogHandler:LogFormat (UnityEngine.LogType,UnityEngine.Object,string,object[])
UnityEngine.Logger:Log (UnityEngine.LogType,object)
UnityEngine.Debug:Log (object)
ProjectAudit:Record (string) (at Assets/Editor/ProjectAudit.cs:267)
ProjectAudit/<>c__DisplayClass12_0:<RunScenarios>b__0 (Damageable,DamageInfo) (at Assets/Editor/ProjectAudit.cs:126)
Damageable:TakeDamage (single,DamageInfo) (at Assets/Scripts/Combat/Damageable.cs:90)
EnemyBase:UpdateMelee (UnityEngine.Vector3,single) (at Assets/Scripts/Enemy/EnemyBase.cs:124)
EnemyBase:Update () (at Assets/Scripts/Enemy/EnemyBase.cs:87)

(Filename: Assets/Editor/ProjectAudit.cs Line: 267)

AUDIT PLAYER_HIT hp=118.1201 phase=Combat damage=3.8675
UnityEngine.Debug:ExtractStackTraceNoAlloc (byte*,int,string)
UnityEngine.StackTraceUtility:ExtractStackTrace ()
UnityEngine.DebugLogHandler:Internal_Log (UnityEngine.LogType,UnityEngine.LogOption,string,UnityEngine.Object)
UnityEngine.DebugLogHandler:LogFormat (UnityEngine.LogType,UnityEngine.Object,string,object[])
UnityEngine.Logger:Log (UnityEngine.LogType,object)
UnityEngine.Debug:Log (object)
ProjectAudit:Record (string) (at Assets/Editor/ProjectAudit.cs:267)
ProjectAudit/<>c__DisplayClass12_0:<RunScenarios>b__0 (Damageable,DamageInfo) (at Assets/Editor/ProjectAudit.cs:126)
Damageable:TakeDamage (single,DamageInfo) (at Assets/Scripts/Combat/Damageable.cs:90)
EnemyBase:UpdateMelee (UnityEngine.Vector3,single) (at Assets/Scripts/Enemy/EnemyBase.cs:124)
EnemyBase:Update () (at Assets/Scripts/Enemy/EnemyBase.cs:87)

(Filename: Assets/Editor/ProjectAudit.cs Line: 267)

AUDIT PLAYER_HIT hp=114.2526 phase=Combat damage=3.8675
UnityEngine.Debug:ExtractStackTraceNoAlloc (byte*,int,string)
UnityEngine.StackTraceUtility:ExtractStackTrace ()
UnityEngine.DebugLogHandler:Internal_Log (UnityEngine.LogType,UnityEngine.LogOption,string,UnityEngine.Object)
UnityEngine.DebugLogHandler:LogFormat (UnityEngine.LogType,UnityEngine.Object,string,object[])
UnityEngine.Logger:Log (UnityEngine.LogType,object)
UnityEngine.Debug:Log (object)
ProjectAudit:Record (string) (at Assets/Editor/ProjectAudit.cs:267)
ProjectAudit/<>c__DisplayClass12_0:<RunScenarios>b__0 (Damageable,DamageInfo) (at Assets/Editor/ProjectAudit.cs:126)
Damageable:TakeDamage (single,DamageInfo) (at Assets/Scripts/Combat/Damageable.cs:90)
EnemyBase:UpdateMelee (UnityEngine.Vector3,single) (at Assets/Scripts/Enemy/EnemyBase.cs:124)
EnemyBase:Update () (at Assets/Scripts/Enemy/EnemyBase.cs:87)

(Filename: Assets/Editor/ProjectAudit.cs Line: 267)

AUDIT PLAYER_HIT hp=110.3851 phase=Combat damage=3.8675
UnityEngine.Debug:ExtractStackTraceNoAlloc (byte*,int,string)
UnityEngine.StackTraceUtility:ExtractStackTrace ()
UnityEngine.DebugLogHandler:Internal_Log (UnityEngine.LogType,UnityEngine.LogOption,string,UnityEngine.Object)
UnityEngine.DebugLogHandler:LogFormat (UnityEngine.LogType,UnityEngine.Object,string,object[])
UnityEngine.Logger:Log (UnityEngine.LogType,object)
UnityEngine.Debug:Log (object)
ProjectAudit:Record (string) (at Assets/Editor/ProjectAudit.cs:267)
ProjectAudit/<>c__DisplayClass12_0:<RunScenarios>b__0 (Damageable,DamageInfo) (at Assets/Editor/ProjectAudit.cs:126)
Damageable:TakeDamage (single,DamageInfo) (at Assets/Scripts/Combat/Damageable.cs:90)
EnemyBase:UpdateMelee (UnityEngine.Vector3,single) (at Assets/Scripts/Enemy/EnemyBase.cs:124)
EnemyBase:Update () (at Assets/Scripts/Enemy/EnemyBase.cs:87)

(Filename: Assets/Editor/ProjectAudit.cs Line: 267)

AUDIT PLAYER_HIT hp=106.5176 phase=Combat damage=3.8675
UnityEngine.Debug:ExtractStackTraceNoAlloc (byte*,int,string)
UnityEngine.StackTraceUtility:ExtractStackTrace ()
UnityEngine.DebugLogHandler:Internal_Log (UnityEngine.LogType,UnityEngine.LogOption,string,UnityEngine.Object)
UnityEngine.DebugLogHandler:LogFormat (UnityEngine.LogType,UnityEngine.Object,string,object[])
UnityEngine.Logger:Log (UnityEngine.LogType,object)
UnityEngine.Debug:Log (object)
ProjectAudit:Record (string) (at Assets/Editor/ProjectAudit.cs:267)
ProjectAudit/<>c__DisplayClass12_0:<RunScenarios>b__0 (Damageable,DamageInfo) (at Assets/Editor/ProjectAudit.cs:126)
Damageable:TakeDamage (single,DamageInfo) (at Assets/Scripts/Combat/Damageable.cs:90)
EnemyBase:UpdateMelee (UnityEngine.Vector3,single) (at Assets/Scripts/Enemy/EnemyBase.cs:124)
EnemyBase:Update () (at Assets/Scripts/Enemy/EnemyBase.cs:87)

(Filename: Assets/Editor/ProjectAudit.cs Line: 267)

AUDIT PLAYER_HIT hp=102.6501 phase=Combat damage=3.8675
UnityEngine.Debug:ExtractStackTraceNoAlloc (byte*,int,string)
UnityEngine.StackTraceUtility:ExtractStackTrace ()
UnityEngine.DebugLogHandler:Internal_Log (UnityEngine.LogType,UnityEngine.LogOption,string,UnityEngine.Object)
UnityEngine.DebugLogHandler:LogFormat (UnityEngine.LogType,UnityEngine.Object,string,object[])
UnityEngine.Logger:Log (UnityEngine.LogType,object)
UnityEngine.Debug:Log (object)
ProjectAudit:Record (string) (at Assets/Editor/ProjectAudit.cs:267)
ProjectAudit/<>c__DisplayClass12_0:<RunScenarios>b__0 (Damageable,DamageInfo) (at Assets/Editor/ProjectAudit.cs:126)
Damageable:TakeDamage (single,DamageInfo) (at Assets/Scripts/Combat/Damageable.cs:90)
EnemyBase:UpdateMelee (UnityEngine.Vector3,single) (at Assets/Scripts/Enemy/EnemyBase.cs:124)
EnemyBase:Update () (at Assets/Scripts/Enemy/EnemyBase.cs:87)

(Filename: Assets/Editor/ProjectAudit.cs Line: 267)

AUDIT PLAYER_HIT hp=98.78259 phase=Combat damage=3.8675
UnityEngine.Debug:ExtractStackTraceNoAlloc (byte*,int,string)
UnityEngine.StackTraceUtility:ExtractStackTrace ()
UnityEngine.DebugLogHandler:Internal_Log (UnityEngine.LogType,UnityEngine.LogOption,string,UnityEngine.Object)
UnityEngine.DebugLogHandler:LogFormat (UnityEngine.LogType,UnityEngine.Object,string,object[])
UnityEngine.Logger:Log (UnityEngine.LogType,object)
UnityEngine.Debug:Log (object)
ProjectAudit:Record (string) (at Assets/Editor/ProjectAudit.cs:267)
ProjectAudit/<>c__DisplayClass12_0:<RunScenarios>b__0 (Damageable,DamageInfo) (at Assets/Editor/ProjectAudit.cs:126)
Damageable:TakeDamage (single,DamageInfo) (at Assets/Scripts/Combat/Damageable.cs:90)
EnemyBase:UpdateMelee (UnityEngine.Vector3,single) (at Assets/Scripts/Enemy/EnemyBase.cs:124)
EnemyBase:Update () (at Assets/Scripts/Enemy/EnemyBase.cs:87)

(Filename: Assets/Editor/ProjectAudit.cs Line: 267)

AUDIT PLAYER_HIT hp=94.91509 phase=Combat damage=3.8675
UnityEngine.Debug:ExtractStackTraceNoAlloc (byte*,int,string)
UnityEngine.StackTraceUtility:ExtractStackTrace ()
UnityEngine.DebugLogHandler:Internal_Log (UnityEngine.LogType,UnityEngine.LogOption,string,UnityEngine.Object)
UnityEngine.DebugLogHandler:LogFormat (UnityEngine.LogType,UnityEngine.Object,string,object[])
UnityEngine.Logger:Log (UnityEngine.LogType,object)
UnityEngine.Debug:Log (object)
ProjectAudit:Record (string) (at Assets/Editor/ProjectAudit.cs:267)
ProjectAudit/<>c__DisplayClass12_0:<RunScenarios>b__0 (Damageable,DamageInfo) (at Assets/Editor/ProjectAudit.cs:126)
Damageable:TakeDamage (single,DamageInfo) (at Assets/Scripts/Combat/Damageable.cs:90)
EnemyBase:UpdateMelee (UnityEngine.Vector3,single) (at Assets/Scripts/Enemy/EnemyBase.cs:124)
EnemyBase:Update () (at Assets/Scripts/Enemy/EnemyBase.cs:87)

(Filename: Assets/Editor/ProjectAudit.cs Line: 267)

AUDIT PLAYER_HIT hp=91.04759 phase=Combat damage=3.8675
UnityEngine.Debug:ExtractStackTraceNoAlloc (byte*,int,string)
UnityEngine.StackTraceUtility:ExtractStackTrace ()
UnityEngine.DebugLogHandler:Internal_Log (UnityEngine.LogType,UnityEngine.LogOption,string,UnityEngine.Object)
UnityEngine.DebugLogHandler:LogFormat (UnityEngine.LogType,UnityEngine.Object,string,object[])
UnityEngine.Logger:Log (UnityEngine.LogType,object)
UnityEngine.Debug:Log (object)
ProjectAudit:Record (string) (at Assets/Editor/ProjectAudit.cs:267)
ProjectAudit/<>c__DisplayClass12_0:<RunScenarios>b__0 (Damageable,DamageInfo) (at Assets/Editor/ProjectAudit.cs:126)
Damageable:TakeDamage (single,DamageInfo) (at Assets/Scripts/Combat/Damageable.cs:90)
EnemyBase:UpdateMelee (UnityEngine.Vector3,single) (at Assets/Scripts/Enemy/EnemyBase.cs:124)
EnemyBase:Update () (at Assets/Scripts/Enemy/EnemyBase.cs:87)

(Filename: Assets/Editor/ProjectAudit.cs Line: 267)

AUDIT PLAYER_HIT hp=87.18009 phase=Combat damage=3.8675
UnityEngine.Debug:ExtractStackTraceNoAlloc (byte*,int,string)
UnityEngine.StackTraceUtility:ExtractStackTrace ()
UnityEngine.DebugLogHandler:Internal_Log (UnityEngine.LogType,UnityEngine.LogOption,string,UnityEngine.Object)
UnityEngine.DebugLogHandler:LogFormat (UnityEngine.LogType,UnityEngine.Object,string,object[])
UnityEngine.Logger:Log (UnityEngine.LogType,object)
UnityEngine.Debug:Log (object)
ProjectAudit:Record (string) (at Assets/Editor/ProjectAudit.cs:267)
ProjectAudit/<>c__DisplayClass12_0:<RunScenarios>b__0 (Damageable,DamageInfo) (at Assets/Editor/ProjectAudit.cs:126)
Damageable:TakeDamage (single,DamageInfo) (at Assets/Scripts/Combat/Damageable.cs:90)
EnemyBase:UpdateMelee (UnityEngine.Vector3,single) (at Assets/Scripts/Enemy/EnemyBase.cs:124)
EnemyBase:Update () (at Assets/Scripts/Enemy/EnemyBase.cs:87)

(Filename: Assets/Editor/ProjectAudit.cs Line: 267)

AUDIT PLAYER_HIT hp=83.31259 phase=Combat damage=3.8675
UnityEngine.Debug:ExtractStackTraceNoAlloc (byte*,int,string)
UnityEngine.StackTraceUtility:ExtractStackTrace ()
UnityEngine.DebugLogHandler:Internal_Log (UnityEngine.LogType,UnityEngine.LogOption,string,UnityEngine.Object)
UnityEngine.DebugLogHandler:LogFormat (UnityEngine.LogType,UnityEngine.Object,string,object[])
UnityEngine.Logger:Log (UnityEngine.LogType,object)
UnityEngine.Debug:Log (object)
ProjectAudit:Record (string) (at Assets/Editor/ProjectAudit.cs:267)
ProjectAudit/<>c__DisplayClass12_0:<RunScenarios>b__0 (Damageable,DamageInfo) (at Assets/Editor/ProjectAudit.cs:126)
Damageable:TakeDamage (single,DamageInfo) (at Assets/Scripts/Combat/Damageable.cs:90)
EnemyBase:UpdateMelee (UnityEngine.Vector3,single) (at Assets/Scripts/Enemy/EnemyBase.cs:124)
EnemyBase:Update () (at Assets/Scripts/Enemy/EnemyBase.cs:87)

(Filename: Assets/Editor/ProjectAudit.cs Line: 267)

AUDIT PLAYER_HIT hp=79.44509 phase=Combat damage=3.8675
UnityEngine.Debug:ExtractStackTraceNoAlloc (byte*,int,string)
UnityEngine.StackTraceUtility:ExtractStackTrace ()
UnityEngine.DebugLogHandler:Internal_Log (UnityEngine.LogType,UnityEngine.LogOption,string,UnityEngine.Object)
UnityEngine.DebugLogHandler:LogFormat (UnityEngine.LogType,UnityEngine.Object,string,object[])
UnityEngine.Logger:Log (UnityEngine.LogType,object)
UnityEngine.Debug:Log (object)
ProjectAudit:Record (string) (at Assets/Editor/ProjectAudit.cs:267)
ProjectAudit/<>c__DisplayClass12_0:<RunScenarios>b__0 (Damageable,DamageInfo) (at Assets/Editor/ProjectAudit.cs:126)
Damageable:TakeDamage (single,DamageInfo) (at Assets/Scripts/Combat/Damageable.cs:90)
EnemyBase:UpdateMelee (UnityEngine.Vector3,single) (at Assets/Scripts/Enemy/EnemyBase.cs:124)
EnemyBase:Update () (at Assets/Scripts/Enemy/EnemyBase.cs:87)

(Filename: Assets/Editor/ProjectAudit.cs Line: 267)

AUDIT PLAYER_HIT hp=75.57759 phase=Combat damage=3.8675
UnityEngine.Debug:ExtractStackTraceNoAlloc (byte*,int,string)
UnityEngine.StackTraceUtility:ExtractStackTrace ()
UnityEngine.DebugLogHandler:Internal_Log (UnityEngine.LogType,UnityEngine.LogOption,string,UnityEngine.Object)
UnityEngine.DebugLogHandler:LogFormat (UnityEngine.LogType,UnityEngine.Object,string,object[])
UnityEngine.Logger:Log (UnityEngine.LogType,object)
UnityEngine.Debug:Log (object)
ProjectAudit:Record (string) (at Assets/Editor/ProjectAudit.cs:267)
ProjectAudit/<>c__DisplayClass12_0:<RunScenarios>b__0 (Damageable,DamageInfo) (at Assets/Editor/ProjectAudit.cs:126)
Damageable:TakeDamage (single,DamageInfo) (at Assets/Scripts/Combat/Damageable.cs:90)
EnemyBase:UpdateMelee (UnityEngine.Vector3,single) (at Assets/Scripts/Enemy/EnemyBase.cs:124)
EnemyBase:Update () (at Assets/Scripts/Enemy/EnemyBase.cs:87)

(Filename: Assets/Editor/ProjectAudit.cs Line: 267)

AUDIT PLAYER_HIT hp=71.71009 phase=Combat damage=3.8675
UnityEngine.Debug:ExtractStackTraceNoAlloc (byte*,int,string)
UnityEngine.StackTraceUtility:ExtractStackTrace ()
UnityEngine.DebugLogHandler:Internal_Log (UnityEngine.LogType,UnityEngine.LogOption,string,UnityEngine.Object)
UnityEngine.DebugLogHandler:LogFormat (UnityEngine.LogType,UnityEngine.Object,string,object[])
UnityEngine.Logger:Log (UnityEngine.LogType,object)
UnityEngine.Debug:Log (object)
ProjectAudit:Record (string) (at Assets/Editor/ProjectAudit.cs:267)
ProjectAudit/<>c__DisplayClass12_0:<RunScenarios>b__0 (Damageable,DamageInfo) (at Assets/Editor/ProjectAudit.cs:126)
Damageable:TakeDamage (single,DamageInfo) (at Assets/Scripts/Combat/Damageable.cs:90)
EnemyBase:UpdateMelee (UnityEngine.Vector3,single) (at Assets/Scripts/Enemy/EnemyBase.cs:124)
EnemyBase:Update () (at Assets/Scripts/Enemy/EnemyBase.cs:87)

(Filename: Assets/Editor/ProjectAudit.cs Line: 267)

AUDIT PLAYER_HIT hp=67.84259 phase=Combat damage=3.8675
UnityEngine.Debug:ExtractStackTraceNoAlloc (byte*,int,string)
UnityEngine.StackTraceUtility:ExtractStackTrace ()
UnityEngine.DebugLogHandler:Internal_Log (UnityEngine.LogType,UnityEngine.LogOption,string,UnityEngine.Object)
UnityEngine.DebugLogHandler:LogFormat (UnityEngine.LogType,UnityEngine.Object,string,object[])
UnityEngine.Logger:Log (UnityEngine.LogType,object)
UnityEngine.Debug:Log (object)
ProjectAudit:Record (string) (at Assets/Editor/ProjectAudit.cs:267)
ProjectAudit/<>c__DisplayClass12_0:<RunScenarios>b__0 (Damageable,DamageInfo) (at Assets/Editor/ProjectAudit.cs:126)
Damageable:TakeDamage (single,DamageInfo) (at Assets/Scripts/Combat/Damageable.cs:90)
EnemyBase:UpdateMelee (UnityEngine.Vector3,single) (at Assets/Scripts/Enemy/EnemyBase.cs:124)
EnemyBase:Update () (at Assets/Scripts/Enemy/EnemyBase.cs:87)

(Filename: Assets/Editor/ProjectAudit.cs Line: 267)

AUDIT PLAYER_HIT hp=63.97509 phase=Combat damage=3.8675
UnityEngine.Debug:ExtractStackTraceNoAlloc (byte*,int,string)
UnityEngine.StackTraceUtility:ExtractStackTrace ()
UnityEngine.DebugLogHandler:Internal_Log (UnityEngine.LogType,UnityEngine.LogOption,string,UnityEngine.Object)
UnityEngine.DebugLogHandler:LogFormat (UnityEngine.LogType,UnityEngine.Object,string,object[])
UnityEngine.Logger:Log (UnityEngine.LogType,object)
UnityEngine.Debug:Log (object)
ProjectAudit:Record (string) (at Assets/Editor/ProjectAudit.cs:267)
ProjectAudit/<>c__DisplayClass12_0:<RunScenarios>b__0 (Damageable,DamageInfo) (at Assets/Editor/ProjectAudit.cs:126)
Damageable:TakeDamage (single,DamageInfo) (at Assets/Scripts/Combat/Damageable.cs:90)
EnemyBase:UpdateMelee (UnityEngine.Vector3,single) (at Assets/Scripts/Enemy/EnemyBase.cs:124)
EnemyBase:Update () (at Assets/Scripts/Enemy/EnemyBase.cs:87)

(Filename: Assets/Editor/ProjectAudit.cs Line: 267)

AUDIT PLAYER_HIT hp=60.10759 phase=Combat damage=3.8675
UnityEngine.Debug:ExtractStackTraceNoAlloc (byte*,int,string)
UnityEngine.StackTraceUtility:ExtractStackTrace ()
UnityEngine.DebugLogHandler:Internal_Log (UnityEngine.LogType,UnityEngine.LogOption,string,UnityEngine.Object)
UnityEngine.DebugLogHandler:LogFormat (UnityEngine.LogType,UnityEngine.Object,string,object[])
UnityEngine.Logger:Log (UnityEngine.LogType,object)
UnityEngine.Debug:Log (object)
ProjectAudit:Record (string) (at Assets/Editor/ProjectAudit.cs:267)
ProjectAudit/<>c__DisplayClass12_0:<RunScenarios>b__0 (Damageable,DamageInfo) (at Assets/Editor/ProjectAudit.cs:126)
Damageable:TakeDamage (single,DamageInfo) (at Assets/Scripts/Combat/Damageable.cs:90)
EnemyBase:UpdateMelee (UnityEngine.Vector3,single) (at Assets/Scripts/Enemy/EnemyBase.cs:124)
EnemyBase:Update () (at Assets/Scripts/Enemy/EnemyBase.cs:87)

(Filename: Assets/Editor/ProjectAudit.cs Line: 267)

AUDIT PLAYER_HIT hp=56.24009 phase=Combat damage=3.8675
UnityEngine.Debug:ExtractStackTraceNoAlloc (byte*,int,string)
UnityEngine.StackTraceUtility:ExtractStackTrace ()
UnityEngine.DebugLogHandler:Internal_Log (UnityEngine.LogType,UnityEngine.LogOption,string,UnityEngine.Object)
UnityEngine.DebugLogHandler:LogFormat (UnityEngine.LogType,UnityEngine.Object,string,object[])
UnityEngine.Logger:Log (UnityEngine.LogType,object)
UnityEngine.Debug:Log (object)
ProjectAudit:Record (string) (at Assets/Editor/ProjectAudit.cs:267)
ProjectAudit/<>c__DisplayClass12_0:<RunScenarios>b__0 (Damageable,DamageInfo) (at Assets/Editor/ProjectAudit.cs:126)
Damageable:TakeDamage (single,DamageInfo) (at Assets/Scripts/Combat/Damageable.cs:90)
EnemyBase:UpdateMelee (UnityEngine.Vector3,single) (at Assets/Scripts/Enemy/EnemyBase.cs:124)
EnemyBase:Update () (at Assets/Scripts/Enemy/EnemyBase.cs:87)

(Filename: Assets/Editor/ProjectAudit.cs Line: 267)

AUDIT PLAYER_HIT hp=52.37259 phase=Combat damage=3.8675
UnityEngine.Debug:ExtractStackTraceNoAlloc (byte*,int,string)
UnityEngine.StackTraceUtility:ExtractStackTrace ()
UnityEngine.DebugLogHandler:Internal_Log (UnityEngine.LogType,UnityEngine.LogOption,string,UnityEngine.Object)
UnityEngine.DebugLogHandler:LogFormat (UnityEngine.LogType,UnityEngine.Object,string,object[])
UnityEngine.Logger:Log (UnityEngine.LogType,object)
UnityEngine.Debug:Log (object)
ProjectAudit:Record (string) (at Assets/Editor/ProjectAudit.cs:267)
ProjectAudit/<>c__DisplayClass12_0:<RunScenarios>b__0 (Damageable,DamageInfo) (at Assets/Editor/ProjectAudit.cs:126)
Damageable:TakeDamage (single,DamageInfo) (at Assets/Scripts/Combat/Damageable.cs:90)
EnemyBase:UpdateMelee (UnityEngine.Vector3,single) (at Assets/Scripts/Enemy/EnemyBase.cs:124)
EnemyBase:Update () (at Assets/Scripts/Enemy/EnemyBase.cs:87)

(Filename: Assets/Editor/ProjectAudit.cs Line: 267)

AUDIT PLAYER_HIT hp=48.50509 phase=Combat damage=3.8675
UnityEngine.Debug:ExtractStackTraceNoAlloc (byte*,int,string)
UnityEngine.StackTraceUtility:ExtractStackTrace ()
UnityEngine.DebugLogHandler:Internal_Log (UnityEngine.LogType,UnityEngine.LogOption,string,UnityEngine.Object)
UnityEngine.DebugLogHandler:LogFormat (UnityEngine.LogType,UnityEngine.Object,string,object[])
UnityEngine.Logger:Log (UnityEngine.LogType,object)
UnityEngine.Debug:Log (object)
ProjectAudit:Record (string) (at Assets/Editor/ProjectAudit.cs:267)
ProjectAudit/<>c__DisplayClass12_0:<RunScenarios>b__0 (Damageable,DamageInfo) (at Assets/Editor/ProjectAudit.cs:126)
Damageable:TakeDamage (single,DamageInfo) (at Assets/Scripts/Combat/Damageable.cs:90)
EnemyBase:UpdateMelee (UnityEngine.Vector3,single) (at Assets/Scripts/Enemy/EnemyBase.cs:124)
EnemyBase:Update () (at Assets/Scripts/Enemy/EnemyBase.cs:87)

(Filename: Assets/Editor/ProjectAudit.cs Line: 267)

AUDIT PLAYER_HIT hp=44.63759 phase=Combat damage=3.8675
UnityEngine.Debug:ExtractStackTraceNoAlloc (byte*,int,string)
UnityEngine.StackTraceUtility:ExtractStackTrace ()
UnityEngine.DebugLogHandler:Internal_Log (UnityEngine.LogType,UnityEngine.LogOption,string,UnityEngine.Object)
UnityEngine.DebugLogHandler:LogFormat (UnityEngine.LogType,UnityEngine.Object,string,object[])
UnityEngine.Logger:Log (UnityEngine.LogType,object)
UnityEngine.Debug:Log (object)
ProjectAudit:Record (string) (at Assets/Editor/ProjectAudit.cs:267)
ProjectAudit/<>c__DisplayClass12_0:<RunScenarios>b__0 (Damageable,DamageInfo) (at Assets/Editor/ProjectAudit.cs:126)
Damageable:TakeDamage (single,DamageInfo) (at Assets/Scripts/Combat/Damageable.cs:90)
EnemyBase:UpdateMelee (UnityEngine.Vector3,single) (at Assets/Scripts/Enemy/EnemyBase.cs:124)
EnemyBase:Update () (at Assets/Scripts/Enemy/EnemyBase.cs:87)

(Filename: Assets/Editor/ProjectAudit.cs Line: 267)

AUDIT PLAYER_HIT hp=40.77009 phase=Combat damage=3.8675
UnityEngine.Debug:ExtractStackTraceNoAlloc (byte*,int,string)
UnityEngine.StackTraceUtility:ExtractStackTrace ()
UnityEngine.DebugLogHandler:Internal_Log (UnityEngine.LogType,UnityEngine.LogOption,string,UnityEngine.Object)
UnityEngine.DebugLogHandler:LogFormat (UnityEngine.LogType,UnityEngine.Object,string,object[])
UnityEngine.Logger:Log (UnityEngine.LogType,object)
UnityEngine.Debug:Log (object)
ProjectAudit:Record (string) (at Assets/Editor/ProjectAudit.cs:267)
ProjectAudit/<>c__DisplayClass12_0:<RunScenarios>b__0 (Damageable,DamageInfo) (at Assets/Editor/ProjectAudit.cs:126)
Damageable:TakeDamage (single,DamageInfo) (at Assets/Scripts/Combat/Damageable.cs:90)
EnemyBase:UpdateMelee (UnityEngine.Vector3,single) (at Assets/Scripts/Enemy/EnemyBase.cs:124)
EnemyBase:Update () (at Assets/Scripts/Enemy/EnemyBase.cs:87)

(Filename: Assets/Editor/ProjectAudit.cs Line: 267)

AUDIT PLAYER_HIT hp=36.90259 phase=Combat damage=3.8675
UnityEngine.Debug:ExtractStackTraceNoAlloc (byte*,int,string)
UnityEngine.StackTraceUtility:ExtractStackTrace ()
UnityEngine.DebugLogHandler:Internal_Log (UnityEngine.LogType,UnityEngine.LogOption,string,UnityEngine.Object)
UnityEngine.DebugLogHandler:LogFormat (UnityEngine.LogType,UnityEngine.Object,string,object[])
UnityEngine.Logger:Log (UnityEngine.LogType,object)
UnityEngine.Debug:Log (object)
ProjectAudit:Record (string) (at Assets/Editor/ProjectAudit.cs:267)
ProjectAudit/<>c__DisplayClass12_0:<RunScenarios>b__0 (Damageable,DamageInfo) (at Assets/Editor/ProjectAudit.cs:126)
Damageable:TakeDamage (single,DamageInfo) (at Assets/Scripts/Combat/Damageable.cs:90)
EnemyBase:UpdateMelee (UnityEngine.Vector3,single) (at Assets/Scripts/Enemy/EnemyBase.cs:124)
EnemyBase:Update () (at Assets/Scripts/Enemy/EnemyBase.cs:87)

(Filename: Assets/Editor/ProjectAudit.cs Line: 267)

AUDIT PLAYER_HIT hp=33.03509 phase=Combat damage=3.8675
UnityEngine.Debug:ExtractStackTraceNoAlloc (byte*,int,string)
UnityEngine.StackTraceUtility:ExtractStackTrace ()
UnityEngine.DebugLogHandler:Internal_Log (UnityEngine.LogType,UnityEngine.LogOption,string,UnityEngine.Object)
UnityEngine.DebugLogHandler:LogFormat (UnityEngine.LogType,UnityEngine.Object,string,object[])
UnityEngine.Logger:Log (UnityEngine.LogType,object)
UnityEngine.Debug:Log (object)
ProjectAudit:Record (string) (at Assets/Editor/ProjectAudit.cs:267)
ProjectAudit/<>c__DisplayClass12_0:<RunScenarios>b__0 (Damageable,DamageInfo) (at Assets/Editor/ProjectAudit.cs:126)
Damageable:TakeDamage (single,DamageInfo) (at Assets/Scripts/Combat/Damageable.cs:90)
EnemyBase:UpdateMelee (UnityEngine.Vector3,single) (at Assets/Scripts/Enemy/EnemyBase.cs:124)
EnemyBase:Update () (at Assets/Scripts/Enemy/EnemyBase.cs:87)

(Filename: Assets/Editor/ProjectAudit.cs Line: 267)

AUDIT PLAYER_HIT hp=29.16759 phase=Combat damage=3.8675
UnityEngine.Debug:ExtractStackTraceNoAlloc (byte*,int,string)
UnityEngine.StackTraceUtility:ExtractStackTrace ()
UnityEngine.DebugLogHandler:Internal_Log (UnityEngine.LogType,UnityEngine.LogOption,string,UnityEngine.Object)
UnityEngine.DebugLogHandler:LogFormat (UnityEngine.LogType,UnityEngine.Object,string,object[])
UnityEngine.Logger:Log (UnityEngine.LogType,object)
UnityEngine.Debug:Log (object)
ProjectAudit:Record (string) (at Assets/Editor/ProjectAudit.cs:267)
ProjectAudit/<>c__DisplayClass12_0:<RunScenarios>b__0 (Damageable,DamageInfo) (at Assets/Editor/ProjectAudit.cs:126)
Damageable:TakeDamage (single,DamageInfo) (at Assets/Scripts/Combat/Damageable.cs:90)
EnemyBase:UpdateMelee (UnityEngine.Vector3,single) (at Assets/Scripts/Enemy/EnemyBase.cs:124)
EnemyBase:Update () (at Assets/Scripts/Enemy/EnemyBase.cs:87)

(Filename: Assets/Editor/ProjectAudit.cs Line: 267)

AUDIT PLAYER_HIT hp=25.30009 phase=Combat damage=3.8675
UnityEngine.Debug:ExtractStackTraceNoAlloc (byte*,int,string)
UnityEngine.StackTraceUtility:ExtractStackTrace ()
UnityEngine.DebugLogHandler:Internal_Log (UnityEngine.LogType,UnityEngine.LogOption,string,UnityEngine.Object)
UnityEngine.DebugLogHandler:LogFormat (UnityEngine.LogType,UnityEngine.Object,string,object[])
UnityEngine.Logger:Log (UnityEngine.LogType,object)
UnityEngine.Debug:Log (object)
ProjectAudit:Record (string) (at Assets/Editor/ProjectAudit.cs:267)
ProjectAudit/<>c__DisplayClass12_0:<RunScenarios>b__0 (Damageable,DamageInfo) (at Assets/Editor/ProjectAudit.cs:126)
Damageable:TakeDamage (single,DamageInfo) (at Assets/Scripts/Combat/Damageable.cs:90)
EnemyBase:UpdateMelee (UnityEngine.Vector3,single) (at Assets/Scripts/Enemy/EnemyBase.cs:124)
EnemyBase:Update () (at Assets/Scripts/Enemy/EnemyBase.cs:87)

(Filename: Assets/Editor/ProjectAudit.cs Line: 267)

AUDIT PLAYER_HIT hp=21.43259 phase=Combat damage=3.8675
UnityEngine.Debug:ExtractStackTraceNoAlloc (byte*,int,string)
UnityEngine.StackTraceUtility:ExtractStackTrace ()
UnityEngine.DebugLogHandler:Internal_Log (UnityEngine.LogType,UnityEngine.LogOption,string,UnityEngine.Object)
UnityEngine.DebugLogHandler:LogFormat (UnityEngine.LogType,UnityEngine.Object,string,object[])
UnityEngine.Logger:Log (UnityEngine.LogType,object)
UnityEngine.Debug:Log (object)
ProjectAudit:Record (string) (at Assets/Editor/ProjectAudit.cs:267)
ProjectAudit/<>c__DisplayClass12_0:<RunScenarios>b__0 (Damageable,DamageInfo) (at Assets/Editor/ProjectAudit.cs:126)
Damageable:TakeDamage (single,DamageInfo) (at Assets/Scripts/Combat/Damageable.cs:90)
EnemyBase:UpdateMelee (UnityEngine.Vector3,single) (at Assets/Scripts/Enemy/EnemyBase.cs:124)
EnemyBase:Update () (at Assets/Scripts/Enemy/EnemyBase.cs:87)

(Filename: Assets/Editor/ProjectAudit.cs Line: 267)

AUDIT PLAYER_HIT hp=17.56509 phase=Combat damage=3.8675
UnityEngine.Debug:ExtractStackTraceNoAlloc (byte*,int,string)
UnityEngine.StackTraceUtility:ExtractStackTrace ()
UnityEngine.DebugLogHandler:Internal_Log (UnityEngine.LogType,UnityEngine.LogOption,string,UnityEngine.Object)
UnityEngine.DebugLogHandler:LogFormat (UnityEngine.LogType,UnityEngine.Object,string,object[])
UnityEngine.Logger:Log (UnityEngine.LogType,object)
UnityEngine.Debug:Log (object)
ProjectAudit:Record (string) (at Assets/Editor/ProjectAudit.cs:267)
ProjectAudit/<>c__DisplayClass12_0:<RunScenarios>b__0 (Damageable,DamageInfo) (at Assets/Editor/ProjectAudit.cs:126)
Damageable:TakeDamage (single,DamageInfo) (at Assets/Scripts/Combat/Damageable.cs:90)
EnemyBase:UpdateMelee (UnityEngine.Vector3,single) (at Assets/Scripts/Enemy/EnemyBase.cs:124)
EnemyBase:Update () (at Assets/Scripts/Enemy/EnemyBase.cs:87)

(Filename: Assets/Editor/ProjectAudit.cs Line: 267)

AUDIT PLAYER_HIT hp=13.69759 phase=Combat damage=3.8675
UnityEngine.Debug:ExtractStackTraceNoAlloc (byte*,int,string)
UnityEngine.StackTraceUtility:ExtractStackTrace ()
UnityEngine.DebugLogHandler:Internal_Log (UnityEngine.LogType,UnityEngine.LogOption,string,UnityEngine.Object)
UnityEngine.DebugLogHandler:LogFormat (UnityEngine.LogType,UnityEngine.Object,string,object[])
UnityEngine.Logger:Log (UnityEngine.LogType,object)
UnityEngine.Debug:Log (object)
ProjectAudit:Record (string) (at Assets/Editor/ProjectAudit.cs:267)
ProjectAudit/<>c__DisplayClass12_0:<RunScenarios>b__0 (Damageable,DamageInfo) (at Assets/Editor/ProjectAudit.cs:126)
Damageable:TakeDamage (single,DamageInfo) (at Assets/Scripts/Combat/Damageable.cs:90)
EnemyBase:UpdateMelee (UnityEngine.Vector3,single) (at Assets/Scripts/Enemy/EnemyBase.cs:124)
EnemyBase:Update () (at Assets/Scripts/Enemy/EnemyBase.cs:87)

(Filename: Assets/Editor/ProjectAudit.cs Line: 267)

AUDIT PLAYER_HIT hp=9.830086 phase=Combat damage=3.8675
UnityEngine.Debug:ExtractStackTraceNoAlloc (byte*,int,string)
UnityEngine.StackTraceUtility:ExtractStackTrace ()
UnityEngine.DebugLogHandler:Internal_Log (UnityEngine.LogType,UnityEngine.LogOption,string,UnityEngine.Object)
UnityEngine.DebugLogHandler:LogFormat (UnityEngine.LogType,UnityEngine.Object,string,object[])
UnityEngine.Logger:Log (UnityEngine.LogType,object)
UnityEngine.Debug:Log (object)
ProjectAudit:Record (string) (at Assets/Editor/ProjectAudit.cs:267)
ProjectAudit/<>c__DisplayClass12_0:<RunScenarios>b__0 (Damageable,DamageInfo) (at Assets/Editor/ProjectAudit.cs:126)
Damageable:TakeDamage (single,DamageInfo) (at Assets/Scripts/Combat/Damageable.cs:90)
EnemyBase:UpdateMelee (UnityEngine.Vector3,single) (at Assets/Scripts/Enemy/EnemyBase.cs:124)
EnemyBase:Update () (at Assets/Scripts/Enemy/EnemyBase.cs:87)

(Filename: Assets/Editor/ProjectAudit.cs Line: 267)

AUDIT PLAYER_HIT hp=5.962585 phase=Combat damage=3.8675
UnityEngine.Debug:ExtractStackTraceNoAlloc (byte*,int,string)
UnityEngine.StackTraceUtility:ExtractStackTrace ()
UnityEngine.DebugLogHandler:Internal_Log (UnityEngine.LogType,UnityEngine.LogOption,string,UnityEngine.Object)
UnityEngine.DebugLogHandler:LogFormat (UnityEngine.LogType,UnityEngine.Object,string,object[])
UnityEngine.Logger:Log (UnityEngine.LogType,object)
UnityEngine.Debug:Log (object)
ProjectAudit:Record (string) (at Assets/Editor/ProjectAudit.cs:267)
ProjectAudit/<>c__DisplayClass12_0:<RunScenarios>b__0 (Damageable,DamageInfo) (at Assets/Editor/ProjectAudit.cs:126)
Damageable:TakeDamage (single,DamageInfo) (at Assets/Scripts/Combat/Damageable.cs:90)
EnemyBase:UpdateMelee (UnityEngine.Vector3,single) (at Assets/Scripts/Enemy/EnemyBase.cs:124)
EnemyBase:Update () (at Assets/Scripts/Enemy/EnemyBase.cs:87)

(Filename: Assets/Editor/ProjectAudit.cs Line: 267)

AUDIT PLAYER_HIT hp=2.095085 phase=Combat damage=3.8675
UnityEngine.Debug:ExtractStackTraceNoAlloc (byte*,int,string)
UnityEngine.StackTraceUtility:ExtractStackTrace ()
UnityEngine.DebugLogHandler:Internal_Log (UnityEngine.LogType,UnityEngine.LogOption,string,UnityEngine.Object)
UnityEngine.DebugLogHandler:LogFormat (UnityEngine.LogType,UnityEngine.Object,string,object[])
UnityEngine.Logger:Log (UnityEngine.LogType,object)
UnityEngine.Debug:Log (object)
ProjectAudit:Record (string) (at Assets/Editor/ProjectAudit.cs:267)
ProjectAudit/<>c__DisplayClass12_0:<RunScenarios>b__0 (Damageable,DamageInfo) (at Assets/Editor/ProjectAudit.cs:126)
Damageable:TakeDamage (single,DamageInfo) (at Assets/Scripts/Combat/Damageable.cs:90)
EnemyBase:UpdateMelee (UnityEngine.Vector3,single) (at Assets/Scripts/Enemy/EnemyBase.cs:124)
EnemyBase:Update () (at Assets/Scripts/Enemy/EnemyBase.cs:87)

(Filename: Assets/Editor/ProjectAudit.cs Line: 267)

AUDIT PLAYER_HIT hp=0 phase=Combat damage=3.8675
UnityEngine.Debug:ExtractStackTraceNoAlloc (byte*,int,string)
UnityEngine.StackTraceUtility:ExtractStackTrace ()
UnityEngine.DebugLogHandler:Internal_Log (UnityEngine.LogType,UnityEngine.LogOption,string,UnityEngine.Object)
UnityEngine.DebugLogHandler:LogFormat (UnityEngine.LogType,UnityEngine.Object,string,object[])
UnityEngine.Logger:Log (UnityEngine.LogType,object)
UnityEngine.Debug:Log (object)
ProjectAudit:Record (string) (at Assets/Editor/ProjectAudit.cs:267)
ProjectAudit/<>c__DisplayClass12_0:<RunScenarios>b__0 (Damageable,DamageInfo) (at Assets/Editor/ProjectAudit.cs:126)
Damageable:TakeDamage (single,DamageInfo) (at Assets/Scripts/Combat/Damageable.cs:90)
EnemyBase:UpdateMelee (UnityEngine.Vector3,single) (at Assets/Scripts/Enemy/EnemyBase.cs:124)
EnemyBase:Update () (at Assets/Scripts/Enemy/EnemyBase.cs:87)

(Filename: Assets/Editor/ProjectAudit.cs Line: 267)

AUDIT CAPTURE 05_result colors=134
UnityEngine.Debug:ExtractStackTraceNoAlloc (byte*,int,string)
UnityEngine.StackTraceUtility:ExtractStackTrace ()
UnityEngine.DebugLogHandler:Internal_Log (UnityEngine.LogType,UnityEngine.LogOption,string,UnityEngine.Object)
UnityEngine.DebugLogHandler:LogFormat (UnityEngine.LogType,UnityEngine.Object,string,object[])
UnityEngine.Logger:Log (UnityEngine.LogType,object)
UnityEngine.Debug:Log (object)
ProjectAudit:Record (string) (at Assets/Editor/ProjectAudit.cs:267)
ProjectAudit:Capture (string) (at Assets/Editor/ProjectAudit.cs:249)
ProjectAudit/<RunScenarios>d__12:MoveNext () (at Assets/Editor/ProjectAudit.cs:176)
ProjectAudit:Tick () (at Assets/Editor/ProjectAudit.cs:109)
UnityEditor.EditorApplication:Internal_CallUpdateFunctions ()

(Filename: Assets/Editor/ProjectAudit.cs Line: 267)

AUDIT LIVE_FIRE_RESULT phase=Result hp=0 kills=0 shots=129 choices=0 kinds=Melee boss=False phase2=False seconds=23.63032
UnityEngine.Debug:ExtractStackTraceNoAlloc (byte*,int,string)
UnityEngine.StackTraceUtility:ExtractStackTrace ()
UnityEngine.DebugLogHandler:Internal_Log (UnityEngine.LogType,UnityEngine.LogOption,string,UnityEngine.Object)
UnityEngine.DebugLogHandler:LogFormat (UnityEngine.LogType,UnityEngine.Object,string,object[])
UnityEngine.Logger:Log (UnityEngine.LogType,object)
UnityEngine.Debug:Log (object)
ProjectAudit:Record (string) (at Assets/Editor/ProjectAudit.cs:267)
ProjectAudit/<RunScenarios>d__12:MoveNext () (at Assets/Editor/ProjectAudit.cs:177)
ProjectAudit:Tick () (at Assets/Editor/ProjectAudit.cs:109)
UnityEditor.EditorApplication:Internal_CallUpdateFunctions ()

(Filename: Assets/Editor/ProjectAudit.cs Line: 267)

AUDIT FRAME_OBSERVATION samples=90401 avg_ms=0.2392345 p95_ms=0.3070011 note=editor+audit_logic+uncapped_not_benchmark
UnityEngine.Debug:ExtractStackTraceNoAlloc (byte*,int,string)
UnityEngine.StackTraceUtility:ExtractStackTrace ()
UnityEngine.DebugLogHandler:Internal_Log (UnityEngine.LogType,UnityEngine.LogOption,string,UnityEngine.Object)
UnityEngine.DebugLogHandler:LogFormat (UnityEngine.LogType,UnityEngine.Object,string,object[])
UnityEngine.Logger:Log (UnityEngine.LogType,object)
UnityEngine.Debug:Log (object)
ProjectAudit:Record (string) (at Assets/Editor/ProjectAudit.cs:267)
ProjectAudit/<RunScenarios>d__12:MoveNext () (at Assets/Editor/ProjectAudit.cs:179)
ProjectAudit:Tick () (at Assets/Editor/ProjectAudit.cs:109)
UnityEditor.EditorApplication:Internal_CallUpdateFunctions ()

(Filename: Assets/Editor/ProjectAudit.cs Line: 267)

Unloading 7 Unused Serialized files (Serialized files now loaded: 0)
UnloadTime: 2.510600 ms
Loaded scene 'Temp/__Backupscenes/0.backup'
	Deserialize:            1.105 ms
	Integration:            12.773 ms
	Integration of assets:  0.002 ms
	Thread Wait Time:       0.009 ms
	Total Operation Time:   13.888 ms
Unloading 387 unused Assets / (1.1 MB). Loaded Objects now: 1942.
Memory consumption went from 191.6 MB to 190.6 MB.
Total: 3.584600 ms (FindLiveObjects: 0.095500 ms CreateObjectMapping: 0.016600 ms MarkObjects: 3.187600 ms  DeleteObjects: 0.284300 ms)

AUDIT RESTART hangar=True hp=180 upgrades=Upgrades: none
UnityEngine.Debug:ExtractStackTraceNoAlloc (byte*,int,string)
UnityEngine.StackTraceUtility:ExtractStackTrace ()
UnityEngine.DebugLogHandler:Internal_Log (UnityEngine.LogType,UnityEngine.LogOption,string,UnityEngine.Object)
UnityEngine.DebugLogHandler:LogFormat (UnityEngine.LogType,UnityEngine.Object,string,object[])
UnityEngine.Logger:Log (UnityEngine.LogType,object)
UnityEngine.Debug:Log (object)
ProjectAudit:Record (string) (at Assets/Editor/ProjectAudit.cs:267)
ProjectAudit/<RunScenarios>d__12:MoveNext () (at Assets/Editor/ProjectAudit.cs:184)
ProjectAudit:Tick () (at Assets/Editor/ProjectAudit.cs:109)
UnityEditor.EditorApplication:Internal_CallUpdateFunctions ()

(Filename: Assets/Editor/ProjectAudit.cs Line: 267)

AUDIT UI_CLICK DeployButton
UnityEngine.Debug:ExtractStackTraceNoAlloc (byte*,int,string)
UnityEngine.StackTraceUtility:ExtractStackTrace ()
UnityEngine.DebugLogHandler:Internal_Log (UnityEngine.LogType,UnityEngine.LogOption,string,UnityEngine.Object)
UnityEngine.DebugLogHandler:LogFormat (UnityEngine.LogType,UnityEngine.Object,string,object[])
UnityEngine.Logger:Log (UnityEngine.LogType,object)
UnityEngine.Debug:Log (object)
ProjectAudit:Record (string) (at Assets/Editor/ProjectAudit.cs:267)
ProjectAudit:Click (string) (at Assets/Editor/ProjectAudit.cs:223)
ProjectAudit/<RunScenarios>d__12:MoveNext () (at Assets/Editor/ProjectAudit.cs:186)
ProjectAudit:Tick () (at Assets/Editor/ProjectAudit.cs:109)
UnityEditor.EditorApplication:Internal_CallUpdateFunctions ()

(Filename: Assets/Editor/ProjectAudit.cs Line: 267)

AUDIT REWARD_PROTECTION hp_before=180 hp_after=163.425 phase=Reward
UnityEngine.Debug:ExtractStackTraceNoAlloc (byte*,int,string)
UnityEngine.StackTraceUtility:ExtractStackTrace ()
UnityEngine.DebugLogHandler:Internal_Log (UnityEngine.LogType,UnityEngine.LogOption,string,UnityEngine.Object)
UnityEngine.DebugLogHandler:LogFormat (UnityEngine.LogType,UnityEngine.Object,string,object[])
UnityEngine.Logger:Log (UnityEngine.LogType,object)
UnityEngine.Debug:Log (object)
ProjectAudit:Record (string) (at Assets/Editor/ProjectAudit.cs:267)
ProjectAudit/<RunScenarios>d__12:MoveNext () (at Assets/Editor/ProjectAudit.cs:197)
ProjectAudit:Tick () (at Assets/Editor/ProjectAudit.cs:109)
UnityEditor.EditorApplication:Internal_CallUpdateFunctions ()

(Filename: Assets/Editor/ProjectAudit.cs Line: 267)

AUDIT CAPTURE 06_reward_damage colors=217
UnityEngine.Debug:ExtractStackTraceNoAlloc (byte*,int,string)
UnityEngine.StackTraceUtility:ExtractStackTrace ()
UnityEngine.DebugLogHandler:Internal_Log (UnityEngine.LogType,UnityEngine.LogOption,string,UnityEngine.Object)
UnityEngine.DebugLogHandler:LogFormat (UnityEngine.LogType,UnityEngine.Object,string,object[])
UnityEngine.Logger:Log (UnityEngine.LogType,object)
UnityEngine.Debug:Log (object)
ProjectAudit:Record (string) (at Assets/Editor/ProjectAudit.cs:267)
ProjectAudit:Capture (string) (at Assets/Editor/ProjectAudit.cs:249)
ProjectAudit/<RunScenarios>d__12:MoveNext () (at Assets/Editor/ProjectAudit.cs:198)
ProjectAudit:Tick () (at Assets/Editor/ProjectAudit.cs:109)
UnityEditor.EditorApplication:Internal_CallUpdateFunctions ()

(Filename: Assets/Editor/ProjectAudit.cs Line: 267)

Unloading 1 Unused Serialized files (Serialized files now loaded: 0)
UnloadTime: 0.683700 ms
Loaded scene 'Temp/__Backupscenes/0.backup'
	Deserialize:            1.684 ms
	Integration:            10.531 ms
	Integration of assets:  0.064 ms
	Thread Wait Time:       0.010 ms
	Total Operation Time:   12.288 ms
Unloading 77 unused Assets / (0.6 MB). Loaded Objects now: 1942.
Memory consumption went from 190.4 MB to 189.8 MB.
Total: 3.211300 ms (FindLiveObjects: 0.064800 ms CreateObjectMapping: 0.014400 ms MarkObjects: 3.069000 ms  DeleteObjects: 0.062600 ms)

AUDIT UI_CLICK DeployButton
UnityEngine.Debug:ExtractStackTraceNoAlloc (byte*,int,string)
UnityEngine.StackTraceUtility:ExtractStackTrace ()
UnityEngine.DebugLogHandler:Internal_Log (UnityEngine.LogType,UnityEngine.LogOption,string,UnityEngine.Object)
UnityEngine.DebugLogHandler:LogFormat (UnityEngine.LogType,UnityEngine.Object,string,object[])
UnityEngine.Logger:Log (UnityEngine.LogType,object)
UnityEngine.Debug:Log (object)
ProjectAudit:Record (string) (at Assets/Editor/ProjectAudit.cs:267)
ProjectAudit:Click (string) (at Assets/Editor/ProjectAudit.cs:223)
ProjectAudit/<RunScenarios>d__12:MoveNext () (at Assets/Editor/ProjectAudit.cs:203)
ProjectAudit:Tick () (at Assets/Editor/ProjectAudit.cs:109)
UnityEditor.EditorApplication:Internal_CallUpdateFunctions ()

(Filename: Assets/Editor/ProjectAudit.cs Line: 267)

AUDIT DEFEAT phase=Result hp=0 enemies_before=0 enemies_after=3 hud=True result_buttons=0
UnityEngine.Debug:ExtractStackTraceNoAlloc (byte*,int,string)
UnityEngine.StackTraceUtility:ExtractStackTrace ()
UnityEngine.DebugLogHandler:Internal_Log (UnityEngine.LogType,UnityEngine.LogOption,string,UnityEngine.Object)
UnityEngine.DebugLogHandler:LogFormat (UnityEngine.LogType,UnityEngine.Object,string,object[])
UnityEngine.Logger:Log (UnityEngine.LogType,object)
UnityEngine.Debug:Log (object)
ProjectAudit:Record (string) (at Assets/Editor/ProjectAudit.cs:267)
ProjectAudit/<RunScenarios>d__12:MoveNext () (at Assets/Editor/ProjectAudit.cs:209)
ProjectAudit:Tick () (at Assets/Editor/ProjectAudit.cs:109)
UnityEditor.EditorApplication:Internal_CallUpdateFunctions ()

(Filename: Assets/Editor/ProjectAudit.cs Line: 267)

AUDIT CAPTURE 07_defeat colors=194
UnityEngine.Debug:ExtractStackTraceNoAlloc (byte*,int,string)
UnityEngine.StackTraceUtility:ExtractStackTrace ()
UnityEngine.DebugLogHandler:Internal_Log (UnityEngine.LogType,UnityEngine.LogOption,string,UnityEngine.Object)
UnityEngine.DebugLogHandler:LogFormat (UnityEngine.LogType,UnityEngine.Object,string,object[])
UnityEngine.Logger:Log (UnityEngine.LogType,object)
UnityEngine.Debug:Log (object)
ProjectAudit:Record (string) (at Assets/Editor/ProjectAudit.cs:267)
ProjectAudit:Capture (string) (at Assets/Editor/ProjectAudit.cs:249)
ProjectAudit/<RunScenarios>d__12:MoveNext () (at Assets/Editor/ProjectAudit.cs:210)
ProjectAudit:Tick () (at Assets/Editor/ProjectAudit.cs:109)
UnityEditor.EditorApplication:Internal_CallUpdateFunctions ()

(Filename: Assets/Editor/ProjectAudit.cs Line: 267)

Unloading 1 Unused Serialized files (Serialized files now loaded: 0)
UnloadTime: 0.728400 ms
Loaded scene 'Temp/__Backupscenes/0.backup'
	Deserialize:            1.531 ms
	Integration:            10.829 ms
	Integration of assets:  0.070 ms
	Thread Wait Time:       0.008 ms
	Total Operation Time:   12.438 ms
Unloading 83 unused Assets / (312.0 KB). Loaded Objects now: 1942.
Memory consumption went from 190.1 MB to 189.8 MB.
Total: 3.161100 ms (FindLiveObjects: 0.071800 ms CreateObjectMapping: 0.013900 ms MarkObjects: 2.994300 ms  DeleteObjects: 0.080600 ms)

AUDIT DEFEAT_RESTART hangar=True
UnityEngine.Debug:ExtractStackTraceNoAlloc (byte*,int,string)
UnityEngine.StackTraceUtility:ExtractStackTrace ()
UnityEngine.DebugLogHandler:Internal_Log (UnityEngine.LogType,UnityEngine.LogOption,string,UnityEngine.Object)
UnityEngine.DebugLogHandler:LogFormat (UnityEngine.LogType,UnityEngine.Object,string,object[])
UnityEngine.Logger:Log (UnityEngine.LogType,object)
UnityEngine.Debug:Log (object)
ProjectAudit:Record (string) (at Assets/Editor/ProjectAudit.cs:267)
ProjectAudit/<RunScenarios>d__12:MoveNext () (at Assets/Editor/ProjectAudit.cs:214)
ProjectAudit:Tick () (at Assets/Editor/ProjectAudit.cs:109)
UnityEditor.EditorApplication:Internal_CallUpdateFunctions ()

(Filename: Assets/Editor/ProjectAudit.cs Line: 267)

AUDIT_FINISHED code=0
UnityEngine.Debug:ExtractStackTraceNoAlloc (byte*,int,string)
UnityEngine.StackTraceUtility:ExtractStackTrace ()
UnityEngine.DebugLogHandler:Internal_Log (UnityEngine.LogType,UnityEngine.LogOption,string,UnityEngine.Object)
UnityEngine.DebugLogHandler:LogFormat (UnityEngine.LogType,UnityEngine.Object,string,object[])
UnityEngine.Logger:Log (UnityEngine.LogType,object)
UnityEngine.Debug:Log (object)
ProjectAudit:Finish (int) (at Assets/Editor/ProjectAudit.cs:276)
ProjectAudit:Tick () (at Assets/Editor/ProjectAudit.cs:109)
UnityEditor.EditorApplication:Internal_CallUpdateFunctions ()

(Filename: Assets/Editor/ProjectAudit.cs Line: 276)

[Physics::Module] Cleanup current backend.
[Physics::Module] Id: 0xf2b8ea05
Input System module state changed to: ShutdownInProgress.
Input System polling thread exited.
Input System module state changed to: Shutdown.
[Licensing::IpcConnector] LicenseClient-yue-notifications channel disconnected successfully.
[Licensing::IpcConnector] LicenseClient-yue channel disconnected successfully.
AcceleratorClientConnectionCallback - disconnected - :0
Cleanup mono
Checking for leaked weakptr:
  Found no leaked weakptrs.
[Package Manager] Server process was shutdown
##utp:{"type":"MemoryLeaks","version":2,"phase":"Immediate","time":1788574694582,"processId":14044,"allocatedMemory":10639116,"memoryLabels":[{"Default":29313},{"Permanent":15236},{"NewDelete":68555},{"Thread":4237960},{"Manager":36701},{"VertexData":8},{"Geometry":816},{"Texture":296},{"Shader":79653},{"Material":24},{"GfxDevice":58632},{"Animation":392},{"Audio":2664},{"FreeType":8},{"FontEngine":736},{"Physics":2146},{"Physics2D":16},{"Serialization":720},{"Input":14984},{"JobScheduler":33024},{"TextLib":216},{"Mono":32},{"ScriptingNativeRuntime":155060},{"BaseObject":1619888},{"Resource":1336},{"Renderer":3000},{"Transform":4685},{"File":3941},{"WebCam":616},{"Culling":32},{"Terrain":11394},{"Wind":24},{"STL":40},{"String":78119},{"DynamicArray":88090},{"HashMap":61718},{"Utility":2661910},{"Curl":3097},{"PoolAlloc":2056},{"AI":80},{"TypeTree":11341},{"ScriptManager":512},{"RuntimeInitializeOnLoadManager":64},{"SpriteAtlas":112},{"GI":7792},{"Director":8240},{"CloudService":24768},{"WebRequest":808},{"VR":47994},{"SceneManager":504},{"Video":208},{"LazyScriptCache":32},{"Camera":17},{"Secure":2377},{"Image":16384},{"SerializationCache":1576},{"APIUpdating":10320},{"Subsystems":336},{"VirtualTexturing":57888},{"StaticSafetyDebugInfo":278528},{"Analytics":384},{"Hierarchy":608},{"CoreStats":13112},{"Identifiers":6480},{"Gui":96},{"EditorUtility":361604},{"VersionControl":4},{"Undo":947},{"AssetDatabase":463264},{"EditorGi":328},{"UnityConnect":29232},{"Upm":1896},{"AssetCompliance":64},{"DrivenProperties":72},{"LocalIPC":209},{"ProfilerEditor":9746},{"CoreBusinessMetrics":2859},{"Licensing":1232},{"AssetReference":32},{"IPCStream":32}]}
